2025/09/12 08:11:49Z TRACE [msg.payload] {"id":506,"hb":8}
2025/09/12 08:11:49Z TRACE [msg.payload] {"id":506,"comp":0,"evap":{"in":24.8,"out":24.3,"fan":80},"cond":{"in":25.2,"out":25.1,"fan":100}}
2025/09/12 08:11:50Z TRACE [msg.payload] {"id":506,"hb":9}
2025/09/12 08:11:50Z TRACE [msg.payload] {"id":506,"comp":0,"evap":{"in":25.5,"out":24.3,"fan":80},"cond":{"in":25.1,"out":25.2,"fan":100}}
2025/09/12 08:11:51Z TRACE [msg.payload] {"id":506,"hb":10}
2025/09/12 08:11:51Z TRACE [msg.payload] {"id":506,"comp":0,"evap":{"in":25.5,"out":24.4,"fan":80},"cond":{"in":25.2,"out":24.8,"fan":100}}
2025/09/12 08:11:52Z TRACE [msg.payload] {"id":506,"hb":11}
2025/09/12 08:11:52Z TRACE [msg.payload] {"id":506,"comp":0,"evap":{"in":24.8,"out":24,"fan":80},"cond":{"in":24,"out":25,"fan":100}}
2025/09/12 08:11:53Z TRACE [msg.payload] {"id":506,"hb":12}
2025/09/12 08:11:53Z TRACE [msg.payload] {"id":506,"comp":0,"evap":{"in":25.2,"out":24,"fan":80},"cond":{"in":24.5,"out":24.5,"fan":100}}
2025/09/12 08:11:54Z TRACE [msg.payload] {"id":506,"hb":13}
2025/09/12 08:11:54Z TRACE [msg.payload] {"id":506,"comp":0,"evap":{"in":25.6,"out":24.2,"fan":80},"cond":{"in":25.2,"out":25.2,"fan":100}}
2025/09/12 08:11:55Z TRACE [msg.payload] {"id":506,"hb":14}
2025/09/12 08:11:55Z TRACE [msg.payload] {"id":506,"comp":0,"evap":{"in":25.4,"out":24.2,"fan":80},"cond":{"in":25.5,"out":24.9,"fan":100}}
2025/09/12 08:11:56Z TRACE [msg.payload] {"id":506,"hb":15}
2025/09/12 08:11:56Z TRACE [msg.payload] {"id":506,"comp":0,"evap":{"in":25.3,"out":23.8,"fan":80},"cond":{"in":25.3,"out":24.6,"fan":100}}
2025/09/12 08:11:57Z TRACE [msg.payload] {"id":506,"hb":16}
2025/09/12 08:11:57Z TRACE [msg.payload] {"id":506,"comp":0,"evap":{"in":25.2,"out":23.8,"fan":80},"cond":{"in":25.2,"out":21.7,"fan":100}}
2025/09/12 08:11:58Z TRACE [msg.payload] {"id":506,"hb":17}
2025/09/12 08:11:58Z TRACE [msg.payload] {"id":506,"comp":0,"evap":{"in":25.5,"out":23.2,"fan":80},"cond":{"in":25.4,"out":25.2,"fan":100}}
2025/09/12 08:11:59Z TRACE [msg.payload] {"id":506,"hb":18}
2025/09/12 08:11:59Z TRACE [msg.payload] {"id":506,"comp":0,"evap":{"in":24.8,"out":23.7,"fan":80},"cond":{"in":25.2,"out":25.2,"fan":100}}
2025/09/12 08:12:00Z TRACE [msg.payload] {"id":506,"hb":19}
2025/09/12 08:12:00Z TRACE [msg.payload] {"id":506,"comp":0,"evap":{"in":25.5,"out":23.7,"fan":80},"cond":{"in":25.1,"out":37.4,"fan":100}}
2025/09/12 08:12:01Z TRACE [msg.payload] {"id":506,"hb":20}
2025/09/12 08:12:01Z TRACE [msg.payload] {"id":506,"comp":0,"evap":{"in":25.5,"out":23.8,"fan":80},"cond":{"in":25.2,"out":25.2,"fan":100}}
2025/09/12 08:12:02Z TRACE [msg.payload] {"id":506,"hb":21}
2025/09/12 08:12:02Z TRACE [msg.payload] {"id":506,"comp":0,"evap":{"in":24.8,"out":23.3,"fan":50},"cond":{"in":24.9,"out":24.8,"fan":100}}
2025/09/12 08:12:03Z TRACE [msg.payload] {"id":506,"hb":22}
2025/09/12 08:12:03Z TRACE [msg.payload] {"id":506,"comp":0,"evap":{"in":25.1,"out":23.5,"fan":50},"cond":{"in":20.3,"out":24.6,"fan":100}}
2025/09/12 08:12:04Z TRACE [msg.payload] {"id":506,"hb":23}
2025/09/12 08:12:04Z TRACE [msg.payload] {"id":506,"comp":0,"evap":{"in":24.7,"out":22.9,"fan":50},"cond":{"in":26.2,"out":24.2,"fan":100}}
2025/09/12 08:12:05Z TRACE [msg.payload] {"id":506,"hb":24}
2025/09/12 08:12:05Z TRACE [msg.payload] {"id":506,"comp":0,"evap":{"in":24.9,"out":22.9,"fan":50},"cond":{"in":25,"out":25.1,"fan":100}}
2025/09/12 08:12:06Z TRACE [msg.payload] {"id":506,"hb":25}
2025/09/12 08:12:06Z TRACE [msg.payload] {"id":506,"comp":0,"evap":{"in":25.1,"out":23.4,"fan":50},"cond":{"in":25.2,"out":25,"fan":100}}
2025/09/12 08:12:07Z TRACE [msg.payload] {"id":506,"hb":26}
2025/09/12 08:12:07Z TRACE [msg.payload] {"id":506,"comp":0,"evap":{"in":25,"out":23.8,"fan":50},"cond":{"in":24.8,"out":24.9,"fan":100}}
2025/09/12 08:12:08Z TRACE [msg.payload] {"id":506,"hb":27}
2025/09/12 08:12:08Z TRACE [msg.payload] {"id":506,"comp":0,"evap":{"in":24.8,"out":23.2,"fan":50},"cond":{"in":24.6,"out":24.6,"fan":100}}
2025/09/12 08:12:09Z TRACE [msg.payload] {"id":506,"hb":28}
2025/09/12 08:12:09Z TRACE [msg.payload] {"id":506,"comp":0,"evap":{"in":25,"out":23.2,"fan":50},"cond":{"in":24.5,"out":24.6,"fan":100}}
2025/09/12 08:12:10Z TRACE [msg.payload] {"id":506,"hb":29}
2025/09/12 08:12:10Z TRACE [msg.payload] {"id":506,"comp":0,"evap":{"in":23,"out":22.9,"fan":50},"cond":{"in":24.9,"out":25.1,"fan":100}}
2025/09/12 08:12:11Z TRACE [msg.payload] {"id":506,"hb":30}
2025/09/12 08:12:11Z TRACE [msg.payload] {"id":506,"comp":0,"evap":{"in":24.6,"out":22.9,"fan":50},"cond":{"in":25.1,"out":25.2,"fan":100}}
2025/09/12 08:12:12Z TRACE [msg.payload] {"id":506,"hb":31}
2025/09/12 08:12:12Z TRACE [msg.payload] {"id":506,"comp":0,"evap":{"in":25,"out":23.2,"fan":50},"cond":{"in":24.9,"out":24.8,"fan":100}}
2025/09/12 08:12:13Z TRACE [msg.payload] {"id":506,"hb":32}
2025/09/12 08:12:13Z TRACE [msg.payload] {"id":506,"comp":0,"evap":{"in":25.1,"out":23.1,"fan":50},"cond":{"in":24.6,"out":24.7,"fan":100}}
2025/09/12 08:12:14Z TRACE [msg.payload] {"id":506,"hb":33}
2025/09/12 08:12:14Z TRACE [msg.payload] {"id":506,"comp":0,"evap":{"in":24.8,"out":22.9,"fan":50},"cond":{"in":24.5,"out":24.8,"fan":100}}
2025/09/12 08:12:15Z TRACE [msg.payload] {"id":506,"hb":34}
2025/09/12 08:12:15Z TRACE [msg.payload] {"id":506,"comp":0,"evap":{"in":24.7,"out":22.8,"fan":50},"cond":{"in":24.9,"out":25.4,"fan":100}}
2025/09/12 08:12:16Z TRACE [msg.payload] {"id":506,"hb":35}
2025/09/12 08:12:16Z TRACE [msg.payload] {"id":506,"comp":0,"evap":{"in":24.8,"out":22.8,"fan":50},"cond":{"in":24.9,"out":25.1,"fan":100}}
2025/09/12 08:12:17Z TRACE [msg.payload] {"id":506,"hb":36}
2025/09/12 08:12:17Z TRACE [msg.payload] {"id":506,"comp":0,"evap":{"in":25,"out":23,"fan":50},"cond":{"in":24.8,"out":25,"fan":100}}
2025/09/12 08:12:18Z TRACE [msg.payload] {"id":506,"hb":37}
2025/09/12 08:12:18Z TRACE [msg.payload] {"id":506,"comp":0,"evap":{"in":25,"out":23.1,"fan":50},"cond":{"in":24.8,"out":24.8,"fan":100}}
2025/09/12 08:12:19Z TRACE [msg.payload] {"id":506,"hb":38}
2025/09/12 08:12:19Z TRACE [msg.payload] {"id":506,"comp":0,"evap":{"in":24.6,"out":23.5,"fan":50},"cond":{"in":24.7,"out":24.8,"fan":100}}
2025/09/12 08:12:20Z TRACE [msg.payload] {"id":506,"hb":39}
2025/09/12 08:12:20Z TRACE [msg.payload] {"id":506,"comp":0,"evap":{"in":24.7,"out":22.3,"fan":50},"cond":{"in":25.1,"out":25.1,"fan":100}}
2025/09/12 08:12:21Z TRACE [msg.payload] {"id":506,"hb":40}
2025/09/12 08:12:21Z TRACE [msg.payload] {"id":506,"comp":0,"evap":{"in":24.8,"out":22.8,"fan":50},"cond":{"in":25.2,"out":25.1,"fan":100}}
2025/09/12 08:12:22Z TRACE [msg.payload] {"id":506,"hb":41}
2025/09/12 08:12:22Z TRACE [msg.payload] {"id":506,"comp":0,"evap":{"in":25.1,"out":23.1,"fan":50},"cond":{"in":25.2,"out":24.9,"fan":100}}
2025/09/12 08:12:23Z TRACE [msg.payload] {"id":506,"hb":42}
2025/09/12 08:12:23Z TRACE [msg.payload] {"id":506,"comp":0,"evap":{"in":25.1,"out":23,"fan":50},"cond":{"in":24.7,"out":24.8,"fan":100}}
2025/09/12 08:12:24Z TRACE [msg.payload] {"id":506,"hb":43}
2025/09/12 08:12:24Z TRACE [msg.payload] {"id":506,"comp":0,"evap":{"in":24.5,"out":22.4,"fan":50},"cond":{"in":22.4,"out":24.6,"fan":100}}
2025/09/12 08:12:25Z TRACE [msg.payload] {"id":506,"hb":44}
2025/09/12 08:12:25Z TRACE [msg.payload] {"id":506,"comp":0,"evap":{"in":24.5,"out":22.4,"fan":50},"cond":{"in":24.8,"out":25.2,"fan":100}}
2025/09/12 08:12:26Z TRACE [msg.payload] {"id":506,"hb":45}
2025/09/12 08:12:26Z TRACE [msg.payload] {"id":506,"comp":0,"evap":{"in":25.1,"out":22.5,"fan":50},"cond":{"in":25,"out":25.1,"fan":100}}
2025/09/12 08:12:27Z TRACE [msg.payload] {"id":506,"hb":46}
2025/09/12 08:12:27Z TRACE [msg.payload] {"id":506,"comp":0,"evap":{"in":25.1,"out":22.9,"fan":50},"cond":{"in":25.1,"out":25.1,"fan":100}}
2025/09/12 08:12:28Z TRACE [msg.payload] {"id":506,"hb":47}
2025/09/12 08:12:28Z TRACE [msg.payload] {"id":506,"comp":0,"evap":{"in":24.7,"out":23,"fan":50},"cond":{"in":24.8,"out":24.9,"fan":100}}
2025/09/12 08:12:29Z TRACE [msg.payload] {"id":506,"hb":48}
2025/09/12 08:12:29Z TRACE [msg.payload] {"id":506,"comp":0,"evap":{"in":24.9,"out":22.8,"fan":50},"cond":{"in":24.6,"out":24.8,"fan":100}}
2025/09/12 08:12:30Z TRACE [msg.payload] {"id":506,"hb":49}
2025/09/12 08:12:30Z TRACE [msg.payload] {"id":506,"comp":0,"evap":{"in":24.8,"out":22.6,"fan":50},"cond":{"in":25.2,"out":25.2,"fan":100}}
2025/09/12 08:12:31Z TRACE [msg.payload] {"id":506,"hb":50}
2025/09/12 08:12:31Z TRACE [msg.payload] {"id":506,"comp":0,"evap":{"in":24.6,"out":22.7,"fan":50},"cond":{"in":24.9,"out":25.3,"fan":100}}
2025/09/12 08:12:32Z TRACE [msg.payload] {"id":506,"hb":51}
2025/09/12 08:12:32Z TRACE [msg.payload] {"id":506,"comp":0,"evap":{"in":25,"out":21.1,"fan":50},"cond":{"in":25.1,"out":25.1,"fan":100}}
2025/09/12 08:12:33Z TRACE [msg.payload] {"id":506,"hb":52}
2025/09/12 08:12:33Z TRACE [msg.payload] {"id":506,"comp":0,"evap":{"in":24.9,"out":22.8,"fan":50},"cond":{"in":24.4,"out":25.2,"fan":100}}
2025/09/12 08:12:34Z TRACE [msg.payload] {"id":506,"hb":53}
2025/09/12 08:12:34Z TRACE [msg.payload] {"id":506,"comp":0,"evap":{"in":24.8,"out":22.4,"fan":50},"cond":{"in":24.6,"out":24.8,"fan":100}}
2025/09/12 08:12:35Z TRACE [msg.payload] {"id":506,"hb":54}
2025/09/12 08:12:35Z TRACE [msg.payload] {"id":506,"comp":0,"evap":{"in":24.8,"out":22.7,"fan":50},"cond":{"in":24.8,"out":24.8,"fan":100}}
2025/09/12 08:12:36Z TRACE [msg.payload] {"id":506,"hb":55}
2025/09/12 08:12:36Z TRACE [msg.payload] {"id":506,"comp":0,"evap":{"in":25,"out":22.5,"fan":50},"cond":{"in":24.9,"out":25.2,"fan":100}}
2025/09/12 08:12:37Z TRACE [msg.payload] {"id":506,"hb":56}
2025/09/12 08:12:37Z TRACE [msg.payload] {"id":506,"comp":0,"evap":{"in":25,"out":22.8,"fan":50},"cond":{"in":25,"out":25.4,"fan":100}}
2025/09/12 08:12:38Z TRACE [msg.payload] {"id":506,"hb":57}
2025/09/12 08:12:38Z TRACE [msg.payload] {"id":506,"comp":0,"evap":{"in":25.1,"out":22.9,"fan":50},"cond":{"in":24.7,"out":24.4,"fan":100}}
2025/09/12 08:12:39Z TRACE [msg.payload] {"id":506,"hb":58}
2025/09/12 08:12:39Z TRACE [msg.payload] {"id":506,"comp":0,"evap":{"in":24.9,"out":22.8,"fan":50},"cond":{"in":24.7,"out":25.1,"fan":100}}
2025/09/12 08:12:40Z TRACE [msg.payload] {"id":506,"hb":59}
2025/09/12 08:12:40Z TRACE [msg.payload] {"id":506,"comp":0,"evap":{"in":24.8,"out":22.7,"fan":50},"cond":{"in":24.7,"out":25.3,"fan":100}}
2025/09/12 08:12:41Z TRACE [msg.payload] {"id":506,"hb":60}
2025/09/12 08:12:41Z TRACE [msg.payload] {"id":506,"comp":0,"evap":{"in":24.8,"out":22.5,"fan":50},"cond":{"in":25.2,"out":25.3,"fan":100}}
2025/09/12 08:12:42Z TRACE [msg.payload] {"id":506,"hb":61}
2025/09/12 08:12:42Z TRACE [msg.payload] {"id":506,"comp":0,"evap":{"in":25,"out":22.8,"fan":50},"cond":{"in":25.1,"out":25.1,"fan":100}}
2025/09/12 08:12:43Z TRACE [msg.payload] {"id":506,"hb":62}
2025/09/12 08:12:43Z TRACE [msg.payload] {"id":506,"comp":0,"evap":{"in":24.6,"out":22.8,"fan":50},"cond":{"in":24.9,"out":25,"fan":100}}
2025/09/12 08:12:44Z TRACE [msg.payload] {"id":506,"hb":63}
2025/09/12 08:12:44Z TRACE [msg.payload] {"id":506,"comp":0,"evap":{"in":24.8,"out":23.1,"fan":50},"cond":{"in":24.8,"out":24.9,"fan":100}}
2025/09/12 08:12:45Z TRACE [msg.payload] {"id":506,"hb":64}
2025/09/12 08:12:45Z TRACE [msg.payload] {"id":506,"comp":0,"evap":{"in":24.7,"out":22.4,"fan":50},"cond":{"in":24.8,"out":25,"fan":100}}
2025/09/12 08:12:46Z TRACE [msg.payload] {"id":506,"hb":65}
2025/09/12 08:12:46Z TRACE [msg.payload] {"id":506,"comp":0,"evap":{"in":24.6,"out":22.7,"fan":50},"cond":{"in":25.2,"out":25,"fan":100}}
2025/09/12 08:12:47Z TRACE [msg.payload] {"id":506,"hb":66}
2025/09/12 08:12:47Z TRACE [msg.payload] {"id":506,"comp":0,"evap":{"in":24.9,"out":22.6,"fan":50},"cond":{"in":25.1,"out":25.2,"fan":100}}
2025/09/12 08:12:48Z TRACE [msg.payload] {"id":506,"hb":67}
2025/09/12 08:12:48Z TRACE [msg.payload] {"id":506,"comp":0,"evap":{"in":25,"out":23,"fan":50},"cond":{"in":24.6,"out":25.1,"fan":100}}
2025/09/12 08:12:49Z TRACE [msg.payload] {"id":506,"hb":68}
2025/09/12 08:12:49Z TRACE [msg.payload] {"id":506,"comp":0,"evap":{"in":25,"out":22.7,"fan":50},"cond":{"in":24.8,"out":24.9,"fan":100}}
2025/09/12 08:12:50Z TRACE [msg.payload] {"id":506,"hb":69}
2025/09/12 08:12:50Z TRACE [msg.payload] {"id":506,"comp":0,"evap":{"in":24.6,"out":22.4,"fan":50},"cond":{"in":24.8,"out":25.2,"fan":100}}
2025/09/12 08:12:51Z TRACE [msg.payload] {"id":506,"hb":70}
2025/09/12 08:12:51Z TRACE [msg.payload] {"id":506,"comp":0,"evap":{"in":24.6,"out":22.5,"fan":50},"cond":{"in":25.2,"out":25.2,"fan":100}}
2025/09/12 08:12:52Z TRACE [msg.payload] {"id":506,"hb":71}
2025/09/12 08:12:52Z TRACE [msg.payload] {"id":506,"comp":0,"evap":{"in":25,"out":22.6,"fan":50},"cond":{"in":25.1,"out":25.2,"fan":100}}
2025/09/12 08:12:53Z TRACE [msg.payload] {"id":506,"hb":72}
2025/09/12 08:12:53Z TRACE [msg.payload] {"id":506,"comp":0,"evap":{"in":25,"out":22.7,"fan":50},"cond":{"in":25.1,"out":25.3,"fan":100}}
2025/09/12 08:12:54Z TRACE [msg.payload] {"id":506,"hb":73}
2025/09/12 08:12:54Z TRACE [msg.payload] {"id":506,"comp":0,"evap":{"in":24.7,"out":23.1,"fan":50},"cond":{"in":24.8,"out":24.9,"fan":100}}
2025/09/12 08:12:55Z TRACE [msg.payload] {"id":506,"hb":74}
2025/09/12 08:12:55Z TRACE [msg.payload] {"id":506,"comp":0,"evap":{"in":24.8,"out":22.6,"fan":50},"cond":{"in":24.9,"out":25.1,"fan":100}}
2025/09/12 08:12:56Z TRACE [msg.payload] {"id":506,"hb":75}
2025/09/12 08:12:56Z TRACE [msg.payload] {"id":506,"comp":0,"evap":{"in":24.6,"out":22.5,"fan":50},"cond":{"in":25.1,"out":25.2,"fan":100}}
2025/09/12 08:12:57Z TRACE [msg.payload] {"id":506,"hb":76}
2025/09/12 08:12:57Z TRACE [msg.payload] {"id":506,"comp":0,"evap":{"in":24.9,"out":22.3,"fan":50},"cond":{"in":24.9,"out":25.2,"fan":100}}
2025/09/12 08:12:58Z TRACE [msg.payload] {"id":506,"hb":77}
2025/09/12 08:12:58Z TRACE [msg.payload] {"id":506,"comp":0,"evap":{"in":24.9,"out":22.8,"fan":50},"cond":{"in":24.5,"out":24.9,"fan":100}}
2025/09/12 08:12:59Z TRACE [msg.payload] {"id":506,"hb":78}
2025/09/12 08:12:59Z TRACE [msg.payload] {"id":506,"comp":0,"evap":{"in":24.9,"out":23.1,"fan":50},"cond":{"in":24.8,"out":25,"fan":100}}
2025/09/12 08:13:00Z TRACE [msg.payload] {"id":506,"hb":79}
2025/09/12 08:13:00Z TRACE [msg.payload] {"id":506,"comp":0,"evap":{"in":24.8,"out":22.3,"fan":50},"cond":{"in":24.9,"out":25.3,"fan":100}}
2025/09/12 08:13:01Z TRACE [msg.payload] {"id":506,"hb":80}
2025/09/12 08:13:01Z TRACE [msg.payload] {"id":506,"comp":0,"evap":{"in":24.6,"out":22.5,"fan":50},"cond":{"in":25.2,"out":25.3,"fan":100}}
2025/09/12 08:13:02Z TRACE [msg.payload] {"id":506,"hb":81}
2025/09/12 08:13:02Z TRACE [msg.payload] {"id":506,"comp":0,"evap":{"in":25.1,"out":22.9,"fan":50},"cond":{"in":24.8,"out":25,"fan":100}}
2025/09/12 08:13:03Z TRACE [msg.payload] {"id":506,"hb":82}
2025/09/12 08:13:03Z TRACE [msg.payload] {"id":506,"comp":0,"evap":{"in":24.9,"out":23.1,"fan":50},"cond":{"in":25.1,"out":24.9,"fan":100}}
2025/09/12 08:13:04Z TRACE [msg.payload] {"id":506,"hb":83}
2025/09/12 08:13:04Z TRACE [msg.payload] {"id":506,"comp":0,"evap":{"in":24.6,"out":22.9,"fan":50},"cond":{"in":24.8,"out":25.1,"fan":100}}
2025/09/12 08:13:05Z TRACE [msg.payload] {"id":506,"hb":84}
2025/09/12 08:13:05Z TRACE [msg.payload] {"id":506,"comp":0,"evap":{"in":24.6,"out":22.6,"fan":50},"cond":{"in":24.8,"out":24.9,"fan":100}}
2025/09/12 08:13:06Z TRACE [msg.payload] {"id":506,"hb":85}
2025/09/12 08:13:06Z TRACE [msg.payload] {"id":506,"comp":0,"evap":{"in":24.6,"out":22.4,"fan":50},"cond":{"in":25.2,"out":25.2,"fan":100}}
2025/09/12 08:13:07Z TRACE [msg.payload] {"id":506,"hb":86}
2025/09/12 08:13:07Z TRACE [msg.payload] {"id":506,"comp":0,"evap":{"in":24.6,"out":23.1,"fan":50},"cond":{"in":25.2,"out":25.2,"fan":100}}
2025/09/12 08:13:08Z TRACE [msg.payload] {"id":506,"hb":87}
2025/09/12 08:13:08Z TRACE [msg.payload] {"id":506,"comp":0,"evap":{"in":24.9,"out":22.8,"fan":50},"cond":{"in":24.4,"out":25,"fan":100}}
2025/09/12 08:13:09Z TRACE [msg.payload] {"id":506,"hb":88}
2025/09/12 08:13:09Z TRACE [msg.payload] {"id":506,"comp":0,"evap":{"in":24.9,"out":23,"fan":50},"cond":{"in":24.8,"out":25,"fan":100}}
2025/09/12 08:13:10Z TRACE [msg.payload] {"id":506,"hb":89}
2025/09/12 08:13:10Z TRACE [msg.payload] {"id":506,"comp":0,"evap":{"in":24.3,"out":22.4,"fan":50},"cond":{"in":24.7,"out":25.4,"fan":100}}
2025/09/12 08:13:11Z TRACE [msg.payload] {"id":506,"hb":90}
2025/09/12 08:13:11Z TRACE [msg.payload] {"id":506,"comp":0,"evap":{"in":24.8,"out":22.5,"fan":50},"cond":{"in":25.2,"out":25.3,"fan":100}}
2025/09/12 08:13:12Z TRACE [msg.payload] {"id":506,"hb":91}
2025/09/12 08:13:12Z TRACE [msg.payload] {"id":506,"comp":0,"evap":{"in":25,"out":22.9,"fan":50},"cond":{"in":25.2,"out":25.4,"fan":100}}
2025/09/12 08:13:13Z TRACE [msg.payload] {"id":506,"hb":92}
2025/09/12 08:13:13Z TRACE [msg.payload] {"id":506,"comp":0,"evap":{"in":24.8,"out":22.8,"fan":50},"cond":{"in":25.2,"out":25.3,"fan":100}}
2025/09/12 08:13:14Z TRACE [msg.payload] {"id":506,"hb":93}
2025/09/12 08:13:14Z TRACE [msg.payload] {"id":506,"comp":0,"evap":{"in":24.6,"out":22.8,"fan":50},"cond":{"in":24.9,"out":25.2,"fan":100}}
2025/09/12 08:13:15Z TRACE [msg.payload] {"id":506,"hb":94}
2025/09/12 08:13:15Z TRACE [msg.payload] {"id":506,"comp":0,"evap":{"in":24.6,"out":22.7,"fan":50},"cond":{"in":24.9,"out":25,"fan":100}}
2025/09/12 08:13:16Z TRACE [msg.payload] {"id":506,"hb":95}
2025/09/12 08:13:16Z TRACE [msg.payload] {"id":506,"comp":0,"evap":{"in":24.6,"out":22.4,"fan":50},"cond":{"in":24.8,"out":25.2,"fan":100}}
2025/09/12 08:13:17Z TRACE [msg.payload] {"id":506,"hb":96}
2025/09/12 08:13:17Z TRACE [msg.payload] {"id":506,"comp":0,"evap":{"in":24.8,"out":22.6,"fan":50},"cond":{"in":25.1,"out":25.3,"fan":100}}
2025/09/12 08:13:18Z TRACE [msg.payload] {"id":506,"hb":97}
2025/09/12 08:13:18Z TRACE [msg.payload] {"id":506,"comp":0,"evap":{"in":24.8,"out":22.8,"fan":50},"cond":{"in":24.9,"out":25.1,"fan":100}}
2025/09/12 08:13:19Z TRACE [msg.payload] {"id":506,"hb":98}
2025/09/12 08:13:19Z TRACE [msg.payload] {"id":506,"comp":0,"evap":{"in":24.9,"out":22.8,"fan":50},"cond":{"in":24.6,"out":25.4,"fan":100}}
2025/09/12 08:13:20Z TRACE [msg.payload] {"id":506,"hb":99}
2025/09/12 08:13:20Z TRACE [msg.payload] {"id":506,"comp":0,"evap":{"in":24.4,"out":22.4,"fan":50},"cond":{"in":24.8,"out":25.3,"fan":100}}
2025/09/12 08:13:21Z TRACE [msg.payload] {"id":506,"hb":100}
2025/09/12 08:13:21Z TRACE [msg.payload] {"id":506,"comp":0,"evap":{"in":24.6,"out":22.4,"fan":50},"cond":{"in":24.7,"out":25,"fan":100}}
2025/09/12 08:13:22Z TRACE [msg.payload] {"id":506,"hb":101}
2025/09/12 08:13:22Z TRACE [msg.payload] {"id":506,"comp":0,"evap":{"in":24.8,"out":22.7,"fan":50},"cond":{"in":25.1,"out":25.2,"fan":100}}
2025/09/12 08:13:23Z TRACE [msg.payload] {"id":506,"hb":102}
2025/09/12 08:13:23Z TRACE [msg.payload] {"id":506,"comp":0,"evap":{"in":25,"out":22.4,"fan":50},"cond":{"in":25.2,"out":25.3,"fan":100}}
2025/09/12 08:13:24Z TRACE [msg.payload] {"id":506,"hb":103}
2025/09/12 08:13:24Z TRACE [msg.payload] {"id":506,"comp":0,"evap":{"in":24.6,"out":22.8,"fan":50},"cond":{"in":24.9,"out":25.1,"fan":100}}
2025/09/12 08:13:25Z TRACE [msg.payload] {"id":506,"hb":104}
2025/09/12 08:13:25Z TRACE [msg.payload] {"id":506,"comp":0,"evap":{"in":24.9,"out":22.8,"fan":50},"cond":{"in":24.8,"out":25,"fan":100}}
2025/09/12 08:13:26Z TRACE [msg.payload] {"id":506,"hb":105}
2025/09/12 08:13:26Z TRACE [msg.payload] {"id":506,"comp":0,"evap":{"in":24.5,"out":22.4,"fan":50},"cond":{"in":24.6,"out":25.3,"fan":100}}
2025/09/12 08:13:27Z TRACE [msg.payload] {"id":506,"hb":106}
2025/09/12 08:13:27Z TRACE [msg.payload] {"id":506,"comp":0,"evap":{"in":24.5,"out":22.2,"fan":50},"cond":{"in":25,"out":24.8,"fan":100}}
2025/09/12 08:13:28Z TRACE [msg.payload] {"id":506,"hb":107}
2025/09/12 08:13:28Z TRACE [msg.payload] {"id":506,"comp":0,"evap":{"in":24.9,"out":22.4,"fan":50},"cond":{"in":25.2,"out":25.1,"fan":100}}
2025/09/12 08:13:29Z TRACE [msg.payload] {"id":506,"hb":108}
2025/09/12 08:13:29Z TRACE [msg.payload] {"id":506,"comp":0,"evap":{"in":24.9,"out":22.8,"fan":50},"cond":{"in":24.9,"out":25.1,"fan":100}}
2025/09/12 08:13:30Z TRACE [msg.payload] {"id":506,"hb":109}
2025/09/12 08:13:30Z TRACE [msg.payload] {"id":506,"comp":0,"evap":{"in":24.5,"out":22.4,"fan":50},"cond":{"in":24.8,"out":25.1,"fan":100}}
2025/09/12 08:13:31Z TRACE [msg.payload] {"id":506,"hb":110}
2025/09/12 08:13:31Z TRACE [msg.payload] {"id":506,"comp":0,"evap":{"in":24.6,"out":22.5,"fan":50},"cond":{"in":24.8,"out":25.2,"fan":100}}
2025/09/12 08:13:32Z TRACE [msg.payload] {"id":506,"hb":111}
2025/09/12 08:13:32Z TRACE [msg.payload] {"id":506,"comp":0,"evap":{"in":24.9,"out":22.6,"fan":50},"cond":{"in":26,"out":25.4,"fan":100}}
2025/09/12 08:13:33Z TRACE [msg.payload] {"id":506,"hb":112}
2025/09/12 08:13:33Z TRACE [msg.payload] {"id":506,"comp":0,"evap":{"in":24.9,"out":22.8,"fan":50},"cond":{"in":25.1,"out":25.3,"fan":100}}
2025/09/12 08:13:34Z TRACE [msg.payload] {"id":506,"hb":113}
2025/09/12 08:13:34Z TRACE [msg.payload] {"id":506,"comp":0,"evap":{"in":24.9,"out":22.7,"fan":50},"cond":{"in":24.9,"out":25.1,"fan":100}}
2025/09/12 08:13:35Z TRACE [msg.payload] {"id":506,"hb":114}
2025/09/12 08:13:35Z TRACE [msg.payload] {"id":506,"comp":0,"evap":{"in":25,"out":22.7,"fan":50},"cond":{"in":24.9,"out":25.1,"fan":100}}
2025/09/12 08:13:36Z TRACE [msg.payload] {"id":506,"hb":115}
2025/09/12 08:13:36Z TRACE [msg.payload] {"id":506,"comp":0,"evap":{"in":24.8,"out":22.8,"fan":50},"cond":{"in":25.2,"out":25.2,"fan":100}}
2025/09/12 08:13:37Z TRACE [msg.payload] {"id":506,"hb":116}
2025/09/12 08:13:37Z TRACE [msg.payload] {"id":506,"comp":0,"evap":{"in":25.1,"out":22.4,"fan":50},"cond":{"in":25.1,"out":25.4,"fan":100}}
2025/09/12 08:13:38Z TRACE [msg.payload] {"id":506,"hb":117}
2025/09/12 08:13:38Z TRACE [msg.payload] {"id":506,"comp":0,"evap":{"in":24.9,"out":25.1,"fan":50},"cond":{"in":25.2,"out":25.3,"fan":100}}
2025/09/12 08:13:39Z TRACE [msg.payload] {"id":506,"hb":118}
2025/09/12 08:13:39Z TRACE [msg.payload] {"id":506,"comp":0,"evap":{"in":25.1,"out":22.8,"fan":50},"cond":{"in":24.8,"out":25.2,"fan":100}}
2025/09/12 08:13:40Z TRACE [msg.payload] {"id":506,"hb":119}
2025/09/12 08:13:40Z TRACE [msg.payload] {"id":506,"comp":0,"evap":{"in":24.8,"out":22.8,"fan":50},"cond":{"in":24.9,"out":25,"fan":100}}
2025/09/12 08:13:41Z TRACE [msg.payload] {"id":506,"hb":120}
2025/09/12 08:13:41Z TRACE [msg.payload] {"id":506,"comp":0,"evap":{"in":24.6,"out":22.5,"fan":50},"cond":{"in":24.9,"out":25.5,"fan":100}}
2025/09/12 08:13:42Z TRACE [msg.payload] {"id":506,"hb":121}
2025/09/12 08:13:42Z TRACE [msg.payload] {"id":506,"comp":0,"evap":{"in":24.6,"out":22.5,"fan":50},"cond":{"in":25.2,"out":25.4,"fan":100}}
2025/09/12 08:13:43Z TRACE [msg.payload] {"id":506,"hb":122}
2025/09/12 08:13:43Z TRACE [msg.payload] {"id":506,"comp":0,"evap":{"in":25,"out":22.9,"fan":50},"cond":{"in":25.2,"out":25.1,"fan":100}}
2025/09/12 08:13:44Z TRACE [msg.payload] {"id":506,"hb":123}
2025/09/12 08:13:44Z TRACE [msg.payload] {"id":506,"comp":0,"evap":{"in":24.9,"out":22.8,"fan":50},"cond":{"in":25.1,"out":25.1,"fan":100}}
2025/09/12 08:13:45Z TRACE [msg.payload] {"id":506,"hb":124}
2025/09/12 08:13:45Z TRACE [msg.payload] {"id":506,"comp":0,"evap":{"in":24.7,"out":22.1,"fan":50},"cond":{"in":24.9,"out":24.5,"fan":100}}
2025/09/12 08:13:46Z TRACE [msg.payload] {"id":506,"hb":125}
2025/09/12 08:13:46Z TRACE [msg.payload] {"id":506,"comp":0,"evap":{"in":24.6,"out":22.6,"fan":50},"cond":{"in":24.8,"out":24.9,"fan":100}}
2025/09/12 08:13:47Z TRACE [msg.payload] {"id":506,"hb":126}
2025/09/12 08:13:47Z TRACE [msg.payload] {"id":506,"comp":0,"evap":{"in":24.6,"out":22.5,"fan":50},"cond":{"in":25.2,"out":25.3,"fan":100}}
2025/09/12 08:13:48Z TRACE [msg.payload] {"id":506,"hb":127}
2025/09/12 08:13:48Z TRACE [msg.payload] {"id":506,"comp":0,"evap":{"in":25,"out":22.4,"fan":50},"cond":{"in":25.2,"out":25.3,"fan":100}}
2025/09/12 08:13:49Z TRACE [msg.payload] {"id":506,"hb":128}
2025/09/12 08:13:49Z TRACE [msg.payload] {"id":506,"comp":0,"evap":{"in":24.9,"out":22.8,"fan":50},"cond":{"in":24.9,"out":25,"fan":100}}
2025/09/12 08:13:50Z TRACE [msg.payload] {"id":506,"hb":129}
2025/09/12 08:13:50Z TRACE [msg.payload] {"id":506,"comp":0,"evap":{"in":24.9,"out":22.7,"fan":50},"cond":{"in":24.9,"out":25.2,"fan":100}}
2025/09/12 08:13:51Z TRACE [msg.payload] {"id":506,"hb":130}
2025/09/12 08:13:51Z TRACE [msg.payload] {"id":506,"comp":0,"evap":{"in":24.7,"out":22.5,"fan":50},"cond":{"in":25,"out":25.5,"fan":100}}
2025/09/12 08:13:52Z TRACE [msg.payload] {"id":506,"hb":131}
2025/09/12 08:13:52Z TRACE [msg.payload] {"id":506,"comp":0,"evap":{"in":24.6,"out":22.9,"fan":50},"cond":{"in":25.2,"out":25.3,"fan":100}}
2025/09/12 08:13:53Z TRACE [msg.payload] {"id":506,"hb":132}
2025/09/12 08:13:53Z TRACE [msg.payload] {"id":506,"comp":0,"evap":{"in":24.9,"out":22.9,"fan":50},"cond":{"in":25.2,"out":25.4,"fan":100}}
2025/09/12 08:13:54Z TRACE [msg.payload] {"id":506,"hb":133}
2025/09/12 08:13:54Z TRACE [msg.payload] {"id":506,"comp":0,"evap":{"in":25,"out":22.9,"fan":50},"cond":{"in":25.2,"out":25.1,"fan":100}}
2025/09/12 08:13:55Z TRACE [msg.payload] {"id":506,"hb":134}
2025/09/12 08:13:55Z TRACE [msg.payload] {"id":506,"comp":0,"evap":{"in":24.6,"out":22.8,"fan":50},"cond":{"in":25,"out":25.2,"fan":100}}
2025/09/12 08:13:56Z TRACE [msg.payload] {"id":506,"hb":135}
2025/09/12 08:13:56Z TRACE [msg.payload] {"id":506,"comp":0,"evap":{"in":24.9,"out":22.7,"fan":50},"cond":{"in":25.2,"out":25.1,"fan":100}}
2025/09/12 08:13:57Z TRACE [msg.payload] {"id":506,"hb":136}
2025/09/12 08:13:57Z TRACE [msg.payload] {"id":506,"comp":0,"evap":{"in":24.6,"out":22.4,"fan":50},"cond":{"in":25.2,"out":25.3,"fan":100}}
2025/09/12 08:13:58Z TRACE [msg.payload] {"id":506,"hb":137}
2025/09/12 08:13:58Z TRACE [msg.payload] {"id":506,"comp":0,"evap":{"in":24.9,"out":24.9,"fan":50},"cond":{"in":25.2,"out":25.2,"fan":100}}
2025/09/12 08:13:59Z TRACE [msg.payload] {"id":506,"hb":138}
2025/09/12 08:13:59Z TRACE [msg.payload] {"id":506,"comp":0,"evap":{"in":24.8,"out":22.8,"fan":50},"cond":{"in":25.2,"out":25.1,"fan":100}}
2025/09/12 08:14:00Z TRACE [msg.payload] {"id":506,"hb":139}
2025/09/12 08:14:00Z TRACE [msg.payload] {"id":506,"comp":0,"evap":{"in":24.8,"out":22.7,"fan":50},"cond":{"in":24.7,"out":25.2,"fan":100}}
2025/09/12 08:14:01Z TRACE [msg.payload] {"id":506,"hb":140}
2025/09/12 08:14:01Z TRACE [msg.payload] {"id":506,"comp":0,"evap":{"in":24.7,"out":22.4,"fan":50},"cond":{"in":25.2,"out":25.3,"fan":100}}
2025/09/12 08:14:02Z TRACE [msg.payload] {"id":506,"hb":141}
2025/09/12 08:14:02Z TRACE [msg.payload] {"id":506,"comp":0,"evap":{"in":25,"out":23.4,"fan":50},"cond":{"in":25.2,"out":25.2,"fan":100}}
2025/09/12 08:14:03Z TRACE [msg.payload] {"id":506,"hb":142}
2025/09/12 08:14:03Z TRACE [msg.payload] {"id":506,"comp":0,"evap":{"in":25.2,"out":22.7,"fan":50},"cond":{"in":25.2,"out":25.2,"fan":100}}
2025/09/12 08:14:04Z TRACE [msg.payload] {"id":506,"hb":143}
2025/09/12 08:14:04Z TRACE [msg.payload] {"id":506,"comp":0,"evap":{"in":25,"out":22.9,"fan":50},"cond":{"in":25.2,"out":25.4,"fan":100}}
2025/09/12 08:14:05Z TRACE [msg.payload] {"id":506,"hb":144}
2025/09/12 08:14:05Z TRACE [msg.payload] {"id":506,"comp":0,"evap":{"in":24.6,"out":22.8,"fan":50},"cond":{"in":25.4,"out":25.2,"fan":100}}
2025/09/12 08:14:06Z TRACE [msg.payload] {"id":506,"hb":145}
2025/09/12 08:14:06Z TRACE [msg.payload] {"id":506,"comp":0,"evap":{"in":24.6,"out":22.8,"fan":50},"cond":{"in":24.9,"out":25.2,"fan":100}}
2025/09/12 08:14:07Z TRACE [msg.payload] {"id":506,"hb":146}
2025/09/12 08:14:07Z TRACE [msg.payload] {"id":506,"comp":0,"evap":{"in":24.6,"out":22.6,"fan":50},"cond":{"in":24.8,"out":25.4,"fan":100}}
2025/09/12 08:14:08Z TRACE [msg.payload] {"id":506,"hb":147}
2025/09/12 08:14:08Z TRACE [msg.payload] {"id":506,"comp":0,"evap":{"in":25.1,"out":22.5,"fan":50},"cond":{"in":25.2,"out":25.4,"fan":100}}
2025/09/12 08:14:09Z TRACE [msg.payload] {"id":506,"hb":148}
2025/09/12 08:14:09Z TRACE [msg.payload] {"id":506,"comp":0,"evap":{"in":24.8,"out":22.9,"fan":50},"cond":{"in":25.2,"out":25.1,"fan":100}}
2025/09/12 08:14:10Z TRACE [msg.payload] {"id":506,"hb":149}
2025/09/12 08:14:10Z TRACE [msg.payload] {"id":506,"comp":0,"evap":{"in":24.9,"out":22.7,"fan":50},"cond":{"in":24.8,"out":25.1,"fan":100}}
2025/09/12 08:14:11Z TRACE [msg.payload] {"id":506,"hb":150}
2025/09/12 08:14:11Z TRACE [msg.payload] {"id":506,"comp":0,"evap":{"in":24.8,"out":22.5,"fan":50},"cond":{"in":25.1,"out":25.6,"fan":100}}
2025/09/12 08:14:12Z TRACE [msg.payload] {"id":506,"hb":151}
2025/09/12 08:14:12Z TRACE [msg.payload] {"id":506,"comp":0,"evap":{"in":24.5,"out":22.6,"fan":50},"cond":{"in":24.6,"out":25.5,"fan":100}}
2025/09/12 08:14:13Z TRACE [msg.payload] {"id":506,"hb":152}
2025/09/12 08:14:13Z TRACE [msg.payload] {"id":506,"comp":0,"evap":{"in":25.1,"out":22.7,"fan":50},"cond":{"in":25.2,"out":25.2,"fan":100}}
2025/09/12 08:14:14Z TRACE [msg.payload] {"id":506,"hb":153}
2025/09/12 08:14:14Z TRACE [msg.payload] {"id":506,"comp":0,"evap":{"in":24.7,"out":22.4,"fan":50},"cond":{"in":24.9,"out":25.5,"fan":100}}
2025/09/12 08:14:15Z TRACE [msg.payload] {"id":506,"hb":154}
2025/09/12 08:14:15Z TRACE [msg.payload] {"id":506,"comp":0,"evap":{"in":24.8,"out":22.6,"fan":50},"cond":{"in":24.9,"out":24.6,"fan":100}}
2025/09/12 08:14:16Z TRACE [msg.payload] {"id":506,"hb":155}
2025/09/12 08:14:16Z TRACE [msg.payload] {"id":506,"comp":0,"evap":{"in":24.9,"out":22.8,"fan":50},"cond":{"in":25,"out":25.1,"fan":100}}
2025/09/12 08:14:17Z TRACE [msg.payload] {"id":506,"hb":156}
2025/09/12 08:14:17Z TRACE [msg.payload] {"id":506,"comp":0,"evap":{"in":24.8,"out":22.5,"fan":50},"cond":{"in":25,"out":25.5,"fan":100}}
2025/09/12 08:14:18Z TRACE [msg.payload] {"id":506,"hb":157}
2025/09/12 08:14:18Z TRACE [msg.payload] {"id":506,"comp":0,"evap":{"in":24.9,"out":22.6,"fan":50},"cond":{"in":25.2,"out":25.5,"fan":100}}
2025/09/12 08:14:19Z TRACE [msg.payload] {"id":506,"hb":158}
2025/09/12 08:14:19Z TRACE [msg.payload] {"id":506,"comp":0,"evap":{"in":24.9,"out":22.1,"fan":50},"cond":{"in":25.2,"out":24.6,"fan":100}}
2025/09/12 08:14:20Z TRACE [msg.payload] {"id":506,"hb":159}
2025/09/12 08:14:20Z TRACE [msg.payload] {"id":506,"comp":0,"evap":{"in":25,"out":22.9,"fan":50},"cond":{"in":24.9,"out":25.2,"fan":100}}
2025/09/12 08:14:21Z TRACE [msg.payload] {"id":506,"hb":160}
2025/09/12 08:14:21Z TRACE [msg.payload] {"id":506,"comp":0,"evap":{"in":24.7,"out":22.8,"fan":50},"cond":{"in":25,"out":25.2,"fan":100}}
2025/09/12 08:14:22Z TRACE [msg.payload] {"id":506,"hb":161}
2025/09/12 08:14:22Z TRACE [msg.payload] {"id":506,"comp":0,"evap":{"in":24.6,"out":22.4,"fan":50},"cond":{"in":24.9,"out":25.3,"fan":100}}
2025/09/12 08:14:23Z TRACE [msg.payload] {"id":506,"hb":162}
2025/09/12 08:14:23Z TRACE [msg.payload] {"id":506,"comp":0,"evap":{"in":25.2,"out":22.7,"fan":50},"cond":{"in":25.2,"out":25.5,"fan":100}}
2025/09/12 08:14:24Z TRACE [msg.payload] {"id":506,"hb":163}
2025/09/12 08:14:24Z TRACE [msg.payload] {"id":506,"comp":0,"evap":{"in":24.9,"out":23,"fan":50},"cond":{"in":25.3,"out":25.4,"fan":100}}
2025/09/12 08:14:25Z TRACE [msg.payload] {"id":506,"hb":164}
2025/09/12 08:14:25Z TRACE [msg.payload] {"id":506,"comp":0,"evap":{"in":25.1,"out":22.8,"fan":50},"cond":{"in":25,"out":25.2,"fan":100}}
2025/09/12 08:14:26Z TRACE [msg.payload] {"id":506,"hb":165}
2025/09/12 08:14:26Z TRACE [msg.payload] {"id":506,"comp":0,"evap":{"in":24.5,"out":22.8,"fan":50},"cond":{"in":24.7,"out":25.2,"fan":100}}
2025/09/12 08:14:27Z TRACE [msg.payload] {"id":506,"hb":166}
2025/09/12 08:14:27Z TRACE [msg.payload] {"id":506,"comp":0,"evap":{"in":24.6,"out":22.5,"fan":50},"cond":{"in":25,"out":25.3,"fan":100}}
2025/09/12 08:14:28Z TRACE [msg.payload] {"id":506,"hb":167}
2025/09/12 08:14:28Z TRACE [msg.payload] {"id":506,"comp":0,"evap":{"in":25.1,"out":22.4,"fan":50},"cond":{"in":25.3,"out":25.6,"fan":100}}
2025/09/12 08:14:29Z TRACE [msg.payload] {"id":506,"hb":168}
2025/09/12 08:14:29Z TRACE [msg.payload] {"id":506,"comp":0,"evap":{"in":24.8,"out":22.9,"fan":50},"cond":{"in":25.2,"out":25.5,"fan":100}}
2025/09/12 08:14:30Z TRACE [msg.payload] {"id":506,"hb":169}
2025/09/12 08:14:30Z TRACE [msg.payload] {"id":506,"comp":0,"evap":{"in":24.5,"out":22.7,"fan":50},"cond":{"in":25.1,"out":24.9,"fan":100}}
2025/09/12 08:14:31Z TRACE [msg.payload] {"id":506,"hb":170}
2025/09/12 08:14:31Z TRACE [msg.payload] {"id":506,"comp":0,"evap":{"in":27.2,"out":22.9,"fan":50},"cond":{"in":21.8,"out":25.1,"fan":100}}
2025/09/12 08:14:32Z TRACE [msg.payload] {"id":506,"hb":171}
2025/09/12 08:14:32Z TRACE [msg.payload] {"id":506,"comp":0,"evap":{"in":24.6,"out":22.4,"fan":50},"cond":{"in":24.9,"out":25.5,"fan":100}}
2025/09/12 08:14:33Z TRACE [msg.payload] {"id":506,"hb":172}
2025/09/12 08:14:33Z TRACE [msg.payload] {"id":506,"comp":0,"evap":{"in":24.5,"out":22.5,"fan":50},"cond":{"in":25.2,"out":25.3,"fan":100}}
2025/09/12 08:14:34Z TRACE [msg.payload] {"id":506,"hb":173}
2025/09/12 08:14:34Z TRACE [msg.payload] {"id":506,"comp":0,"evap":{"in":24.9,"out":23,"fan":50},"cond":{"in":25.1,"out":25.4,"fan":100}}
2025/09/12 08:14:35Z TRACE [msg.payload] {"id":506,"hb":174}
2025/09/12 08:14:35Z TRACE [msg.payload] {"id":506,"comp":0,"evap":{"in":25,"out":21.2,"fan":50},"cond":{"in":24.9,"out":25.2,"fan":100}}
2025/09/12 08:14:36Z TRACE [msg.payload] {"id":506,"hb":175}
2025/09/12 08:14:36Z TRACE [msg.payload] {"id":506,"comp":0,"evap":{"in":24.4,"out":22.7,"fan":50},"cond":{"in":24.7,"out":25.1,"fan":100}}
2025/09/12 08:14:37Z TRACE [msg.payload] {"id":506,"hb":176}
2025/09/12 08:14:37Z TRACE [msg.payload] {"id":506,"comp":0,"evap":{"in":24.7,"out":22.6,"fan":50},"cond":{"in":24.9,"out":25.1,"fan":100}}
2025/09/12 08:14:38Z TRACE [msg.payload] {"id":506,"hb":177}
2025/09/12 08:14:38Z TRACE [msg.payload] {"id":506,"comp":0,"evap":{"in":24.5,"out":22.4,"fan":50},"cond":{"in":25.2,"out":25.5,"fan":100}}
2025/09/12 08:14:39Z TRACE [msg.payload] {"id":506,"hb":178}
2025/09/12 08:14:39Z TRACE [msg.payload] {"id":506,"comp":0,"evap":{"in":24.7,"out":22.8,"fan":50},"cond":{"in":25.2,"out":25.5,"fan":100}}
2025/09/12 08:14:40Z TRACE [msg.payload] {"id":506,"hb":179}
2025/09/12 08:14:40Z TRACE [msg.payload] {"id":506,"comp":0,"evap":{"in":24.9,"out":23,"fan":50},"cond":{"in":25.2,"out":25.3,"fan":100}}
2025/09/12 08:14:41Z TRACE [msg.payload] {"id":506,"hb":180}
2025/09/12 08:14:41Z TRACE [msg.payload] {"id":506,"comp":0,"evap":{"in":24.8,"out":22.8,"fan":50},"cond":{"in":24.9,"out":25.2,"fan":100}}
2025/09/12 08:14:42Z TRACE [msg.payload] {"id":506,"hb":181}
2025/09/12 08:14:42Z TRACE [msg.payload] {"id":506,"comp":0,"evap":{"in":24.6,"out":22.4,"fan":50},"cond":{"in":24.9,"out":25.4,"fan":100}}
2025/09/12 08:14:43Z TRACE [msg.payload] {"id":506,"hb":182}
2025/09/12 08:14:43Z TRACE [msg.payload] {"id":506,"comp":0,"evap":{"in":24.6,"out":22.5,"fan":50},"cond":{"in":25.2,"out":25.5,"fan":100}}
2025/09/12 08:14:44Z TRACE [msg.payload] {"id":506,"hb":183}
2025/09/12 08:14:44Z TRACE [msg.payload] {"id":506,"comp":0,"evap":{"in":25,"out":22.4,"fan":50},"cond":{"in":25.2,"out":25.4,"fan":100}}
2025/09/12 08:14:45Z TRACE [msg.payload] {"id":506,"hb":184}
2025/09/12 08:14:45Z TRACE [msg.payload] {"id":506,"comp":0,"evap":{"in":25,"out":22.8,"fan":50},"cond":{"in":22.4,"out":25.1,"fan":100}}
2025/09/12 08:14:46Z TRACE [msg.payload] {"id":506,"hb":185}
2025/09/12 08:14:46Z TRACE [msg.payload] {"id":506,"comp":0,"evap":{"in":25.2,"out":22.9,"fan":50},"cond":{"in":24.8,"out":25.2,"fan":100}}
2025/09/12 08:14:47Z TRACE [msg.payload] {"id":506,"hb":186}
2025/09/12 08:14:47Z TRACE [msg.payload] {"id":506,"comp":0,"evap":{"in":24.8,"out":22.6,"fan":50},"cond":{"in":25.1,"out":25.2,"fan":100}}
2025/09/12 08:14:48Z TRACE [msg.payload] {"id":506,"hb":187}
2025/09/12 08:14:48Z TRACE [msg.payload] {"id":506,"comp":0,"evap":{"in":24.6,"out":22.6,"fan":50},"cond":{"in":25.2,"out":25.4,"fan":100}}
2025/09/12 08:14:49Z TRACE [msg.payload] {"id":506,"hb":188}
2025/09/12 08:14:49Z TRACE [msg.payload] {"id":506,"comp":0,"evap":{"in":25,"out":22,"fan":50},"cond":{"in":25.1,"out":25.4,"fan":100}}
2025/09/12 08:14:50Z TRACE [msg.payload] {"id":506,"hb":189}
2025/09/12 08:14:50Z TRACE [msg.payload] {"id":506,"comp":0,"evap":{"in":24.9,"out":22.8,"fan":50},"cond":{"in":25.1,"out":25.2,"fan":100}}
2025/09/12 08:14:51Z TRACE [msg.payload] {"id":506,"hb":190}
2025/09/12 08:14:51Z TRACE [msg.payload] {"id":506,"comp":0,"evap":{"in":24.6,"out":23,"fan":50},"cond":{"in":25,"out":25.2,"fan":100}}
2025/09/12 08:14:52Z TRACE [msg.payload] {"id":506,"hb":191}
2025/09/12 08:14:52Z TRACE [msg.payload] {"id":506,"comp":0,"evap":{"in":24.6,"out":22.5,"fan":50},"cond":{"in":25,"out":25.2,"fan":100}}
2025/09/12 08:14:53Z TRACE [msg.payload] {"id":506,"hb":192}
2025/09/12 08:14:53Z TRACE [msg.payload] {"id":506,"comp":0,"evap":{"in":24.4,"out":22.4,"fan":50},"cond":{"in":25.1,"out":25.2,"fan":100}}
2025/09/12 08:14:54Z TRACE [msg.payload] {"id":506,"hb":193}
2025/09/12 08:14:54Z TRACE [msg.payload] {"id":506,"comp":0,"evap":{"in":25,"out":22.5,"fan":50},"cond":{"in":25.3,"out":25.5,"fan":100}}
2025/09/12 08:14:55Z TRACE [msg.payload] {"id":506,"hb":194}
2025/09/12 08:14:55Z TRACE [msg.payload] {"id":506,"comp":0,"evap":{"in":24.9,"out":22.8,"fan":50},"cond":{"in":25.2,"out":24.7,"fan":100}}
2025/09/12 08:14:56Z TRACE [msg.payload] {"id":506,"hb":195}
2025/09/12 08:14:56Z TRACE [msg.payload] {"id":506,"comp":0,"evap":{"in":25.1,"out":22.8,"fan":50},"cond":{"in":25.1,"out":25.3,"fan":100}}
2025/09/12 08:14:57Z TRACE [msg.payload] {"id":506,"hb":196}
2025/09/12 08:14:57Z TRACE [msg.payload] {"id":506,"comp":0,"evap":{"in":24.7,"out":22.7,"fan":50},"cond":{"in":25.1,"out":25.2,"fan":100}}
2025/09/12 08:14:58Z TRACE [msg.payload] {"id":506,"hb":197}
2025/09/12 08:14:58Z TRACE [msg.payload] {"id":506,"comp":0,"evap":{"in":24.7,"out":22.6,"fan":50},"cond":{"in":25.4,"out":25.6,"fan":100}}
2025/09/12 08:14:59Z TRACE [msg.payload] {"id":506,"hb":198}
2025/09/12 08:14:59Z TRACE [msg.payload] {"id":506,"comp":0,"evap":{"in":25.1,"out":22.5,"fan":50},"cond":{"in":25.4,"out":25.5,"fan":100}}
2025/09/12 08:15:00Z TRACE [msg.payload] {"id":506,"hb":199}
2025/09/12 08:15:00Z TRACE [msg.payload] {"id":506,"comp":0,"evap":{"in":25.1,"out":22.9,"fan":50},"cond":{"in":24.9,"out":25.2,"fan":100}}
2025/09/12 08:15:01Z TRACE [msg.payload] {"id":506,"hb":200}
2025/09/12 08:15:01Z TRACE [msg.payload] {"id":506,"comp":0,"evap":{"in":24.7,"out":22.6,"fan":50},"cond":{"in":25.3,"out":25.6,"fan":100}}
2025/09/12 08:15:02Z TRACE [msg.payload] {"id":506,"hb":201}
2025/09/12 08:15:02Z TRACE [msg.payload] {"id":506,"comp":0,"evap":{"in":24.5,"out":22.4,"fan":50},"cond":{"in":24.8,"out":25.1,"fan":100}}
2025/09/12 08:15:03Z TRACE [msg.payload] {"id":506,"hb":202}
2025/09/12 08:15:03Z TRACE [msg.payload] {"id":506,"comp":0,"evap":{"in":24.8,"out":22.4,"fan":50},"cond":{"in":24.9,"out":25.5,"fan":100}}
2025/09/12 08:15:04Z TRACE [msg.payload] {"id":506,"hb":203}
2025/09/12 08:15:04Z TRACE [msg.payload] {"id":506,"comp":0,"evap":{"in":25.2,"out":22.4,"fan":50},"cond":{"in":25.1,"out":25.3,"fan":100}}
2025/09/12 08:15:05Z TRACE [msg.payload] {"id":506,"hb":204}
2025/09/12 08:15:05Z TRACE [msg.payload] {"id":506,"comp":0,"evap":{"in":24.9,"out":22.9,"fan":50},"cond":{"in":25.2,"out":25.2,"fan":100}}
2025/09/12 08:15:06Z TRACE [msg.payload] {"id":506,"hb":205}
2025/09/12 08:15:06Z TRACE [msg.payload] {"id":506,"comp":0,"evap":{"in":24.8,"out":23,"fan":50},"cond":{"in":25.2,"out":25.2,"fan":100}}
2025/09/12 08:15:07Z TRACE [msg.payload] {"id":506,"hb":206}
2025/09/12 08:15:07Z TRACE [msg.payload] {"id":506,"comp":0,"evap":{"in":24.6,"out":22.8,"fan":50},"cond":{"in":25.4,"out":25.2,"fan":100}}
2025/09/12 08:15:08Z TRACE [msg.payload] {"id":506,"hb":207}
2025/09/12 08:15:08Z TRACE [msg.payload] {"id":506,"comp":0,"evap":{"in":24.7,"out":22.6,"fan":50},"cond":{"in":25.2,"out":25.9,"fan":100}}
2025/09/12 08:15:09Z TRACE [msg.payload] {"id":506,"hb":208}
2025/09/12 08:15:09Z TRACE [msg.payload] {"id":506,"comp":0,"evap":{"in":24.9,"out":22.6,"fan":50},"cond":{"in":25.3,"out":25.4,"fan":100}}
2025/09/12 08:15:10Z TRACE [msg.payload] {"id":506,"hb":209}
2025/09/12 08:15:10Z TRACE [msg.payload] {"id":506,"comp":0,"evap":{"in":25.1,"out":23,"fan":50},"cond":{"in":25.3,"out":25.2,"fan":100}}
2025/09/12 08:15:11Z TRACE [msg.payload] {"id":506,"hb":210}
2025/09/12 08:15:11Z TRACE [msg.payload] {"id":506,"comp":0,"evap":{"in":24.9,"out":22.9,"fan":50},"cond":{"in":25,"out":25.1,"fan":100}}
2025/09/12 08:15:12Z TRACE [msg.payload] {"id":506,"hb":211}
2025/09/12 08:15:12Z TRACE [msg.payload] {"id":506,"comp":0,"evap":{"in":24.7,"out":22.8,"fan":50},"cond":{"in":24.9,"out":25.1,"fan":100}}
2025/09/12 08:15:13Z TRACE [msg.payload] {"id":506,"hb":212}
2025/09/12 08:15:13Z TRACE [msg.payload] {"id":506,"comp":0,"evap":{"in":24.6,"out":22.9,"fan":50},"cond":{"in":24.9,"out":25.4,"fan":100}}
2025/09/12 08:15:14Z TRACE [msg.payload] {"id":506,"hb":213}
2025/09/12 08:15:14Z TRACE [msg.payload] {"id":506,"comp":0,"evap":{"in":25,"out":22.6,"fan":50},"cond":{"in":25.1,"out":25.4,"fan":100}}
2025/09/12 08:15:15Z TRACE [msg.payload] {"id":506,"hb":214}
2025/09/12 08:15:15Z TRACE [msg.payload] {"id":506,"comp":0,"evap":{"in":24.6,"out":23,"fan":50},"cond":{"in":25.2,"out":25.5,"fan":100}}
2025/09/12 08:15:16Z TRACE [msg.payload] {"id":506,"hb":215}
2025/09/12 08:15:16Z TRACE [msg.payload] {"id":506,"comp":0,"evap":{"in":24.7,"out":22.7,"fan":50},"cond":{"in":25,"out":25,"fan":100}}
2025/09/12 08:15:17Z TRACE [msg.payload] {"id":506,"hb":216}
2025/09/12 08:15:17Z TRACE [msg.payload] {"id":506,"comp":0,"evap":{"in":24.6,"out":23,"fan":50},"cond":{"in":25.2,"out":25.2,"fan":100}}
2025/09/12 08:15:18Z TRACE [msg.payload] {"id":506,"hb":217}
2025/09/12 08:15:18Z TRACE [msg.payload] {"id":506,"comp":0,"evap":{"in":24.6,"out":22.4,"fan":50},"cond":{"in":25.1,"out":25.6,"fan":100}}
2025/09/12 08:15:19Z TRACE [msg.payload] {"id":506,"hb":218}
2025/09/12 08:15:19Z TRACE [msg.payload] {"id":506,"comp":0,"evap":{"in":25.1,"out":22.7,"fan":50},"cond":{"in":25.2,"out":25.4,"fan":100}}
2025/09/12 08:15:20Z TRACE [msg.payload] {"id":506,"hb":219}
2025/09/12 08:15:20Z TRACE [msg.payload] {"id":506,"comp":0,"evap":{"in":25,"out":22.4,"fan":50},"cond":{"in":25.2,"out":25.5,"fan":100}}
2025/09/12 08:15:21Z TRACE [msg.payload] {"id":506,"hb":220}
2025/09/12 08:15:21Z TRACE [msg.payload] {"id":506,"comp":0,"evap":{"in":25.1,"out":23,"fan":50},"cond":{"in":25,"out":25.3,"fan":100}}
2025/09/12 08:15:22Z TRACE [msg.payload] {"id":506,"hb":221}
2025/09/12 08:15:22Z TRACE [msg.payload] {"id":506,"comp":0,"evap":{"in":24.8,"out":22.9,"fan":50},"cond":{"in":24.9,"out":25.2,"fan":100}}
2025/09/12 08:15:23Z TRACE [msg.payload] {"id":506,"hb":222}
2025/09/12 08:15:23Z TRACE [msg.payload] {"id":506,"comp":0,"evap":{"in":24.7,"out":22.7,"fan":50},"cond":{"in":25,"out":25.5,"fan":100}}
2025/09/12 08:15:24Z TRACE [msg.payload] {"id":506,"hb":223}
2025/09/12 08:15:24Z TRACE [msg.payload] {"id":506,"comp":0,"evap":{"in":24.4,"out":22.4,"fan":50},"cond":{"in":25.2,"out":25.7,"fan":100}}
2025/09/12 08:15:25Z TRACE [msg.payload] {"id":506,"hb":224}
2025/09/12 08:15:25Z TRACE [msg.payload] {"id":506,"comp":0,"evap":{"in":25,"out":23,"fan":50},"cond":{"in":26.2,"out":25.2,"fan":100}}
2025/09/12 08:15:26Z TRACE [msg.payload] {"id":506,"hb":225}
2025/09/12 08:15:26Z TRACE [msg.payload] {"id":506,"comp":0,"evap":{"in":24.9,"out":22.8,"fan":50},"cond":{"in":25.1,"out":25.2,"fan":100}}
2025/09/12 08:15:27Z TRACE [msg.payload] {"id":506,"hb":226}
2025/09/12 08:15:27Z TRACE [msg.payload] {"id":506,"comp":0,"evap":{"in":24.6,"out":22.8,"fan":50},"cond":{"in":25.2,"out":25.2,"fan":100}}
2025/09/12 08:15:28Z TRACE [msg.payload] {"id":506,"hb":227}
2025/09/12 08:15:28Z TRACE [msg.payload] {"id":506,"comp":0,"evap":{"in":24.5,"out":22.4,"fan":50},"cond":{"in":25.1,"out":25.2,"fan":100}}
2025/09/12 08:15:29Z TRACE [msg.payload] {"id":506,"hb":228}
2025/09/12 08:15:29Z TRACE [msg.payload] {"id":506,"comp":0,"evap":{"in":25,"out":22.4,"fan":50},"cond":{"in":25.3,"out":25.6,"fan":100}}
2025/09/12 08:15:30Z TRACE [msg.payload] {"id":506,"hb":229}
2025/09/12 08:15:30Z TRACE [msg.payload] {"id":506,"comp":0,"evap":{"in":24.9,"out":22.4,"fan":50},"cond":{"in":25.2,"out":25.5,"fan":100}}
2025/09/12 08:15:31Z TRACE [msg.payload] {"id":506,"hb":230}
2025/09/12 08:15:31Z TRACE [msg.payload] {"id":506,"comp":0,"evap":{"in":25,"out":22.9,"fan":50},"cond":{"in":25.1,"out":25.2,"fan":100}}
2025/09/12 08:15:32Z TRACE [msg.payload] {"id":506,"hb":231}
2025/09/12 08:15:32Z TRACE [msg.payload] {"id":506,"comp":0,"evap":{"in":24.9,"out":23,"fan":50},"cond":{"in":25.1,"out":25.3,"fan":100}}
2025/09/12 08:15:33Z TRACE [msg.payload] {"id":506,"hb":232}
2025/09/12 08:15:33Z TRACE [msg.payload] {"id":506,"comp":0,"evap":{"in":24.9,"out":22.6,"fan":50},"cond":{"in":25.1,"out":24,"fan":100}}
2025/09/12 08:15:34Z TRACE [msg.payload] {"id":506,"hb":233}
2025/09/12 08:15:34Z TRACE [msg.payload] {"id":506,"comp":0,"evap":{"in":24.8,"out":22.6,"fan":50},"cond":{"in":25.2,"out":25.5,"fan":100}}
2025/09/12 08:15:35Z TRACE [msg.payload] {"id":506,"hb":234}
2025/09/12 08:15:35Z TRACE [msg.payload] {"id":506,"comp":0,"evap":{"in":24.9,"out":22.9,"fan":50},"cond":{"in":25.2,"out":25.4,"fan":100}}
2025/09/12 08:15:36Z TRACE [msg.payload] {"id":506,"hb":235}
2025/09/12 08:15:36Z TRACE [msg.payload] {"id":506,"comp":0,"evap":{"in":24.3,"out":22.8,"fan":50},"cond":{"in":25.2,"out":25.2,"fan":100}}
2025/09/12 08:15:37Z TRACE [msg.payload] {"id":506,"hb":236}
2025/09/12 08:15:37Z TRACE [msg.payload] {"id":506,"comp":0,"evap":{"in":24.6,"out":22.9,"fan":50},"cond":{"in":25.1,"out":25.4,"fan":100}}
2025/09/12 08:15:38Z TRACE [msg.payload] {"id":506,"hb":237}
2025/09/12 08:15:38Z TRACE [msg.payload] {"id":506,"comp":0,"evap":{"in":24.6,"out":22.6,"fan":50},"cond":{"in":24.9,"out":25.2,"fan":100}}
2025/09/12 08:15:39Z TRACE [msg.payload] {"id":506,"hb":238}
2025/09/12 08:15:39Z TRACE [msg.payload] {"id":506,"comp":0,"evap":{"in":25.2,"out":22.7,"fan":50},"cond":{"in":25.2,"out":25.5,"fan":100}}
2025/09/12 08:15:40Z TRACE [msg.payload] {"id":506,"hb":239}
2025/09/12 08:15:40Z TRACE [msg.payload] {"id":506,"comp":0,"evap":{"in":25.1,"out":22.6,"fan":50},"cond":{"in":25.4,"out":25.5,"fan":100}}
2025/09/12 08:15:41Z TRACE [msg.payload] {"id":506,"hb":240}
2025/09/12 08:15:41Z TRACE [msg.payload] {"id":506,"comp":0,"evap":{"in":24.9,"out":23,"fan":50},"cond":{"in":25.3,"out":25.3,"fan":100}}
2025/09/12 08:15:42Z TRACE [msg.payload] {"id":506,"hb":241}
2025/09/12 08:15:42Z TRACE [msg.payload] {"id":506,"comp":0,"evap":{"in":24.9,"out":22.9,"fan":50},"cond":{"in":25.1,"out":25.3,"fan":100}}
2025/09/12 08:15:43Z TRACE [msg.payload] {"id":506,"hb":242}
2025/09/12 08:15:43Z TRACE [msg.payload] {"id":506,"comp":0,"evap":{"in":24.6,"out":22.5,"fan":50},"cond":{"in":25,"out":25.5,"fan":100}}
2025/09/12 08:15:44Z TRACE [msg.payload] {"id":506,"hb":243}
2025/09/12 08:15:44Z TRACE [msg.payload] {"id":506,"comp":0,"evap":{"in":24.7,"out":22.6,"fan":50},"cond":{"in":25.4,"out":25.5,"fan":100}}
2025/09/12 08:15:45Z TRACE [msg.payload] {"id":506,"hb":244}
2025/09/12 08:15:45Z TRACE [msg.payload] {"id":506,"comp":0,"evap":{"in":25.1,"out":23.1,"fan":50},"cond":{"in":25.2,"out":25.5,"fan":100}}
2025/09/12 08:15:46Z TRACE [msg.payload] {"id":506,"hb":245}
2025/09/12 08:15:46Z TRACE [msg.payload] {"id":506,"comp":0,"evap":{"in":25.1,"out":22.8,"fan":50},"cond":{"in":25.4,"out":25.6,"fan":100}}
2025/09/12 08:15:47Z TRACE [msg.payload] {"id":506,"hb":246}
2025/09/12 08:15:47Z TRACE [msg.payload] {"id":506,"comp":0,"evap":{"in":24.8,"out":22.8,"fan":50},"cond":{"in":25,"out":25.2,"fan":100}}
2025/09/12 08:15:48Z TRACE [msg.payload] {"id":506,"hb":247}
2025/09/12 08:15:48Z TRACE [msg.payload] {"id":506,"comp":0,"evap":{"in":24.8,"out":22.3,"fan":50},"cond":{"in":25.2,"out":25.2,"fan":100}}
2025/09/12 08:15:49Z TRACE [msg.payload] {"id":506,"hb":248}
2025/09/12 08:15:49Z TRACE [msg.payload] {"id":506,"comp":0,"evap":{"in":24.5,"out":22.4,"fan":50},"cond":{"in":25.2,"out":25.3,"fan":100}}
2025/09/12 08:15:50Z TRACE [msg.payload] {"id":506,"hb":249}
2025/09/12 08:15:50Z TRACE [msg.payload] {"id":506,"comp":0,"evap":{"in":25.1,"out":22.7,"fan":50},"cond":{"in":25.4,"out":25.5,"fan":100}}
2025/09/12 08:15:51Z TRACE [msg.payload] {"id":506,"hb":250}
2025/09/12 08:15:51Z TRACE [msg.payload] {"id":506,"comp":0,"evap":{"in":24.8,"out":23.1,"fan":50},"cond":{"in":25.2,"out":25,"fan":100}}
2025/09/12 08:15:52Z TRACE [msg.payload] {"id":506,"hb":251}
2025/09/12 08:15:52Z TRACE [msg.payload] {"id":506,"comp":0,"evap":{"in":25,"out":23.1,"fan":50},"cond":{"in":25.1,"out":25.2,"fan":100}}
2025/09/12 08:15:53Z TRACE [msg.payload] {"id":506,"hb":252}
2025/09/12 08:15:53Z TRACE [msg.payload] {"id":506,"comp":0,"evap":{"in":24.8,"out":22.6,"fan":50},"cond":{"in":25.1,"out":25.2,"fan":100}}
2025/09/12 08:15:54Z TRACE [msg.payload] {"id":506,"hb":253}
2025/09/12 08:15:54Z TRACE [msg.payload] {"id":506,"comp":0,"evap":{"in":24.6,"out":22.4,"fan":50},"cond":{"in":25.1,"out":25.5,"fan":100}}
2025/09/12 08:15:55Z TRACE [msg.payload] {"id":506,"hb":254}
2025/09/12 08:15:55Z TRACE [msg.payload] {"id":506,"comp":0,"evap":{"in":25,"out":23.1,"fan":50},"cond":{"in":25.4,"out":25.7,"fan":100}}
2025/09/12 08:15:56Z TRACE [msg.payload] {"id":506,"hb":255}
2025/09/12 08:15:56Z TRACE [msg.payload] {"id":506,"comp":0,"evap":{"in":25.1,"out":22.4,"fan":50},"cond":{"in":25.4,"out":25.5,"fan":100}}
2025/09/12 08:15:57Z TRACE [msg.payload] {"id":506,"hb":256}
2025/09/12 08:15:57Z TRACE [msg.payload] {"id":506,"comp":0,"evap":{"in":24.8,"out":22.8,"fan":50},"cond":{"in":24.9,"out":25.3,"fan":100}}
2025/09/12 08:15:58Z TRACE [msg.payload] {"id":506,"hb":257}
2025/09/12 08:15:58Z TRACE [msg.payload] {"id":506,"comp":0,"evap":{"in":24.6,"out":22.9,"fan":50},"cond":{"in":25.2,"out":25.3,"fan":100}}
2025/09/12 08:15:59Z TRACE [msg.payload] {"id":506,"hb":258}
2025/09/12 08:15:59Z TRACE [msg.payload] {"id":506,"comp":0,"evap":{"in":24.9,"out":22.6,"fan":50},"cond":{"in":25.2,"out":25.7,"fan":100}}
2025/09/12 08:16:00Z TRACE [msg.payload] {"id":506,"hb":259}
2025/09/12 08:16:00Z TRACE [msg.payload] {"id":506,"comp":0,"evap":{"in":25.1,"out":23.5,"fan":50},"cond":{"in":25.4,"out":25.5,"fan":100}}
2025/09/12 08:16:01Z TRACE [msg.payload] {"id":506,"hb":260}
2025/09/12 08:16:01Z TRACE [msg.payload] {"id":506,"comp":0,"evap":{"in":24.5,"out":22.5,"fan":50},"cond":{"in":25.2,"out":25.2,"fan":100}}
2025/09/12 08:16:02Z TRACE [msg.payload] {"id":506,"hb":261}
2025/09/12 08:16:02Z TRACE [msg.payload] {"id":506,"comp":0,"evap":{"in":25.2,"out":23,"fan":50},"cond":{"in":25.2,"out":25.3,"fan":100}}
2025/09/12 08:16:03Z TRACE [msg.payload] {"id":506,"hb":262}
2025/09/12 08:16:03Z TRACE [msg.payload] {"id":506,"comp":0,"evap":{"in":24.5,"out":22.4,"fan":50},"cond":{"in":24.8,"out":24.5,"fan":100}}
2025/09/12 08:16:04Z TRACE [msg.payload] {"id":506,"hb":263}
2025/09/12 08:16:04Z TRACE [msg.payload] {"id":506,"comp":0,"evap":{"in":24.6,"out":22.7,"fan":50},"cond":{"in":25.1,"out":25.7,"fan":100}}
2025/09/12 08:16:05Z TRACE [msg.payload] {"id":506,"hb":264}
2025/09/12 08:16:05Z TRACE [msg.payload] {"id":506,"comp":0,"evap":{"in":25.1,"out":22.6,"fan":50},"cond":{"in":25.4,"out":25.5,"fan":100}}
2025/09/12 08:16:06Z TRACE [msg.payload] {"id":506,"hb":265}
2025/09/12 08:16:06Z TRACE [msg.payload] {"id":506,"comp":0,"evap":{"in":25,"out":22.6,"fan":50},"cond":{"in":25.3,"out":25.4,"fan":100}}
2025/09/12 08:16:07Z TRACE [msg.payload] {"id":506,"hb":266}
2025/09/12 08:16:07Z TRACE [msg.payload] {"id":506,"comp":0,"evap":{"in":24.9,"out":23.1,"fan":50},"cond":{"in":25.2,"out":25.2,"fan":100}}
2025/09/12 08:16:08Z TRACE [msg.payload] {"id":506,"hb":267}
2025/09/12 08:16:08Z TRACE [msg.payload] {"id":506,"comp":0,"evap":{"in":24.6,"out":22.8,"fan":50},"cond":{"in":25.1,"out":25.2,"fan":100}}
2025/09/12 08:16:09Z TRACE [msg.payload] {"id":506,"hb":268}
2025/09/12 08:16:09Z TRACE [msg.payload] {"id":506,"comp":0,"evap":{"in":24.7,"out":22.6,"fan":50},"cond":{"in":24.5,"out":25.6,"fan":100}}
2025/09/12 08:16:10Z TRACE [msg.payload] {"id":506,"hb":269}
2025/09/12 08:16:10Z TRACE [msg.payload] {"id":506,"comp":0,"evap":{"in":25.1,"out":22.6,"fan":50},"cond":{"in":25.4,"out":25.6,"fan":100}}
2025/09/12 08:16:11Z TRACE [msg.payload] {"id":506,"hb":270}
2025/09/12 08:16:11Z TRACE [msg.payload] {"id":506,"comp":0,"evap":{"in":25.2,"out":23,"fan":50},"cond":{"in":25.4,"out":25.6,"fan":100}}
2025/09/12 08:16:12Z TRACE [msg.payload] {"id":506,"hb":271}
2025/09/12 08:16:12Z TRACE [msg.payload] {"id":506,"comp":0,"evap":{"in":24.9,"out":23.1,"fan":50},"cond":{"in":25.2,"out":25.3,"fan":100}}
2025/09/12 08:16:13Z TRACE [msg.payload] {"id":506,"hb":272}
2025/09/12 08:16:13Z TRACE [msg.payload] {"id":506,"comp":0,"evap":{"in":24.8,"out":23,"fan":50},"cond":{"in":25.1,"out":25.2,"fan":100}}
2025/09/12 08:16:14Z TRACE [msg.payload] {"id":506,"hb":273}
2025/09/12 08:16:14Z TRACE [msg.payload] {"id":506,"comp":0,"evap":{"in":24.8,"out":22.7,"fan":50},"cond":{"in":25.2,"out":25.3,"fan":100}}
2025/09/12 08:16:15Z TRACE [msg.payload] {"id":506,"hb":274}
2025/09/12 08:16:15Z TRACE [msg.payload] {"id":506,"comp":0,"evap":{"in":24.5,"out":22.8,"fan":50},"cond":{"in":25.4,"out":25.5,"fan":100}}
2025/09/12 08:16:16Z TRACE [msg.payload] {"id":506,"hb":275}
2025/09/12 08:16:16Z TRACE [msg.payload] {"id":506,"comp":0,"evap":{"in":24.9,"out":23.7,"fan":50},"cond":{"in":24.8,"out":25.5,"fan":100}}
2025/09/12 08:16:17Z TRACE [msg.payload] {"id":506,"hb":276}
2025/09/12 08:16:17Z TRACE [msg.payload] {"id":506,"comp":0,"evap":{"in":24.9,"out":22.9,"fan":50},"cond":{"in":25.2,"out":25.2,"fan":100}}
2025/09/12 08:16:18Z TRACE [msg.payload] {"id":506,"hb":277}
2025/09/12 08:16:18Z TRACE [msg.payload] {"id":506,"comp":0,"evap":{"in":24.7,"out":22.9,"fan":50},"cond":{"in":25.1,"out":24.8,"fan":100}}
2025/09/12 08:16:19Z TRACE [msg.payload] {"id":506,"hb":278}
2025/09/12 08:16:19Z TRACE [msg.payload] {"id":506,"comp":0,"evap":{"in":24.7,"out":22.7,"fan":50},"cond":{"in":25.2,"out":25.8,"fan":100}}
2025/09/12 08:16:20Z TRACE [msg.payload] {"id":506,"hb":279}
2025/09/12 08:16:20Z TRACE [msg.payload] {"id":506,"comp":0,"evap":{"in":24.6,"out":22.5,"fan":50},"cond":{"in":25.3,"out":25.8,"fan":100}}
2025/09/12 08:16:21Z TRACE [msg.payload] {"id":506,"hb":280}
2025/09/12 08:16:21Z TRACE [msg.payload] {"id":506,"comp":0,"evap":{"in":24.9,"out":23.1,"fan":50},"cond":{"in":25.5,"out":25.6,"fan":100}}
2025/09/12 08:16:22Z TRACE [msg.payload] {"id":506,"hb":281}
2025/09/12 08:16:22Z TRACE [msg.payload] {"id":506,"comp":0,"evap":{"in":24.9,"out":23,"fan":50},"cond":{"in":25.2,"out":25.2,"fan":100}}
2025/09/12 08:16:23Z TRACE [msg.payload] {"id":506,"hb":282}
2025/09/12 08:16:23Z TRACE [msg.payload] {"id":506,"comp":0,"evap":{"in":24.6,"out":23.5,"fan":50},"cond":{"in":25,"out":25.3,"fan":100}}
2025/09/12 08:16:24Z TRACE [msg.payload] {"id":506,"hb":283}
2025/09/12 08:16:24Z TRACE [msg.payload] {"id":506,"comp":0,"evap":{"in":24.8,"out":22.5,"fan":50},"cond":{"in":25.1,"out":25.7,"fan":100}}
2025/09/12 08:16:25Z TRACE [msg.payload] {"id":506,"hb":284}
2025/09/12 08:16:25Z TRACE [msg.payload] {"id":506,"comp":0,"evap":{"in":24.8,"out":22.6,"fan":50},"cond":{"in":25.3,"out":25.5,"fan":100}}
2025/09/12 08:16:26Z TRACE [msg.payload] {"id":506,"hb":285}
2025/09/12 08:16:26Z TRACE [msg.payload] {"id":506,"comp":0,"evap":{"in":25.1,"out":22.7,"fan":50},"cond":{"in":25.2,"out":25.5,"fan":100}}
2025/09/12 08:16:27Z TRACE [msg.payload] {"id":506,"hb":286}
2025/09/12 08:16:27Z TRACE [msg.payload] {"id":506,"comp":0,"evap":{"in":25,"out":23.1,"fan":50},"cond":{"in":25.2,"out":25.3,"fan":100}}
2025/09/12 08:16:28Z TRACE [msg.payload] {"id":506,"hb":287}
2025/09/12 08:16:28Z TRACE [msg.payload] {"id":506,"comp":0,"evap":{"in":24.5,"out":22.5,"fan":50},"cond":{"in":24.8,"out":25.2,"fan":100}}
2025/09/12 08:16:29Z TRACE [msg.payload] {"id":506,"hb":288}
2025/09/12 08:16:29Z TRACE [msg.payload] {"id":506,"comp":0,"evap":{"in":24.5,"out":22.6,"fan":50},"cond":{"in":25.1,"out":25.5,"fan":100}}
2025/09/12 08:16:30Z TRACE [msg.payload] {"id":506,"hb":289}
2025/09/12 08:16:30Z TRACE [msg.payload] {"id":506,"comp":0,"evap":{"in":24.5,"out":22.9,"fan":50},"cond":{"in":25.3,"out":25.5,"fan":100}}
2025/09/12 08:16:31Z TRACE [msg.payload] {"id":506,"hb":290}
2025/09/12 08:16:31Z TRACE [msg.payload] {"id":506,"comp":0,"evap":{"in":25,"out":24.8,"fan":50},"cond":{"in":25.3,"out":25.6,"fan":100}}
2025/09/12 08:16:32Z TRACE [msg.payload] {"id":506,"hb":291}
2025/09/12 08:16:32Z TRACE [msg.payload] {"id":506,"comp":0,"evap":{"in":24.9,"out":23,"fan":50},"cond":{"in":25.2,"out":25.2,"fan":100}}
2025/09/12 08:16:33Z TRACE [msg.payload] {"id":506,"hb":292}
2025/09/12 08:16:33Z TRACE [msg.payload] {"id":506,"comp":0,"evap":{"in":24.7,"out":23.1,"fan":50},"cond":{"in":25.2,"out":25.3,"fan":100}}
2025/09/12 08:16:34Z TRACE [msg.payload] {"id":506,"hb":293}
2025/09/12 08:16:34Z TRACE [msg.payload] {"id":506,"comp":0,"evap":{"in":24.6,"out":22.6,"fan":50},"cond":{"in":25,"out":25.5,"fan":100}}
2025/09/12 08:16:35Z TRACE [msg.payload] {"id":506,"hb":294}
2025/09/12 08:16:35Z TRACE [msg.payload] {"id":506,"comp":0,"evap":{"in":24.7,"out":23.2,"fan":50},"cond":{"in":25.5,"out":25.6,"fan":100}}
2025/09/12 08:16:36Z TRACE [msg.payload] {"id":506,"hb":295}
2025/09/12 08:16:36Z TRACE [msg.payload] {"id":506,"comp":0,"evap":{"in":24.9,"out":22.6,"fan":50},"cond":{"in":25.2,"out":25.6,"fan":100}}
2025/09/12 08:16:37Z TRACE [msg.payload] {"id":506,"hb":296}
2025/09/12 08:16:37Z TRACE [msg.payload] {"id":506,"comp":0,"evap":{"in":25.1,"out":23.1,"fan":50},"cond":{"in":25.4,"out":20.9,"fan":100}}
2025/09/12 08:16:38Z TRACE [msg.payload] {"id":506,"hb":297}
2025/09/12 08:16:38Z TRACE [msg.payload] {"id":506,"comp":0,"evap":{"in":23.5,"out":22.7,"fan":50},"cond":{"in":25.2,"out":25.2,"fan":100}}
2025/09/12 08:16:39Z TRACE [msg.payload] {"id":506,"hb":298}
2025/09/12 08:16:39Z TRACE [msg.payload] {"id":506,"comp":0,"evap":{"in":24.8,"out":22.8,"fan":50},"cond":{"in":25.1,"out":25.3,"fan":100}}
2025/09/12 08:16:40Z TRACE [msg.payload] {"id":506,"hb":299}
2025/09/12 08:16:40Z TRACE [msg.payload] {"id":506,"comp":0,"evap":{"in":24.6,"out":22.6,"fan":50},"cond":{"in":25.3,"out":25.6,"fan":100}}
2025/09/12 08:16:41Z TRACE [msg.payload] {"id":506,"hb":300}
2025/09/12 08:16:41Z TRACE [msg.payload] {"id":506,"comp":0,"evap":{"in":25.1,"out":22.7,"fan":50},"cond":{"in":25.4,"out":25.6,"fan":100}}
2025/09/12 08:16:42Z TRACE [msg.payload] {"id":506,"hb":301}
2025/09/12 08:16:42Z TRACE [msg.payload] {"id":506,"comp":1,"evap":{"in":25.1,"out":23.1,"fan":50},"cond":{"in":25,"out":25.4,"fan":100}}
2025/09/12 08:16:43Z TRACE [msg.payload] {"id":506,"hb":302}
2025/09/12 08:16:43Z TRACE [msg.payload] {"id":506,"comp":1,"evap":{"in":24.9,"out":23,"fan":50},"cond":{"in":25.2,"out":25.3,"fan":100}}
2025/09/12 08:16:44Z TRACE [msg.payload] {"id":506,"hb":303}
2025/09/12 08:16:44Z TRACE [msg.payload] {"id":506,"comp":1,"evap":{"in":24.9,"out":22.5,"fan":50},"cond":{"in":25.1,"out":25.5,"fan":100}}
2025/09/12 08:16:45Z TRACE [msg.payload] {"id":506,"hb":304}
2025/09/12 08:16:45Z TRACE [msg.payload] {"id":506,"comp":1,"evap":{"in":24.8,"out":22.7,"fan":50},"cond":{"in":25.1,"out":25.9,"fan":100}}
2025/09/12 08:16:46Z TRACE [msg.payload] {"id":506,"hb":305}
2025/09/12 08:16:46Z TRACE [msg.payload] {"id":506,"comp":1,"evap":{"in":25.7,"out":22.6,"fan":50},"cond":{"in":25.6,"out":25.6,"fan":100}}
2025/09/12 08:16:47Z TRACE [msg.payload] {"id":506,"hb":306}
2025/09/12 08:16:47Z TRACE [msg.payload] {"id":506,"comp":1,"evap":{"in":25.1,"out":23,"fan":50},"cond":{"in":25.4,"out":26,"fan":100}}
2025/09/12 08:16:48Z TRACE [msg.payload] {"id":506,"hb":307}
2025/09/12 08:16:48Z TRACE [msg.payload] {"id":506,"comp":1,"evap":{"in":25.1,"out":23,"fan":50},"cond":{"in":25.2,"out":25.9,"fan":100}}
2025/09/12 08:16:49Z TRACE [msg.payload] {"id":506,"hb":308}
2025/09/12 08:16:49Z TRACE [msg.payload] {"id":506,"comp":1,"evap":{"in":24.5,"out":22.6,"fan":50},"cond":{"in":25.3,"out":26,"fan":100}}
2025/09/12 08:16:50Z TRACE [msg.payload] {"id":506,"hb":309}
2025/09/12 08:16:50Z TRACE [msg.payload] {"id":506,"comp":1,"evap":{"in":24.8,"out":22.6,"fan":50},"cond":{"in":25.5,"out":26.5,"fan":100}}
2025/09/12 08:16:51Z TRACE [msg.payload] {"id":506,"hb":310}
2025/09/12 08:16:51Z TRACE [msg.payload] {"id":506,"comp":1,"evap":{"in":24.9,"out":21.8,"fan":50},"cond":{"in":25.4,"out":26.6,"fan":100}}
2025/09/12 08:16:52Z TRACE [msg.payload] {"id":506,"hb":311}
2025/09/12 08:16:52Z TRACE [msg.payload] {"id":506,"comp":1,"evap":{"in":25.2,"out":22.9,"fan":50},"cond":{"in":25.7,"out":26.6,"fan":100}}
2025/09/12 08:16:53Z TRACE [msg.payload] {"id":506,"hb":312}
2025/09/12 08:16:53Z TRACE [msg.payload] {"id":506,"comp":1,"evap":{"in":24.9,"out":23,"fan":50},"cond":{"in":25.2,"out":26.7,"fan":100}}
2025/09/12 08:16:54Z TRACE [msg.payload] {"id":506,"hb":313}
2025/09/12 08:16:54Z TRACE [msg.payload] {"id":506,"comp":1,"evap":{"in":24.9,"out":22.7,"fan":50},"cond":{"in":25.4,"out":27.1,"fan":100}}
2025/09/12 08:16:55Z TRACE [msg.payload] {"id":506,"hb":314}
2025/09/12 08:16:55Z TRACE [msg.payload] {"id":506,"comp":1,"evap":{"in":24.7,"out":22.6,"fan":50},"cond":{"in":25.4,"out":27.6,"fan":100}}
2025/09/12 08:16:56Z TRACE [msg.payload] {"id":506,"hb":315}
2025/09/12 08:16:56Z TRACE [msg.payload] {"id":506,"comp":1,"evap":{"in":24.8,"out":22.6,"fan":50},"cond":{"in":25.7,"out":27.7,"fan":100}}
2025/09/12 08:16:57Z TRACE [msg.payload] {"id":506,"hb":316}
2025/09/12 08:16:57Z TRACE [msg.payload] {"id":506,"comp":1,"evap":{"in":24.9,"out":23,"fan":50},"cond":{"in":25.7,"out":28,"fan":100}}
2025/09/12 08:16:58Z TRACE [msg.payload] {"id":506,"hb":317}
2025/09/12 08:16:58Z TRACE [msg.payload] {"id":506,"comp":1,"evap":{"in":25.2,"out":22.9,"fan":50},"cond":{"in":25.6,"out":28.1,"fan":100}}
2025/09/12 08:16:59Z TRACE [msg.payload] {"id":506,"hb":318}
2025/09/12 08:16:59Z TRACE [msg.payload] {"id":506,"comp":1,"evap":{"in":24.7,"out":22.7,"fan":50},"cond":{"in":25.3,"out":28.2,"fan":100}}
2025/09/12 08:17:00Z TRACE [msg.payload] {"id":506,"hb":319}
2025/09/12 08:17:00Z TRACE [msg.payload] {"id":506,"comp":1,"evap":{"in":24.7,"out":22.5,"fan":50},"cond":{"in":25.9,"out":28.4,"fan":100}}
2025/09/12 08:17:01Z TRACE [msg.payload] {"id":506,"hb":320}
2025/09/12 08:17:01Z TRACE [msg.payload] {"id":506,"comp":1,"evap":{"in":25.1,"out":22.9,"fan":50},"cond":{"in":25.7,"out":28.5,"fan":100}}
2025/09/12 08:17:02Z TRACE [msg.payload] {"id":506,"hb":321}
2025/09/12 08:17:02Z TRACE [msg.payload] {"id":506,"comp":1,"evap":{"in":24.9,"out":22.5,"fan":50},"cond":{"in":26,"out":29.4,"fan":100}}
2025/09/12 08:17:03Z TRACE [msg.payload] {"id":506,"hb":322}
2025/09/12 08:17:03Z TRACE [msg.payload] {"id":506,"comp":1,"evap":{"in":24.8,"out":22.9,"fan":50},"cond":{"in":25.7,"out":29.2,"fan":100}}
2025/09/12 08:17:04Z TRACE [msg.payload] {"id":506,"hb":323}
2025/09/12 08:17:04Z TRACE [msg.payload] {"id":506,"comp":1,"evap":{"in":24.5,"out":23,"fan":50},"cond":{"in":24.9,"out":29.4,"fan":100}}
2025/09/12 08:17:05Z TRACE [msg.payload] {"id":506,"hb":324}
2025/09/12 08:17:05Z TRACE [msg.payload] {"id":506,"comp":1,"evap":{"in":24.5,"out":22.4,"fan":50},"cond":{"in":25.7,"out":29.7,"fan":100}}
2025/09/12 08:17:06Z TRACE [msg.payload] {"id":506,"hb":325}
2025/09/12 08:17:06Z TRACE [msg.payload] {"id":506,"comp":1,"evap":{"in":24.7,"out":22.4,"fan":50},"cond":{"in":26.1,"out":30.1,"fan":100}}
2025/09/12 08:17:07Z TRACE [msg.payload] {"id":506,"hb":326}
2025/09/12 08:17:07Z TRACE [msg.payload] {"id":506,"comp":1,"evap":{"in":25.2,"out":23.8,"fan":50},"cond":{"in":26,"out":30.1,"fan":100}}
2025/09/12 08:17:08Z TRACE [msg.payload] {"id":506,"hb":327}
2025/09/12 08:17:08Z TRACE [msg.payload] {"id":506,"comp":1,"evap":{"in":25.1,"out":22.7,"fan":50},"cond":{"in":25.7,"out":30.1,"fan":100}}
2025/09/12 08:17:09Z TRACE [msg.payload] {"id":506,"hb":328}
2025/09/12 08:17:09Z TRACE [msg.payload] {"id":506,"comp":1,"evap":{"in":24.8,"out":22.8,"fan":50},"cond":{"in":25.7,"out":30.4,"fan":100}}
2025/09/12 08:17:10Z TRACE [msg.payload] {"id":506,"hb":329}
2025/09/12 08:17:10Z TRACE [msg.payload] {"id":506,"comp":1,"evap":{"in":24.9,"out":22.4,"fan":50},"cond":{"in":25.9,"out":31,"fan":100}}
2025/09/12 08:17:11Z TRACE [msg.payload] {"id":506,"hb":330}
2025/09/12 08:17:11Z TRACE [msg.payload] {"id":506,"comp":1,"evap":{"in":24.9,"out":22.5,"fan":50},"cond":{"in":26.2,"out":30.8,"fan":100}}
2025/09/12 08:17:12Z TRACE [msg.payload] {"id":506,"hb":331}
2025/09/12 08:17:12Z TRACE [msg.payload] {"id":506,"comp":1,"evap":{"in":25.1,"out":22.4,"fan":50},"cond":{"in":26.3,"out":31,"fan":100}}
2025/09/12 08:17:13Z TRACE [msg.payload] {"id":506,"hb":332}
2025/09/12 08:17:13Z TRACE [msg.payload] {"id":506,"comp":1,"evap":{"in":25.1,"out":22.7,"fan":50},"cond":{"in":26.3,"out":31.1,"fan":100}}
2025/09/12 08:17:14Z TRACE [msg.payload] {"id":506,"hb":333}
2025/09/12 08:17:14Z TRACE [msg.payload] {"id":506,"comp":1,"evap":{"in":24.8,"out":22.5,"fan":50},"cond":{"in":26.1,"out":31.3,"fan":100}}
2025/09/12 08:17:15Z TRACE [msg.payload] {"id":506,"hb":334}
2025/09/12 08:17:15Z TRACE [msg.payload] {"id":506,"comp":1,"evap":{"in":24.9,"out":22.2,"fan":50},"cond":{"in":26.2,"out":31.7,"fan":100}}
2025/09/12 08:17:16Z TRACE [msg.payload] {"id":506,"hb":335}
2025/09/12 08:17:16Z TRACE [msg.payload] {"id":506,"comp":1,"evap":{"in":24.9,"out":22.4,"fan":50},"cond":{"in":26.4,"out":31.7,"fan":100}}
2025/09/12 08:17:17Z TRACE [msg.payload] {"id":506,"hb":336}
2025/09/12 08:17:17Z TRACE [msg.payload] {"id":506,"comp":1,"evap":{"in":25.2,"out":22.2,"fan":50},"cond":{"in":27,"out":31.9,"fan":100}}
2025/09/12 08:17:18Z TRACE [msg.payload] {"id":506,"hb":337}
2025/09/12 08:17:18Z TRACE [msg.payload] {"id":506,"comp":1,"evap":{"in":25.1,"out":22.5,"fan":50},"cond":{"in":26.1,"out":31.8,"fan":100}}
2025/09/12 08:17:19Z TRACE [msg.payload] {"id":506,"hb":338}
2025/09/12 08:17:19Z TRACE [msg.payload] {"id":506,"comp":1,"evap":{"in":24.8,"out":22.4,"fan":50},"cond":{"in":26.2,"out":31.9,"fan":100}}
2025/09/12 08:17:20Z TRACE [msg.payload] {"id":506,"hb":339}
2025/09/12 08:17:20Z TRACE [msg.payload] {"id":506,"comp":1,"evap":{"in":24.8,"out":22.1,"fan":50},"cond":{"in":26.1,"out":32.4,"fan":100}}
2025/09/12 08:17:21Z TRACE [msg.payload] {"id":506,"hb":340}
2025/09/12 08:17:21Z TRACE [msg.payload] {"id":506,"comp":1,"evap":{"in":24.8,"out":22.1,"fan":50},"cond":{"in":26.6,"out":34.1,"fan":100}}
2025/09/12 08:17:22Z TRACE [msg.payload] {"id":506,"hb":341}
2025/09/12 08:17:22Z TRACE [msg.payload] {"id":506,"comp":1,"evap":{"in":25.2,"out":22.4,"fan":50},"cond":{"in":26.7,"out":32.6,"fan":100}}
2025/09/12 08:17:23Z TRACE [msg.payload] {"id":506,"hb":342}
2025/09/12 08:17:23Z TRACE [msg.payload] {"id":506,"comp":1,"evap":{"in":25.5,"out":22.3,"fan":50},"cond":{"in":26.6,"out":32.4,"fan":100}}
2025/09/12 08:17:24Z TRACE [msg.payload] {"id":506,"hb":343}
2025/09/12 08:17:24Z TRACE [msg.payload] {"id":506,"comp":1,"evap":{"in":25,"out":22.2,"fan":50},"cond":{"in":26.4,"out":32.5,"fan":100}}
2025/09/12 08:17:25Z TRACE [msg.payload] {"id":506,"hb":344}
2025/09/12 08:17:25Z TRACE [msg.payload] {"id":506,"comp":1,"evap":{"in":24.8,"out":21.8,"fan":50},"cond":{"in":26.3,"out":33,"fan":100}}
2025/09/12 08:17:26Z TRACE [msg.payload] {"id":506,"hb":345}
2025/09/12 08:17:26Z TRACE [msg.payload] {"id":506,"comp":1,"evap":{"in":24.6,"out":22,"fan":50},"cond":{"in":26.6,"out":33,"fan":100}}
2025/09/12 08:17:27Z TRACE [msg.payload] {"id":506,"hb":346}
2025/09/12 08:17:28Z TRACE [msg.payload] {"id":506,"comp":1,"evap":{"in":25.5,"out":21.8,"fan":50},"cond":{"in":26.6,"out":33.4,"fan":100}}
2025/09/12 08:17:28Z TRACE [msg.payload] {"id":506,"hb":347}
2025/09/12 08:17:29Z TRACE [msg.payload] {"id":506,"comp":1,"evap":{"in":25.1,"out":22,"fan":50},"cond":{"in":26.5,"out":33.1,"fan":100}}
2025/09/12 08:17:29Z TRACE [msg.payload] {"id":506,"hb":348}
2025/09/12 08:17:30Z TRACE [msg.payload] {"id":506,"comp":1,"evap":{"in":25.1,"out":22.1,"fan":50},"cond":{"in":26.5,"out":33.3,"fan":100}}
2025/09/12 08:17:30Z TRACE [msg.payload] {"id":506,"hb":349}
2025/09/12 08:17:31Z TRACE [msg.payload] {"id":506,"comp":1,"evap":{"in":24.8,"out":21.7,"fan":50},"cond":{"in":26.5,"out":33.6,"fan":100}}
2025/09/12 08:17:31Z TRACE [msg.payload] {"id":506,"hb":350}
2025/09/12 08:17:32Z TRACE [msg.payload] {"id":506,"comp":1,"evap":{"in":24.8,"out":21.7,"fan":50},"cond":{"in":26.7,"out":33.7,"fan":100}}
2025/09/12 08:17:32Z TRACE [msg.payload] {"id":506,"hb":351}
2025/09/12 08:17:33Z TRACE [msg.payload] {"id":506,"comp":1,"evap":{"in":25.2,"out":21.5,"fan":50},"cond":{"in":26.8,"out":33.6,"fan":100}}
2025/09/12 08:17:33Z TRACE [msg.payload] {"id":506,"hb":352}
2025/09/12 08:17:34Z TRACE [msg.payload] {"id":506,"comp":1,"evap":{"in":25.2,"out":21.9,"fan":50},"cond":{"in":26.8,"out":33.6,"fan":100}}
2025/09/12 08:17:34Z TRACE [msg.payload] {"id":506,"hb":353}
2025/09/12 08:17:35Z TRACE [msg.payload] {"id":506,"comp":1,"evap":{"in":24.4,"out":22,"fan":50},"cond":{"in":26.7,"out":33.7,"fan":100}}
2025/09/12 08:17:35Z TRACE [msg.payload] {"id":506,"hb":354}
2025/09/12 08:17:36Z TRACE [msg.payload] {"id":506,"comp":1,"evap":{"in":24.8,"out":21.5,"fan":50},"cond":{"in":26.6,"out":33.7,"fan":100}}
2025/09/12 08:17:36Z TRACE [msg.payload] {"id":506,"hb":355}
2025/09/12 08:17:37Z TRACE [msg.payload] {"id":506,"comp":1,"evap":{"in":25,"out":21.6,"fan":50},"cond":{"in":26.9,"out":34.1,"fan":100}}
2025/09/12 08:17:37Z TRACE [msg.payload] {"id":506,"hb":356}
2025/09/12 08:17:38Z TRACE [msg.payload] {"id":506,"comp":1,"evap":{"in":25.2,"out":21.6,"fan":50},"cond":{"in":26.8,"out":34.2,"fan":100}}
2025/09/12 08:17:38Z TRACE [msg.payload] {"id":506,"hb":357}
2025/09/12 08:17:39Z TRACE [msg.payload] {"id":506,"comp":1,"evap":{"in":25.1,"out":21.7,"fan":50},"cond":{"in":26.6,"out":33.9,"fan":100}}
2025/09/12 08:17:39Z TRACE [msg.payload] {"id":506,"hb":358}
2025/09/12 08:17:40Z TRACE [msg.payload] {"id":506,"comp":1,"evap":{"in":25.2,"out":21.7,"fan":50},"cond":{"in":26.7,"out":34.2,"fan":100}}
2025/09/12 08:17:40Z TRACE [msg.payload] {"id":506,"hb":359}
2025/09/12 08:17:41Z TRACE [msg.payload] {"id":506,"comp":1,"evap":{"in":24.9,"out":21.4,"fan":50},"cond":{"in":26.8,"out":34.3,"fan":100}}
2025/09/12 08:17:41Z TRACE [msg.payload] {"id":506,"hb":360}
2025/09/12 08:17:42Z TRACE [msg.payload] {"id":506,"comp":1,"evap":{"in":24.9,"out":21.7,"fan":50},"cond":{"in":26.9,"out":34.4,"fan":100}}
2025/09/12 08:17:42Z TRACE [msg.payload] {"id":506,"hb":361}
2025/09/12 08:17:43Z TRACE [msg.payload] {"id":506,"comp":1,"evap":{"in":25.2,"out":21.9,"fan":50},"cond":{"in":27.1,"out":34.8,"fan":100}}
2025/09/12 08:17:43Z TRACE [msg.payload] {"id":506,"hb":362}
2025/09/12 08:17:44Z TRACE [msg.payload] {"id":506,"comp":1,"evap":{"in":24.8,"out":21,"fan":50},"cond":{"in":26.8,"out":34.9,"fan":100}}
2025/09/12 08:17:44Z TRACE [msg.payload] {"id":506,"hb":363}
2025/09/12 08:17:45Z TRACE [msg.payload] {"id":506,"comp":1,"evap":{"in":24.9,"out":21.4,"fan":50},"cond":{"in":26.8,"out":34.6,"fan":100}}
2025/09/12 08:17:45Z TRACE [msg.payload] {"id":506,"hb":364}
2025/09/12 08:17:46Z TRACE [msg.payload] {"id":506,"comp":1,"evap":{"in":26,"out":21.5,"fan":50},"cond":{"in":26.8,"out":34.5,"fan":100}}
2025/09/12 08:17:46Z TRACE [msg.payload] {"id":506,"hb":365}
2025/09/12 08:17:47Z TRACE [msg.payload] {"id":506,"comp":1,"evap":{"in":25,"out":21.1,"fan":50},"cond":{"in":27,"out":35.1,"fan":100}}
2025/09/12 08:17:47Z TRACE [msg.payload] {"id":506,"hb":366}
2025/09/12 08:17:48Z TRACE [msg.payload] {"id":506,"comp":1,"evap":{"in":24.9,"out":21.1,"fan":50},"cond":{"in":27.2,"out":35.2,"fan":100}}
2025/09/12 08:17:48Z TRACE [msg.payload] {"id":506,"hb":367}
2025/09/12 08:17:49Z TRACE [msg.payload] {"id":506,"comp":1,"evap":{"in":25.2,"out":21.4,"fan":50},"cond":{"in":26.6,"out":34.9,"fan":100}}
2025/09/12 08:17:49Z TRACE [msg.payload] {"id":506,"hb":368}
2025/09/12 08:17:50Z TRACE [msg.payload] {"id":506,"comp":1,"evap":{"in":25.4,"out":21.4,"fan":50},"cond":{"in":26.8,"out":34.9,"fan":100}}
2025/09/12 08:17:50Z TRACE [msg.payload] {"id":506,"hb":369}
2025/09/12 08:17:51Z TRACE [msg.payload] {"id":506,"comp":1,"evap":{"in":24.9,"out":21.2,"fan":50},"cond":{"in":27,"out":35.1,"fan":100}}
2025/09/12 08:17:51Z TRACE [msg.payload] {"id":506,"hb":370}
2025/09/12 08:17:52Z TRACE [msg.payload] {"id":506,"comp":1,"evap":{"in":25,"out":21.1,"fan":50},"cond":{"in":27,"out":35.5,"fan":100}}
2025/09/12 08:17:52Z TRACE [msg.payload] {"id":506,"hb":371}
2025/09/12 08:17:53Z TRACE [msg.payload] {"id":506,"comp":1,"evap":{"in":25.2,"out":21.1,"fan":50},"cond":{"in":27.3,"out":35.5,"fan":100}}
2025/09/12 08:17:53Z TRACE [msg.payload] {"id":506,"hb":372}
2025/09/12 08:17:54Z TRACE [msg.payload] {"id":506,"comp":1,"evap":{"in":25.2,"out":21.3,"fan":50},"cond":{"in":27.3,"out":35.5,"fan":100}}
2025/09/12 08:17:54Z TRACE [msg.payload] {"id":506,"hb":373}
2025/09/12 08:17:55Z TRACE [msg.payload] {"id":506,"comp":1,"evap":{"in":25.2,"out":21.4,"fan":50},"cond":{"in":27,"out":35.3,"fan":100}}
2025/09/12 08:17:55Z TRACE [msg.payload] {"id":506,"hb":374}
2025/09/12 08:17:56Z TRACE [msg.payload] {"id":506,"comp":1,"evap":{"in":24.8,"out":21.1,"fan":50},"cond":{"in":26.9,"out":35.7,"fan":100}}
2025/09/12 08:17:56Z TRACE [msg.payload] {"id":506,"hb":375}
2025/09/12 08:17:57Z TRACE [msg.payload] {"id":506,"comp":1,"evap":{"in":24.8,"out":20.7,"fan":50},"cond":{"in":27,"out":35.8,"fan":100}}
2025/09/12 08:17:57Z TRACE [msg.payload] {"id":506,"hb":376}
2025/09/12 08:17:58Z TRACE [msg.payload] {"id":506,"comp":1,"evap":{"in":24.8,"out":20.8,"fan":50},"cond":{"in":27.3,"out":35.7,"fan":100}}
2025/09/12 08:17:58Z TRACE [msg.payload] {"id":506,"hb":377}
2025/09/12 08:17:59Z TRACE [msg.payload] {"id":506,"comp":1,"evap":{"in":24.4,"out":21.1,"fan":50},"cond":{"in":26.6,"out":35.7,"fan":100}}
2025/09/12 08:17:59Z TRACE [msg.payload] {"id":506,"hb":378}
2025/09/12 08:18:00Z TRACE [msg.payload] {"id":506,"comp":1,"evap":{"in":25.2,"out":21.2,"fan":50},"cond":{"in":27,"out":35.6,"fan":100}}
2025/09/12 08:18:00Z TRACE [msg.payload] {"id":506,"hb":379}
2025/09/12 08:18:01Z TRACE [msg.payload] {"id":506,"comp":1,"evap":{"in":24.9,"out":20.9,"fan":50},"cond":{"in":27,"out":36.1,"fan":100}}
2025/09/12 08:18:01Z TRACE [msg.payload] {"id":506,"hb":380}
2025/09/12 08:18:02Z TRACE [msg.payload] {"id":506,"comp":1,"evap":{"in":25.2,"out":20.7,"fan":50},"cond":{"in":27.5,"out":36.1,"fan":100}}
2025/09/12 08:18:02Z TRACE [msg.payload] {"id":506,"hb":381}
2025/09/12 08:18:03Z TRACE [msg.payload] {"id":506,"comp":1,"evap":{"in":24.8,"out":20.8,"fan":50},"cond":{"in":26.9,"out":36.1,"fan":100}}
2025/09/12 08:18:03Z TRACE [msg.payload] {"id":506,"hb":382}
2025/09/12 08:18:04Z TRACE [msg.payload] {"id":506,"comp":1,"evap":{"in":24.8,"out":20.6,"fan":50},"cond":{"in":27.4,"out":36,"fan":100}}
2025/09/12 08:18:04Z TRACE [msg.payload] {"id":506,"hb":383}
2025/09/12 08:18:05Z TRACE [msg.payload] {"id":506,"comp":1,"evap":{"in":24.8,"out":21,"fan":50},"cond":{"in":26.9,"out":35.9,"fan":100}}
2025/09/12 08:18:05Z TRACE [msg.payload] {"id":506,"hb":384}
2025/09/12 08:18:06Z TRACE [msg.payload] {"id":506,"comp":1,"evap":{"in":25.2,"out":21.1,"fan":50},"cond":{"in":27.3,"out":36.1,"fan":100}}
2025/09/12 08:18:06Z TRACE [msg.payload] {"id":506,"hb":385}
2025/09/12 08:18:07Z TRACE [msg.payload] {"id":506,"comp":1,"evap":{"in":25,"out":20.6,"fan":50},"cond":{"in":27.3,"out":36.4,"fan":100}}
2025/09/12 08:18:07Z TRACE [msg.payload] {"id":506,"hb":386}
2025/09/12 08:18:08Z TRACE [msg.payload] {"id":506,"comp":1,"evap":{"in":25,"out":20.5,"fan":50},"cond":{"in":27.3,"out":36.4,"fan":100}}
2025/09/12 08:18:08Z TRACE [msg.payload] {"id":506,"hb":387}
2025/09/12 08:18:09Z TRACE [msg.payload] {"id":506,"comp":1,"evap":{"in":25.2,"out":21.1,"fan":50},"cond":{"in":27.5,"out":36.3,"fan":100}}
2025/09/12 08:18:09Z TRACE [msg.payload] {"id":506,"hb":388}
2025/09/12 08:18:10Z TRACE [msg.payload] {"id":506,"comp":1,"evap":{"in":25.2,"out":21.1,"fan":50},"cond":{"in":27.6,"out":35.9,"fan":100}}
2025/09/12 08:18:10Z TRACE [msg.payload] {"id":506,"hb":389}
2025/09/12 08:18:11Z TRACE [msg.payload] {"id":506,"comp":1,"evap":{"in":24,"out":20.4,"fan":50},"cond":{"in":27.3,"out":36.3,"fan":100}}
2025/09/12 08:18:11Z TRACE [msg.payload] {"id":506,"hb":390}
2025/09/12 08:18:12Z TRACE [msg.payload] {"id":506,"comp":1,"evap":{"in":24.8,"out":20.8,"fan":50},"cond":{"in":27.3,"out":36.8,"fan":100}}
2025/09/12 08:18:12Z TRACE [msg.payload] {"id":506,"hb":391}
2025/09/12 08:18:13Z TRACE [msg.payload] {"id":506,"comp":1,"evap":{"in":25.2,"out":20.5,"fan":50},"cond":{"in":27.4,"out":36.7,"fan":100}}
2025/09/12 08:18:13Z TRACE [msg.payload] {"id":506,"hb":392}
2025/09/12 08:18:14Z TRACE [msg.payload] {"id":506,"comp":1,"evap":{"in":25.2,"out":20.4,"fan":50},"cond":{"in":27.2,"out":36.7,"fan":100}}
2025/09/12 08:18:14Z TRACE [msg.payload] {"id":506,"hb":393}
2025/09/12 08:18:15Z TRACE [msg.payload] {"id":506,"comp":1,"evap":{"in":25.2,"out":20.8,"fan":50},"cond":{"in":27.4,"out":36.5,"fan":100}}
2025/09/12 08:18:15Z TRACE [msg.payload] {"id":506,"hb":394}
2025/09/12 08:18:16Z TRACE [msg.payload] {"id":506,"comp":1,"evap":{"in":25.2,"out":20.6,"fan":50},"cond":{"in":27.2,"out":36.5,"fan":100}}
2025/09/12 08:18:16Z TRACE [msg.payload] {"id":506,"hb":395}
2025/09/12 08:18:17Z TRACE [msg.payload] {"id":506,"comp":1,"evap":{"in":25.2,"out":20.3,"fan":50},"cond":{"in":27.2,"out":37,"fan":100}}
2025/09/12 08:18:17Z TRACE [msg.payload] {"id":506,"hb":396}
2025/09/12 08:18:18Z TRACE [msg.payload] {"id":506,"comp":1,"evap":{"in":24.9,"out":20.5,"fan":50},"cond":{"in":27.4,"out":36.8,"fan":100}}
2025/09/12 08:18:18Z TRACE [msg.payload] {"id":506,"hb":397}
2025/09/12 08:18:19Z TRACE [msg.payload] {"id":506,"comp":1,"evap":{"in":25.2,"out":20.7,"fan":50},"cond":{"in":27.6,"out":36.7,"fan":100}}
2025/09/12 08:18:19Z TRACE [msg.payload] {"id":506,"hb":398}
2025/09/12 08:18:20Z TRACE [msg.payload] {"id":506,"comp":1,"evap":{"in":25.2,"out":20.6,"fan":50},"cond":{"in":27.6,"out":37,"fan":100}}
2025/09/12 08:18:20Z TRACE [msg.payload] {"id":506,"hb":399}
2025/09/12 08:18:21Z TRACE [msg.payload] {"id":506,"comp":1,"evap":{"in":24.6,"out":20.2,"fan":50},"cond":{"in":27.4,"out":36.8,"fan":100}}
2025/09/12 08:18:21Z TRACE [msg.payload] {"id":506,"hb":400}
2025/09/12 08:18:22Z TRACE [msg.payload] {"id":506,"comp":1,"evap":{"in":24.8,"out":20.5,"fan":50},"cond":{"in":27.3,"out":36.7,"fan":100}}
2025/09/12 08:18:22Z TRACE [msg.payload] {"id":506,"hb":401}
2025/09/12 08:18:23Z TRACE [msg.payload] {"id":506,"comp":1,"evap":{"in":24.9,"out":20.2,"fan":50},"cond":{"in":27.5,"out":36.7,"fan":100}}
2025/09/12 08:18:23Z TRACE [msg.payload] {"id":506,"hb":402}
2025/09/12 08:18:24Z TRACE [msg.payload] {"id":506,"comp":1,"evap":{"in":24.8,"out":20.3,"fan":50},"cond":{"in":27.7,"out":37.3,"fan":100}}
2025/09/12 08:18:24Z TRACE [msg.payload] {"id":506,"hb":403}
2025/09/12 08:18:25Z TRACE [msg.payload] {"id":506,"comp":1,"evap":{"in":25.2,"out":20.6,"fan":50},"cond":{"in":27.6,"out":36.9,"fan":100}}
2025/09/12 08:18:25Z TRACE [msg.payload] {"id":506,"hb":404}
2025/09/12 08:18:26Z TRACE [msg.payload] {"id":506,"comp":1,"evap":{"in":25.2,"out":20.8,"fan":50},"cond":{"in":27.6,"out":37.1,"fan":100}}
2025/09/12 08:18:26Z TRACE [msg.payload] {"id":506,"hb":405}
2025/09/12 08:18:27Z TRACE [msg.payload] {"id":506,"comp":1,"evap":{"in":24.9,"out":20.5,"fan":50},"cond":{"in":27.4,"out":37.1,"fan":100}}
2025/09/12 08:18:27Z TRACE [msg.payload] {"id":506,"hb":406}
2025/09/12 08:18:28Z TRACE [msg.payload] {"id":506,"comp":1,"evap":{"in":24.9,"out":20.1,"fan":50},"cond":{"in":27.4,"out":37.5,"fan":100}}
2025/09/12 08:18:28Z TRACE [msg.payload] {"id":506,"hb":407}
2025/09/12 08:18:29Z TRACE [msg.payload] {"id":506,"comp":1,"evap":{"in":25.2,"out":20,"fan":50},"cond":{"in":28,"out":37.4,"fan":100}}
2025/09/12 08:18:29Z TRACE [msg.payload] {"id":506,"hb":408}
2025/09/12 08:18:30Z TRACE [msg.payload] {"id":506,"comp":1,"evap":{"in":25.1,"out":20.5,"fan":50},"cond":{"in":27.9,"out":37.4,"fan":100}}
2025/09/12 08:18:30Z TRACE [msg.payload] {"id":506,"hb":409}
2025/09/12 08:18:31Z TRACE [msg.payload] {"id":506,"comp":1,"evap":{"in":25,"out":20.4,"fan":50},"cond":{"in":27.3,"out":37,"fan":100}}
2025/09/12 08:18:31Z TRACE [msg.payload] {"id":506,"hb":410}
2025/09/12 08:18:32Z TRACE [msg.payload] {"id":506,"comp":1,"evap":{"in":25,"out":20.4,"fan":50},"cond":{"in":27.5,"out":37.3,"fan":100}}
2025/09/12 08:18:32Z TRACE [msg.payload] {"id":506,"hb":411}
2025/09/12 08:18:33Z TRACE [msg.payload] {"id":506,"comp":1,"evap":{"in":24.9,"out":20.1,"fan":50},"cond":{"in":27.8,"out":37.7,"fan":100}}
2025/09/12 08:18:33Z TRACE [msg.payload] {"id":506,"hb":412}
2025/09/12 08:18:34Z TRACE [msg.payload] {"id":506,"comp":1,"evap":{"in":24,"out":20,"fan":50},"cond":{"in":27.8,"out":37.5,"fan":100}}
2025/09/12 08:18:34Z TRACE [msg.payload] {"id":506,"hb":413}
2025/09/12 08:18:35Z TRACE [msg.payload] {"id":506,"comp":1,"evap":{"in":25.2,"out":20.5,"fan":50},"cond":{"in":27.8,"out":37.4,"fan":100}}
2025/09/12 08:18:35Z TRACE [msg.payload] {"id":506,"hb":414}
2025/09/12 08:18:36Z TRACE [msg.payload] {"id":506,"comp":1,"evap":{"in":25.2,"out":20.6,"fan":50},"cond":{"in":27.6,"out":37.4,"fan":100}}
2025/09/12 08:18:36Z TRACE [msg.payload] {"id":506,"hb":415}
2025/09/12 08:18:37Z TRACE [msg.payload] {"id":506,"comp":1,"evap":{"in":24.8,"out":19.9,"fan":50},"cond":{"in":28.4,"out":37.5,"fan":100}}
2025/09/12 08:18:37Z TRACE [msg.payload] {"id":506,"hb":416}
2025/09/12 08:18:38Z TRACE [msg.payload] {"id":506,"comp":1,"evap":{"in":24.8,"out":17.4,"fan":50},"cond":{"in":27.6,"out":37.4,"fan":100}}
2025/09/12 08:18:38Z TRACE [msg.payload] {"id":506,"hb":417}
2025/09/12 08:18:39Z TRACE [msg.payload] {"id":506,"comp":1,"evap":{"in":25.1,"out":20.4,"fan":50},"cond":{"in":27.9,"out":37.9,"fan":100}}
2025/09/12 08:18:39Z TRACE [msg.payload] {"id":506,"hb":418}
2025/09/12 08:18:40Z TRACE [msg.payload] {"id":506,"comp":1,"evap":{"in":25.2,"out":20.1,"fan":50},"cond":{"in":27.9,"out":37.8,"fan":100}}
2025/09/12 08:18:40Z TRACE [msg.payload] {"id":506,"hb":419}
2025/09/12 08:18:41Z TRACE [msg.payload] {"id":506,"comp":1,"evap":{"in":25.2,"out":20.2,"fan":50},"cond":{"in":27.6,"out":37.5,"fan":100}}
2025/09/12 08:18:41Z TRACE [msg.payload] {"id":506,"hb":420}
2025/09/12 08:18:42Z TRACE [msg.payload] {"id":506,"comp":1,"evap":{"in":25.2,"out":20.3,"fan":50},"cond":{"in":27.5,"out":37.5,"fan":100}}
2025/09/12 08:18:42Z TRACE [msg.payload] {"id":506,"hb":421}
2025/09/12 08:18:43Z TRACE [msg.payload] {"id":506,"comp":1,"evap":{"in":25,"out":19.8,"fan":50},"cond":{"in":28,"out":38,"fan":100}}
2025/09/12 08:18:43Z TRACE [msg.payload] {"id":506,"hb":422}
2025/09/12 08:18:44Z TRACE [msg.payload] {"id":506,"comp":1,"evap":{"in":24.8,"out":20,"fan":50},"cond":{"in":28,"out":37.9,"fan":100}}
2025/09/12 08:18:44Z TRACE [msg.payload] {"id":506,"hb":423}
2025/09/12 08:18:45Z TRACE [msg.payload] {"id":506,"comp":1,"evap":{"in":25.2,"out":20.3,"fan":50},"cond":{"in":28,"out":37.8,"fan":100}}
2025/09/12 08:18:45Z TRACE [msg.payload] {"id":506,"hb":424}
2025/09/12 08:18:46Z TRACE [msg.payload] {"id":506,"comp":1,"evap":{"in":25.4,"out":20.2,"fan":50},"cond":{"in":27.8,"out":37.7,"fan":100}}
2025/09/12 08:18:46Z TRACE [msg.payload] {"id":506,"hb":425}
2025/09/12 08:18:47Z TRACE [msg.payload] {"id":506,"comp":1,"evap":{"in":25.1,"out":20.2,"fan":50},"cond":{"in":27.8,"out":37.9,"fan":100}}
2025/09/12 08:18:47Z TRACE [msg.payload] {"id":506,"hb":426}
2025/09/12 08:18:48Z TRACE [msg.payload] {"id":506,"comp":1,"evap":{"in":24.9,"out":19.8,"fan":50},"cond":{"in":27.7,"out":37.8,"fan":100}}
2025/09/12 08:18:48Z TRACE [msg.payload] {"id":506,"hb":427}
2025/09/12 08:18:49Z TRACE [msg.payload] {"id":506,"comp":1,"evap":{"in":25.2,"out":19.9,"fan":50},"cond":{"in":27.9,"out":38.2,"fan":100}}
2025/09/12 08:18:49Z TRACE [msg.payload] {"id":506,"hb":428}
2025/09/12 08:18:50Z TRACE [msg.payload] {"id":506,"comp":1,"evap":{"in":25.2,"out":20.1,"fan":50},"cond":{"in":27.9,"out":38.1,"fan":100}}
2025/09/12 08:18:50Z TRACE [msg.payload] {"id":506,"hb":429}
2025/09/12 08:18:51Z TRACE [msg.payload] {"id":506,"comp":1,"evap":{"in":25.1,"out":20.1,"fan":50},"cond":{"in":27.4,"out":37.9,"fan":100}}
2025/09/12 08:18:51Z TRACE [msg.payload] {"id":506,"hb":430}
2025/09/12 08:18:52Z TRACE [msg.payload] {"id":506,"comp":1,"evap":{"in":24.8,"out":20.1,"fan":50},"cond":{"in":27.9,"out":38,"fan":100}}
2025/09/12 08:18:52Z TRACE [msg.payload] {"id":506,"hb":431}
2025/09/12 08:18:53Z TRACE [msg.payload] {"id":506,"comp":1,"evap":{"in":24.9,"out":19.9,"fan":50},"cond":{"in":27.7,"out":38.1,"fan":100}}
2025/09/12 08:18:53Z TRACE [msg.payload] {"id":506,"hb":432}
2025/09/12 08:18:54Z TRACE [msg.payload] {"id":506,"comp":1,"evap":{"in":24.8,"out":19.8,"fan":50},"cond":{"in":28,"out":38.3,"fan":100}}
2025/09/12 08:18:54Z TRACE [msg.payload] {"id":506,"hb":433}
2025/09/12 08:18:55Z TRACE [msg.payload] {"id":506,"comp":1,"evap":{"in":24.8,"out":20.1,"fan":50},"cond":{"in":27.9,"out":38.2,"fan":100}}
2025/09/12 08:18:55Z TRACE [msg.payload] {"id":506,"hb":434}
2025/09/12 08:18:56Z TRACE [msg.payload] {"id":506,"comp":1,"evap":{"in":25.2,"out":20.1,"fan":50},"cond":{"in":28,"out":38,"fan":100}}
2025/09/12 08:18:56Z TRACE [msg.payload] {"id":506,"hb":435}
2025/09/12 08:18:57Z TRACE [msg.payload] {"id":506,"comp":1,"evap":{"in":22.9,"out":20.1,"fan":50},"cond":{"in":27.8,"out":38,"fan":100}}
2025/09/12 08:18:57Z TRACE [msg.payload] {"id":506,"hb":436}
2025/09/12 08:18:58Z TRACE [msg.payload] {"id":506,"comp":1,"evap":{"in":24.9,"out":19.5,"fan":50},"cond":{"in":27.2,"out":38.1,"fan":100}}
2025/09/12 08:18:58Z TRACE [msg.payload] {"id":506,"hb":437}
2025/09/12 08:18:59Z TRACE [msg.payload] {"id":506,"comp":1,"evap":{"in":25.2,"out":19.8,"fan":50},"cond":{"in":28,"out":39.4,"fan":100}}
2025/09/12 08:18:59Z TRACE [msg.payload] {"id":506,"hb":438}
2025/09/12 08:19:00Z TRACE [msg.payload] {"id":506,"comp":1,"evap":{"in":25.2,"out":19.7,"fan":50},"cond":{"in":28,"out":38.3,"fan":100}}
2025/09/12 08:19:00Z TRACE [msg.payload] {"id":506,"hb":439}
2025/09/12 08:19:01Z TRACE [msg.payload] {"id":506,"comp":1,"evap":{"in":24.9,"out":20,"fan":50},"cond":{"in":27.8,"out":38.2,"fan":100}}
2025/09/12 08:19:01Z TRACE [msg.payload] {"id":506,"hb":440}
2025/09/12 08:19:02Z TRACE [msg.payload] {"id":506,"comp":1,"evap":{"in":24.9,"out":19.6,"fan":50},"cond":{"in":28,"out":38.6,"fan":100}}
2025/09/12 08:19:02Z TRACE [msg.payload] {"id":506,"hb":441}
2025/09/12 08:19:03Z TRACE [msg.payload] {"id":506,"comp":1,"evap":{"in":24.9,"out":19.7,"fan":50},"cond":{"in":27.9,"out":38.5,"fan":100}}
2025/09/12 08:19:03Z TRACE [msg.payload] {"id":506,"hb":442}
2025/09/12 08:19:04Z TRACE [msg.payload] {"id":506,"comp":1,"evap":{"in":24.8,"out":19.7,"fan":50},"cond":{"in":28.4,"out":38.5,"fan":100}}
2025/09/12 08:19:04Z TRACE [msg.payload] {"id":506,"hb":443}
2025/09/12 08:19:05Z TRACE [msg.payload] {"id":506,"comp":1,"evap":{"in":25.2,"out":20.1,"fan":50},"cond":{"in":28,"out":38.4,"fan":100}}
2025/09/12 08:19:05Z TRACE [msg.payload] {"id":506,"hb":444}
2025/09/12 08:19:06Z TRACE [msg.payload] {"id":506,"comp":1,"evap":{"in":25.1,"out":20.3,"fan":50},"cond":{"in":28,"out":38.2,"fan":100}}
2025/09/12 08:19:06Z TRACE [msg.payload] {"id":506,"hb":445}
2025/09/12 08:19:07Z TRACE [msg.payload] {"id":506,"comp":1,"evap":{"in":25.2,"out":19.9,"fan":50},"cond":{"in":27.8,"out":38.3,"fan":100}}
2025/09/12 08:19:07Z TRACE [msg.payload] {"id":506,"hb":446}
2025/09/12 08:19:08Z TRACE [msg.payload] {"id":506,"comp":1,"evap":{"in":24.8,"out":19.5,"fan":50},"cond":{"in":27.9,"out":38.3,"fan":100}}
2025/09/12 08:19:08Z TRACE [msg.payload] {"id":506,"hb":447}
2025/09/12 08:19:09Z TRACE [msg.payload] {"id":506,"comp":1,"evap":{"in":25.2,"out":19.6,"fan":50},"cond":{"in":28.1,"out":38.6,"fan":100}}
2025/09/12 08:19:09Z TRACE [msg.payload] {"id":506,"hb":448}
2025/09/12 08:19:10Z TRACE [msg.payload] {"id":506,"comp":1,"evap":{"in":25.2,"out":19.6,"fan":50},"cond":{"in":28,"out":38.6,"fan":100}}
2025/09/12 08:19:10Z TRACE [msg.payload] {"id":506,"hb":449}
2025/09/12 08:19:11Z TRACE [msg.payload] {"id":506,"comp":1,"evap":{"in":25.1,"out":19.9,"fan":50},"cond":{"in":25.4,"out":38.2,"fan":100}}
2025/09/12 08:19:11Z TRACE [msg.payload] {"id":506,"hb":450}
2025/09/12 08:19:12Z TRACE [msg.payload] {"id":506,"comp":1,"evap":{"in":25,"out":19.7,"fan":50},"cond":{"in":27.8,"out":38.3,"fan":100}}
2025/09/12 08:19:12Z TRACE [msg.payload] {"id":506,"hb":451}
2025/09/12 08:19:13Z TRACE [msg.payload] {"id":506,"comp":1,"evap":{"in":24.9,"out":19.6,"fan":50},"cond":{"in":27.9,"out":38.8,"fan":100}}
2025/09/12 08:19:13Z TRACE [msg.payload] {"id":506,"hb":452}
2025/09/12 08:19:14Z TRACE [msg.payload] {"id":506,"comp":1,"evap":{"in":24.9,"out":19.6,"fan":50},"cond":{"in":28.2,"out":38.9,"fan":100}}
2025/09/12 08:19:14Z TRACE [msg.payload] {"id":506,"hb":453}
2025/09/12 08:19:15Z TRACE [msg.payload] {"id":506,"comp":1,"evap":{"in":25,"out":19.8,"fan":50},"cond":{"in":28.2,"out":38.7,"fan":100}}
2025/09/12 08:19:15Z TRACE [msg.payload] {"id":506,"hb":454}
2025/09/12 08:19:16Z TRACE [msg.payload] {"id":506,"comp":1,"evap":{"in":25.1,"out":19.8,"fan":50},"cond":{"in":26.5,"out":38.8,"fan":100}}
2025/09/12 08:19:16Z TRACE [msg.payload] {"id":506,"hb":455}
2025/09/12 08:19:17Z TRACE [msg.payload] {"id":506,"comp":1,"evap":{"in":23.1,"out":19.8,"fan":50},"cond":{"in":27.8,"out":38.4,"fan":100}}
2025/09/12 08:19:17Z TRACE [msg.payload] {"id":506,"hb":456}
2025/09/12 08:19:18Z TRACE [msg.payload] {"id":506,"comp":1,"evap":{"in":24.8,"out":19.8,"fan":50},"cond":{"in":28,"out":38.6,"fan":100}}
2025/09/12 08:19:18Z TRACE [msg.payload] {"id":506,"hb":457}
2025/09/12 08:19:19Z TRACE [msg.payload] {"id":506,"comp":1,"evap":{"in":24.8,"out":19.6,"fan":50},"cond":{"in":28.2,"out":38.8,"fan":100}}
2025/09/12 08:19:19Z TRACE [msg.payload] {"id":506,"hb":458}
2025/09/12 08:19:20Z TRACE [msg.payload] {"id":506,"comp":1,"evap":{"in":25.2,"out":19.6,"fan":50},"cond":{"in":28.2,"out":38.7,"fan":100}}
2025/09/12 08:19:20Z TRACE [msg.payload] {"id":506,"hb":459}
2025/09/12 08:19:21Z TRACE [msg.payload] {"id":506,"comp":1,"evap":{"in":25.2,"out":19.8,"fan":50},"cond":{"in":28.2,"out":38.6,"fan":100}}
2025/09/12 08:19:21Z TRACE [msg.payload] {"id":506,"hb":460}
2025/09/12 08:19:22Z TRACE [msg.payload] {"id":506,"comp":1,"evap":{"in":25.2,"out":19.8,"fan":50},"cond":{"in":28,"out":38.5,"fan":100}}
2025/09/12 08:19:22Z TRACE [msg.payload] {"id":506,"hb":461}
2025/09/12 08:19:23Z TRACE [msg.payload] {"id":506,"comp":1,"evap":{"in":24.8,"out":19.3,"fan":50},"cond":{"in":28,"out":38.6,"fan":100}}
2025/09/12 08:19:23Z TRACE [msg.payload] {"id":506,"hb":462}
2025/09/12 08:19:24Z TRACE [msg.payload] {"id":506,"comp":1,"evap":{"in":24.6,"out":19.4,"fan":50},"cond":{"in":27.9,"out":38.8,"fan":100}}
2025/09/12 08:19:24Z TRACE [msg.payload] {"id":506,"hb":463}
2025/09/12 08:19:25Z TRACE [msg.payload] {"id":506,"comp":1,"evap":{"in":25.2,"out":19.8,"fan":50},"cond":{"in":28.2,"out":39,"fan":100}}
2025/09/12 08:19:25Z TRACE [msg.payload] {"id":506,"hb":464}
2025/09/12 08:19:26Z TRACE [msg.payload] {"id":506,"comp":1,"evap":{"in":25.2,"out":19.7,"fan":50},"cond":{"in":28.3,"out":39,"fan":100}}
2025/09/12 08:19:26Z TRACE [msg.payload] {"id":506,"hb":465}
2025/09/12 08:19:27Z TRACE [msg.payload] {"id":506,"comp":1,"evap":{"in":24.8,"out":19.7,"fan":50},"cond":{"in":27.9,"out":40.6,"fan":100}}
2025/09/12 08:19:27Z TRACE [msg.payload] {"id":506,"hb":466}
2025/09/12 08:19:28Z TRACE [msg.payload] {"id":506,"comp":1,"evap":{"in":24.7,"out":19.6,"fan":50},"cond":{"in":28,"out":38.8,"fan":100}}
2025/09/12 08:19:28Z TRACE [msg.payload] {"id":506,"hb":467}
2025/09/12 08:19:29Z TRACE [msg.payload] {"id":506,"comp":1,"evap":{"in":24.8,"out":19.3,"fan":50},"cond":{"in":28,"out":39,"fan":100}}
2025/09/12 08:19:29Z TRACE [msg.payload] {"id":506,"hb":468}
2025/09/12 08:19:30Z TRACE [msg.payload] {"id":506,"comp":1,"evap":{"in":25.4,"out":19.4,"fan":50},"cond":{"in":28.4,"out":39,"fan":100}}
2025/09/12 08:19:30Z TRACE [msg.payload] {"id":506,"hb":469}
2025/09/12 08:19:31Z TRACE [msg.payload] {"id":506,"comp":1,"evap":{"in":25.7,"out":19.8,"fan":50},"cond":{"in":28.4,"out":39,"fan":100}}
2025/09/12 08:19:31Z TRACE [msg.payload] {"id":506,"hb":470}
2025/09/12 08:19:32Z TRACE [msg.payload] {"id":506,"comp":1,"evap":{"in":25.2,"out":20.1,"fan":50},"cond":{"in":28,"out":38.8,"fan":100}}
2025/09/12 08:19:32Z TRACE [msg.payload] {"id":506,"hb":471}
2025/09/12 08:19:33Z TRACE [msg.payload] {"id":506,"comp":1,"evap":{"in":25,"out":19.4,"fan":50},"cond":{"in":28.2,"out":38.7,"fan":100}}
2025/09/12 08:19:33Z TRACE [msg.payload] {"id":506,"hb":472}
2025/09/12 08:19:34Z TRACE [msg.payload] {"id":506,"comp":1,"evap":{"in":24.9,"out":19.2,"fan":50},"cond":{"in":28,"out":39.2,"fan":100}}
2025/09/12 08:19:34Z TRACE [msg.payload] {"id":506,"hb":473}
2025/09/12 08:19:35Z TRACE [msg.payload] {"id":506,"comp":1,"evap":{"in":25.2,"out":19.4,"fan":50},"cond":{"in":28.4,"out":39,"fan":100}}
2025/09/12 08:19:35Z TRACE [msg.payload] {"id":506,"hb":474}
2025/09/12 08:19:36Z TRACE [msg.payload] {"id":506,"comp":1,"evap":{"in":25,"out":19.6,"fan":50},"cond":{"in":28.4,"out":39.3,"fan":100}}
2025/09/12 08:19:36Z TRACE [msg.payload] {"id":506,"hb":475}
2025/09/12 08:19:37Z TRACE [msg.payload] {"id":506,"comp":1,"evap":{"in":25.2,"out":19.6,"fan":50},"cond":{"in":28,"out":39,"fan":100}}
2025/09/12 08:19:37Z TRACE [msg.payload] {"id":506,"hb":476}
2025/09/12 08:19:38Z TRACE [msg.payload] {"id":506,"comp":1,"evap":{"in":25.3,"out":19.7,"fan":50},"cond":{"in":28.2,"out":39.1,"fan":100}}
2025/09/12 08:19:38Z TRACE [msg.payload] {"id":506,"hb":477}
2025/09/12 08:19:39Z TRACE [msg.payload] {"id":506,"comp":1,"evap":{"in":24.8,"out":19.3,"fan":50},"cond":{"in":28.5,"out":39.2,"fan":100}}
2025/09/12 08:19:39Z TRACE [msg.payload] {"id":506,"hb":478}
2025/09/12 08:19:40Z TRACE [msg.payload] {"id":506,"comp":1,"evap":{"in":24.9,"out":19.3,"fan":50},"cond":{"in":28.4,"out":39.5,"fan":100}}
2025/09/12 08:19:40Z TRACE [msg.payload] {"id":506,"hb":479}
2025/09/12 08:19:41Z TRACE [msg.payload] {"id":506,"comp":1,"evap":{"in":25.1,"out":19.7,"fan":50},"cond":{"in":28.4,"out":39,"fan":100}}
2025/09/12 08:19:41Z TRACE [msg.payload] {"id":506,"hb":480}
2025/09/12 08:19:42Z TRACE [msg.payload] {"id":506,"comp":1,"evap":{"in":25.4,"out":19.6,"fan":50},"cond":{"in":28,"out":39,"fan":100}}
2025/09/12 08:19:42Z TRACE [msg.payload] {"id":506,"hb":481}
2025/09/12 08:19:43Z TRACE [msg.payload] {"id":506,"comp":1,"evap":{"in":24.9,"out":19.1,"fan":50},"cond":{"in":28,"out":39.4,"fan":100}}
2025/09/12 08:19:43Z TRACE [msg.payload] {"id":506,"hb":482}
2025/09/12 08:19:44Z TRACE [msg.payload] {"id":506,"comp":1,"evap":{"in":25,"out":19.2,"fan":50},"cond":{"in":28,"out":40.6,"fan":100}}
2025/09/12 08:19:44Z TRACE [msg.payload] {"id":506,"hb":483}
2025/09/12 08:19:45Z TRACE [msg.payload] {"id":506,"comp":1,"evap":{"in":25,"out":19.6,"fan":50},"cond":{"in":28.4,"out":39.3,"fan":100}}
2025/09/12 08:19:45Z TRACE [msg.payload] {"id":506,"hb":484}
2025/09/12 08:19:46Z TRACE [msg.payload] {"id":506,"comp":1,"evap":{"in":25.2,"out":20.9,"fan":50},"cond":{"in":28.4,"out":39.7,"fan":100}}
2025/09/12 08:19:46Z TRACE [msg.payload] {"id":506,"hb":485}
2025/09/12 08:19:47Z TRACE [msg.payload] {"id":506,"comp":1,"evap":{"in":24.8,"out":18.6,"fan":50},"cond":{"in":28.5,"out":39,"fan":100}}
2025/09/12 08:19:47Z TRACE [msg.payload] {"id":506,"hb":486}
2025/09/12 08:19:48Z TRACE [msg.payload] {"id":506,"comp":1,"evap":{"in":25.2,"out":19.6,"fan":50},"cond":{"in":28.2,"out":39.1,"fan":100}}
2025/09/12 08:19:48Z TRACE [msg.payload] {"id":506,"hb":487}
2025/09/12 08:19:49Z TRACE [msg.payload] {"id":506,"comp":1,"evap":{"in":24.9,"out":19.1,"fan":50},"cond":{"in":28.9,"out":39.5,"fan":100}}
2025/09/12 08:19:49Z TRACE [msg.payload] {"id":506,"hb":488}
2025/09/12 08:19:50Z TRACE [msg.payload] {"id":506,"comp":1,"evap":{"in":24.8,"out":19.3,"fan":50},"cond":{"in":28.5,"out":39.5,"fan":100}}
2025/09/12 08:19:50Z TRACE [msg.payload] {"id":506,"hb":489}
2025/09/12 08:19:51Z TRACE [msg.payload] {"id":506,"comp":1,"evap":{"in":25.2,"out":19.6,"fan":50},"cond":{"in":28.5,"out":39.1,"fan":100}}
2025/09/12 08:19:51Z TRACE [msg.payload] {"id":506,"hb":490}
2025/09/12 08:19:52Z TRACE [msg.payload] {"id":506,"comp":1,"evap":{"in":25.2,"out":19.4,"fan":50},"cond":{"in":28.5,"out":39.3,"fan":100}}
2025/09/12 08:19:52Z TRACE [msg.payload] {"id":506,"hb":491}
2025/09/12 08:19:53Z TRACE [msg.payload] {"id":506,"comp":1,"evap":{"in":24.8,"out":19.5,"fan":50},"cond":{"in":28.3,"out":39.3,"fan":100}}
2025/09/12 08:19:53Z TRACE [msg.payload] {"id":506,"hb":492}
2025/09/12 08:19:54Z TRACE [msg.payload] {"id":506,"comp":1,"evap":{"in":24.7,"out":19.1,"fan":50},"cond":{"in":28.2,"out":39.3,"fan":100}}
2025/09/12 08:19:54Z TRACE [msg.payload] {"id":506,"hb":493}
2025/09/12 08:19:55Z TRACE [msg.payload] {"id":506,"comp":1,"evap":{"in":24.9,"out":19.1,"fan":50},"cond":{"in":28.5,"out":39.4,"fan":100}}
2025/09/12 08:19:55Z TRACE [msg.payload] {"id":506,"hb":494}
2025/09/12 08:19:56Z TRACE [msg.payload] {"id":506,"comp":1,"evap":{"in":25.2,"out":19.1,"fan":50},"cond":{"in":28.6,"out":39.5,"fan":100}}
2025/09/12 08:19:56Z TRACE [msg.payload] {"id":506,"hb":495}
2025/09/12 08:19:57Z TRACE [msg.payload] {"id":506,"comp":1,"evap":{"in":25.2,"out":19.6,"fan":50},"cond":{"in":28.5,"out":39.3,"fan":100}}
2025/09/12 08:19:57Z TRACE [msg.payload] {"id":506,"hb":496}
2025/09/12 08:19:58Z TRACE [msg.payload] {"id":506,"comp":1,"evap":{"in":25.2,"out":19.6,"fan":50},"cond":{"in":28.3,"out":39.3,"fan":100}}
2025/09/12 08:19:58Z TRACE [msg.payload] {"id":506,"hb":497}
2025/09/12 08:19:59Z TRACE [msg.payload] {"id":506,"comp":1,"evap":{"in":24.9,"out":19,"fan":50},"cond":{"in":28.6,"out":39.1,"fan":100}}
2025/09/12 08:19:59Z TRACE [msg.payload] {"id":506,"hb":498}
2025/09/12 08:20:00Z TRACE [msg.payload] {"id":506,"comp":1,"evap":{"in":25.1,"out":19,"fan":50},"cond":{"in":29.2,"out":39.5,"fan":100}}
2025/09/12 08:20:00Z TRACE [msg.payload] {"id":506,"hb":499}
2025/09/12 08:20:01Z TRACE [msg.payload] {"id":506,"hb":500}
2025/09/12 08:20:01Z TRACE [msg.payload] {"id":506,"comp":1,"evap":{"in":25.1,"out":19.3,"fan":50},"cond":{"in":28.2,"out":39.2,"fan":100}}
2025/09/12 08:20:02Z TRACE [msg.payload] {"id":506,"hb":501}
2025/09/12 08:20:02Z TRACE [msg.payload] {"id":506,"comp":1,"evap":{"in":24.9,"out":19,"fan":50},"cond":{"in":28.2,"out":39.4,"fan":100}}
2025/09/12 08:20:03Z TRACE [msg.payload] {"id":506,"hb":502}
2025/09/12 08:20:03Z TRACE [msg.payload] {"id":506,"comp":1,"evap":{"in":24.8,"out":19,"fan":50},"cond":{"in":28.2,"out":39.4,"fan":100}}
2025/09/12 08:20:04Z TRACE [msg.payload] {"id":506,"hb":503}
2025/09/12 08:20:04Z TRACE [msg.payload] {"id":506,"comp":1,"evap":{"in":25.1,"out":19.7,"fan":50},"cond":{"in":28.3,"out":39.3,"fan":100}}
2025/09/12 08:20:05Z TRACE [msg.payload] {"id":506,"hb":504}
2025/09/12 08:20:05Z TRACE [msg.payload] {"id":506,"comp":1,"evap":{"in":25.2,"out":19,"fan":50},"cond":{"in":28.6,"out":39.8,"fan":100}}
2025/09/12 08:20:06Z TRACE [msg.payload] {"id":506,"hb":505}
2025/09/12 08:20:06Z TRACE [msg.payload] {"id":506,"comp":1,"evap":{"in":24.6,"out":19,"fan":50},"cond":{"in":28.7,"out":39.7,"fan":100}}
2025/09/12 08:20:07Z TRACE [msg.payload] {"id":506,"hb":506}
2025/09/12 08:20:07Z TRACE [msg.payload] {"id":506,"comp":1,"evap":{"in":25.2,"out":19.5,"fan":50},"cond":{"in":28.6,"out":39.5,"fan":100}}
2025/09/12 08:20:08Z TRACE [msg.payload] {"id":506,"hb":507}
2025/09/12 08:20:08Z TRACE [msg.payload] {"id":506,"comp":1,"evap":{"in":25.2,"out":19.3,"fan":50},"cond":{"in":28.3,"out":39.4,"fan":100}}
2025/09/12 08:20:09Z TRACE [msg.payload] {"id":506,"hb":508}
2025/09/12 08:20:09Z TRACE [msg.payload] {"id":506,"comp":1,"evap":{"in":24.9,"out":19,"fan":50},"cond":{"in":28.3,"out":39.9,"fan":100}}
2025/09/12 08:20:10Z TRACE [msg.payload] {"id":506,"hb":509}
2025/09/12 08:20:10Z TRACE [msg.payload] {"id":506,"comp":1,"evap":{"in":24.9,"out":19,"fan":50},"cond":{"in":28.5,"out":39.9,"fan":100}}
2025/09/12 08:20:11Z TRACE [msg.payload] {"id":506,"hb":510}
2025/09/12 08:20:11Z TRACE [msg.payload] {"id":506,"comp":1,"evap":{"in":25.2,"out":19.4,"fan":50},"cond":{"in":28.2,"out":39.8,"fan":100}}
2025/09/12 08:20:12Z TRACE [msg.payload] {"id":506,"hb":511}
2025/09/12 08:20:12Z TRACE [msg.payload] {"id":506,"comp":1,"evap":{"in":25.2,"out":19.3,"fan":50},"cond":{"in":28.3,"out":40,"fan":100}}
2025/09/12 08:20:13Z TRACE [msg.payload] {"id":506,"hb":512}
2025/09/12 08:20:13Z TRACE [msg.payload] {"id":506,"comp":1,"evap":{"in":24.9,"out":19.6,"fan":50},"cond":{"in":28.4,"out":39.6,"fan":100}}
2025/09/12 08:20:14Z TRACE [msg.payload] {"id":506,"hb":513}
2025/09/12 08:20:14Z TRACE [msg.payload] {"id":506,"comp":1,"evap":{"in":25.1,"out":19.3,"fan":50},"cond":{"in":28.3,"out":39.6,"fan":100}}
2025/09/12 08:20:15Z TRACE [msg.payload] {"id":506,"hb":514}
2025/09/12 08:20:15Z TRACE [msg.payload] {"id":506,"comp":1,"evap":{"in":25.1,"out":19,"fan":50},"cond":{"in":29,"out":39.9,"fan":100}}
2025/09/12 08:20:16Z TRACE [msg.payload] {"id":506,"hb":515}
2025/09/12 08:20:16Z TRACE [msg.payload] {"id":506,"comp":1,"evap":{"in":24.5,"out":19,"fan":50},"cond":{"in":28.7,"out":39.8,"fan":100}}
2025/09/12 08:20:17Z TRACE [msg.payload] {"id":506,"hb":516}
2025/09/12 08:20:17Z TRACE [msg.payload] {"id":506,"comp":1,"evap":{"in":24.9,"out":19.3,"fan":50},"cond":{"in":28.6,"out":39.8,"fan":100}}
2025/09/12 08:20:18Z TRACE [msg.payload] {"id":506,"hb":517}
2025/09/12 08:20:18Z TRACE [msg.payload] {"id":506,"comp":1,"evap":{"in":25.2,"out":19.3,"fan":50},"cond":{"in":28.2,"out":39.6,"fan":100}}
2025/09/12 08:20:19Z TRACE [msg.payload] {"id":506,"hb":518}
2025/09/12 08:20:19Z TRACE [msg.payload] {"id":506,"comp":1,"evap":{"in":24.9,"out":18.9,"fan":50},"cond":{"in":28.3,"out":39.9,"fan":100}}
2025/09/12 08:20:20Z TRACE [msg.payload] {"id":506,"hb":519}
2025/09/12 08:20:20Z TRACE [msg.payload] {"id":506,"comp":1,"evap":{"in":24.8,"out":19,"fan":50},"cond":{"in":28.3,"out":39.9,"fan":100}}
2025/09/12 08:20:21Z TRACE [msg.payload] {"id":506,"hb":520}
2025/09/12 08:20:21Z TRACE [msg.payload] {"id":506,"comp":1,"evap":{"in":25.2,"out":19.4,"fan":50},"cond":{"in":28.7,"out":38,"fan":100}}
2025/09/12 08:20:22Z TRACE [msg.payload] {"id":506,"hb":521}
2025/09/12 08:20:22Z TRACE [msg.payload] {"id":506,"comp":1,"evap":{"in":25.1,"out":19.3,"fan":50},"cond":{"in":28.7,"out":40,"fan":100}}
2025/09/12 08:20:23Z TRACE [msg.payload] {"id":506,"hb":522}
2025/09/12 08:20:23Z TRACE [msg.payload] {"id":506,"comp":1,"evap":{"in":24.5,"out":19.2,"fan":50},"cond":{"in":28.4,"out":39.7,"fan":100}}
2025/09/12 08:20:24Z TRACE [msg.payload] {"id":506,"hb":523}
2025/09/12 08:20:24Z TRACE [msg.payload] {"id":506,"comp":1,"evap":{"in":24.9,"out":19.1,"fan":50},"cond":{"in":28.4,"out":39.8,"fan":100}}
2025/09/12 08:20:25Z TRACE [msg.payload] {"id":506,"hb":524}
2025/09/12 08:20:25Z TRACE [msg.payload] {"id":506,"comp":1,"evap":{"in":24.9,"out":18.9,"fan":50},"cond":{"in":28.8,"out":40.1,"fan":100}}
2025/09/12 08:20:26Z TRACE [msg.payload] {"id":506,"hb":525}
2025/09/12 08:20:26Z TRACE [msg.payload] {"id":506,"comp":1,"evap":{"in":24.9,"out":18.7,"fan":50},"cond":{"in":28.6,"out":39.8,"fan":100}}
2025/09/12 08:20:27Z TRACE [msg.payload] {"id":506,"hb":526}
2025/09/12 08:20:27Z TRACE [msg.payload] {"id":506,"comp":1,"evap":{"in":25.2,"out":19.3,"fan":50},"cond":{"in":28.6,"out":39.9,"fan":100}}
2025/09/12 08:20:28Z TRACE [msg.payload] {"id":506,"hb":527}
2025/09/12 08:20:28Z TRACE [msg.payload] {"id":506,"comp":1,"evap":{"in":25.2,"out":19.1,"fan":50},"cond":{"in":28.6,"out":39.5,"fan":100}}
2025/09/12 08:20:29Z TRACE [msg.payload] {"id":506,"hb":528}
2025/09/12 08:20:29Z TRACE [msg.payload] {"id":506,"comp":1,"evap":{"in":24.8,"out":18.6,"fan":50},"cond":{"in":28.4,"out":39.8,"fan":100}}
2025/09/12 08:20:30Z TRACE [msg.payload] {"id":506,"hb":529}
2025/09/12 08:20:30Z TRACE [msg.payload] {"id":506,"comp":1,"evap":{"in":25.1,"out":18.7,"fan":50},"cond":{"in":28.3,"out":40,"fan":100}}
2025/09/12 08:20:31Z TRACE [msg.payload] {"id":506,"hb":530}
2025/09/12 08:20:31Z TRACE [msg.payload] {"id":506,"comp":1,"evap":{"in":25,"out":18.7,"fan":50},"cond":{"in":28.7,"out":40,"fan":100}}
2025/09/12 08:20:32Z TRACE [msg.payload] {"id":506,"hb":531}
2025/09/12 08:20:32Z TRACE [msg.payload] {"id":506,"comp":1,"evap":{"in":24.9,"out":19.1,"fan":50},"cond":{"in":28.7,"out":40,"fan":100}}
2025/09/12 08:20:33Z TRACE [msg.payload] {"id":506,"hb":532}
2025/09/12 08:20:33Z TRACE [msg.payload] {"id":506,"comp":1,"evap":{"in":25.1,"out":19.1,"fan":50},"cond":{"in":28.4,"out":39.8,"fan":100}}
2025/09/12 08:20:34Z TRACE [msg.payload] {"id":506,"hb":533}
2025/09/12 08:20:34Z TRACE [msg.payload] {"id":506,"comp":1,"evap":{"in":24.8,"out":19,"fan":50},"cond":{"in":28.4,"out":39.8,"fan":100}}
2025/09/12 08:20:35Z TRACE [msg.payload] {"id":506,"hb":534}
2025/09/12 08:20:35Z TRACE [msg.payload] {"id":506,"comp":1,"evap":{"in":24.9,"out":18.8,"fan":50},"cond":{"in":28.3,"out":40.2,"fan":100}}
2025/09/12 08:20:36Z TRACE [msg.payload] {"id":506,"hb":535}
2025/09/12 08:20:36Z TRACE [msg.payload] {"id":506,"comp":1,"evap":{"in":24.9,"out":18.6,"fan":50},"cond":{"in":28.7,"out":40.1,"fan":100}}
2025/09/12 08:20:37Z TRACE [msg.payload] {"id":506,"hb":536}
2025/09/12 08:20:37Z TRACE [msg.payload] {"id":506,"comp":1,"evap":{"in":24.9,"out":19.1,"fan":50},"cond":{"in":28.7,"out":40.1,"fan":100}}
2025/09/12 08:20:38Z TRACE [msg.payload] {"id":506,"hb":537}
2025/09/12 08:20:38Z TRACE [msg.payload] {"id":506,"comp":1,"evap":{"in":25.1,"out":19,"fan":50},"cond":{"in":28.7,"out":39.9,"fan":100}}
2025/09/12 08:20:39Z TRACE [msg.payload] {"id":506,"hb":538}
2025/09/12 08:20:39Z TRACE [msg.payload] {"id":506,"comp":1,"evap":{"in":24.9,"out":19.3,"fan":50},"cond":{"in":28.4,"out":39.8,"fan":100}}
2025/09/12 08:20:40Z TRACE [msg.payload] {"id":506,"hb":539}
2025/09/12 08:20:40Z TRACE [msg.payload] {"id":506,"comp":1,"evap":{"in":25.1,"out":18.8,"fan":50},"cond":{"in":28.5,"out":40.2,"fan":100}}
2025/09/12 08:20:41Z TRACE [msg.payload] {"id":506,"hb":540}
2025/09/12 08:20:41Z TRACE [msg.payload] {"id":506,"comp":1,"evap":{"in":25.2,"out":18.6,"fan":50},"cond":{"in":28.7,"out":40.2,"fan":100}}
2025/09/12 08:20:42Z TRACE [msg.payload] {"id":506,"hb":541}
2025/09/12 08:20:42Z TRACE [msg.payload] {"id":506,"comp":1,"evap":{"in":25.3,"out":18.9,"fan":50},"cond":{"in":28.7,"out":40.1,"fan":100}}
2025/09/12 08:20:43Z TRACE [msg.payload] {"id":506,"hb":542}
2025/09/12 08:20:43Z TRACE [msg.payload] {"id":506,"comp":1,"evap":{"in":25.2,"out":19,"fan":50},"cond":{"in":28.4,"out":39.8,"fan":100}}
2025/09/12 08:20:44Z TRACE [msg.payload] {"id":506,"hb":543}
2025/09/12 08:20:44Z TRACE [msg.payload] {"id":506,"comp":1,"evap":{"in":23.5,"out":18.6,"fan":50},"cond":{"in":28.4,"out":39.8,"fan":100}}
2025/09/12 08:20:45Z TRACE [msg.payload] {"id":506,"hb":544}
2025/09/12 08:20:45Z TRACE [msg.payload] {"id":506,"comp":1,"evap":{"in":24.9,"out":18.6,"fan":50},"cond":{"in":28.6,"out":40.2,"fan":100}}
2025/09/12 08:20:46Z TRACE [msg.payload] {"id":506,"hb":545}
2025/09/12 08:20:46Z TRACE [msg.payload] {"id":506,"comp":1,"evap":{"in":24.8,"out":18.5,"fan":50},"cond":{"in":28.7,"out":40.2,"fan":100}}
2025/09/12 08:20:47Z TRACE [msg.payload] {"id":506,"hb":546}
2025/09/12 08:20:47Z TRACE [msg.payload] {"id":506,"comp":1,"evap":{"in":25.2,"out":18.9,"fan":50},"cond":{"in":28.9,"out":40.3,"fan":100}}
2025/09/12 08:20:48Z TRACE [msg.payload] {"id":506,"hb":547}
2025/09/12 08:20:48Z TRACE [msg.payload] {"id":506,"comp":1,"evap":{"in":25.2,"out":18.8,"fan":50},"cond":{"in":28.7,"out":40.1,"fan":100}}
2025/09/12 08:20:49Z TRACE [msg.payload] {"id":506,"hb":548}
2025/09/12 08:20:49Z TRACE [msg.payload] {"id":506,"comp":1,"evap":{"in":24.9,"out":17.9,"fan":50},"cond":{"in":28.5,"out":39.4,"fan":100}}
2025/09/12 08:20:50Z TRACE [msg.payload] {"id":506,"hb":549}
2025/09/12 08:20:50Z TRACE [msg.payload] {"id":506,"comp":1,"evap":{"in":25.1,"out":18.6,"fan":50},"cond":{"in":28.5,"out":40.1,"fan":100}}
2025/09/12 08:20:51Z TRACE [msg.payload] {"id":506,"hb":550}
2025/09/12 08:20:51Z TRACE [msg.payload] {"id":506,"comp":1,"evap":{"in":25.2,"out":18.5,"fan":50},"cond":{"in":28.9,"out":40.5,"fan":100}}
2025/09/12 08:20:52Z TRACE [msg.payload] {"id":506,"hb":551}
2025/09/12 08:20:52Z TRACE [msg.payload] {"id":506,"comp":1,"evap":{"in":25.3,"out":18.5,"fan":50},"cond":{"in":28.9,"out":40.3,"fan":100}}
2025/09/12 08:20:53Z TRACE [msg.payload] {"id":506,"hb":552}
2025/09/12 08:20:53Z TRACE [msg.payload] {"id":506,"comp":1,"evap":{"in":25.1,"out":18.9,"fan":50},"cond":{"in":28.2,"out":39.9,"fan":100}}
2025/09/12 08:20:54Z TRACE [msg.payload] {"id":506,"hb":553}
2025/09/12 08:20:54Z TRACE [msg.payload] {"id":506,"comp":1,"evap":{"in":25.3,"out":18.9,"fan":50},"cond":{"in":28.6,"out":40.2,"fan":100}}
2025/09/12 08:20:55Z TRACE [msg.payload] {"id":506,"hb":554}
2025/09/12 08:20:55Z TRACE [msg.payload] {"id":506,"comp":1,"evap":{"in":24.9,"out":18.4,"fan":50},"cond":{"in":28.6,"out":40.6,"fan":100}}
2025/09/12 08:20:56Z TRACE [msg.payload] {"id":506,"hb":555}
2025/09/12 08:20:56Z TRACE [msg.payload] {"id":506,"comp":1,"evap":{"in":24.8,"out":17.9,"fan":50},"cond":{"in":28.7,"out":40.2,"fan":100}}
2025/09/12 08:20:57Z TRACE [msg.payload] {"id":506,"hb":556}
2025/09/12 08:20:57Z TRACE [msg.payload] {"id":506,"comp":1,"evap":{"in":25.2,"out":17.9,"fan":50},"cond":{"in":28.7,"out":40.6,"fan":100}}
2025/09/12 08:20:58Z TRACE [msg.payload] {"id":506,"hb":557}
2025/09/12 08:20:58Z TRACE [msg.payload] {"id":506,"comp":1,"evap":{"in":25.5,"out":18.9,"fan":50},"cond":{"in":28.8,"out":40.3,"fan":100}}
2025/09/12 08:20:59Z TRACE [msg.payload] {"id":506,"hb":558}
2025/09/12 08:20:59Z TRACE [msg.payload] {"id":506,"comp":1,"evap":{"in":24.8,"out":18.7,"fan":50},"cond":{"in":28.6,"out":40.2,"fan":100}}
2025/09/12 08:21:00Z TRACE [msg.payload] {"id":506,"hb":559}
2025/09/12 08:21:00Z TRACE [msg.payload] {"id":506,"comp":1,"evap":{"in":25.2,"out":18.6,"fan":50},"cond":{"in":28.6,"out":40.2,"fan":100}}
2025/09/12 08:21:01Z TRACE [msg.payload] {"id":506,"hb":560}
2025/09/12 08:21:01Z TRACE [msg.payload] {"id":506,"comp":1,"evap":{"in":24.9,"out":18.4,"fan":50},"cond":{"in":28.6,"out":40.4,"fan":100}}
2025/09/12 08:21:02Z TRACE [msg.payload] {"id":506,"hb":561}
2025/09/12 08:21:02Z TRACE [msg.payload] {"id":506,"comp":1,"evap":{"in":25.1,"out":18.7,"fan":50},"cond":{"in":28.4,"out":40.3,"fan":100}}
2025/09/12 08:21:03Z TRACE [msg.payload] {"id":506,"hb":562}
2025/09/12 08:21:03Z TRACE [msg.payload] {"id":506,"comp":1,"evap":{"in":25.1,"out":18.6,"fan":50},"cond":{"in":28.7,"out":39.7,"fan":100}}
2025/09/12 08:21:04Z TRACE [msg.payload] {"id":506,"hb":563}
2025/09/12 08:21:04Z TRACE [msg.payload] {"id":506,"comp":1,"evap":{"in":25.2,"out":18.6,"fan":50},"cond":{"in":28.5,"out":40.3,"fan":100}}
2025/09/12 08:21:05Z TRACE [msg.payload] {"id":506,"hb":564}
2025/09/12 08:21:05Z TRACE [msg.payload] {"id":506,"comp":1,"evap":{"in":24.8,"out":18.3,"fan":50},"cond":{"in":28.7,"out":40.5,"fan":100}}
2025/09/12 08:21:06Z TRACE [msg.payload] {"id":506,"hb":565}
2025/09/12 08:21:06Z TRACE [msg.payload] {"id":506,"comp":1,"evap":{"in":25.2,"out":17.9,"fan":50},"cond":{"in":28.9,"out":40.5,"fan":100}}
2025/09/12 08:21:07Z TRACE [msg.payload] {"id":506,"hb":566}
2025/09/12 08:21:07Z TRACE [msg.payload] {"id":506,"comp":1,"evap":{"in":25.4,"out":18.5,"fan":50},"cond":{"in":28.9,"out":40.5,"fan":100}}
2025/09/12 08:21:08Z TRACE [msg.payload] {"id":506,"hb":567}
2025/09/12 08:21:08Z TRACE [msg.payload] {"id":506,"comp":1,"evap":{"in":25.1,"out":18.9,"fan":50},"cond":{"in":28.8,"out":40.6,"fan":100}}
2025/09/12 08:21:09Z TRACE [msg.payload] {"id":506,"hb":568}
2025/09/12 08:21:09Z TRACE [msg.payload] {"id":506,"comp":1,"evap":{"in":25.2,"out":18.5,"fan":50},"cond":{"in":28.6,"out":40.3,"fan":100}}
2025/09/12 08:21:10Z TRACE [msg.payload] {"id":506,"hb":569}
2025/09/12 08:21:10Z TRACE [msg.payload] {"id":506,"comp":1,"evap":{"in":24.8,"out":18.5,"fan":50},"cond":{"in":28.6,"out":40.3,"fan":100}}
2025/09/12 08:21:11Z TRACE [msg.payload] {"id":506,"hb":570}
2025/09/12 08:21:11Z TRACE [msg.payload] {"id":506,"comp":1,"evap":{"in":24.6,"out":17.9,"fan":50},"cond":{"in":28.7,"out":40.4,"fan":100}}
2025/09/12 08:21:12Z TRACE [msg.payload] {"id":506,"hb":571}
2025/09/12 08:21:12Z TRACE [msg.payload] {"id":506,"comp":1,"evap":{"in":25.2,"out":17.9,"fan":50},"cond":{"in":28.7,"out":40.4,"fan":100}}
2025/09/12 08:21:13Z TRACE [msg.payload] {"id":506,"hb":572}
2025/09/12 08:21:13Z TRACE [msg.payload] {"id":506,"comp":1,"evap":{"in":25.2,"out":18.6,"fan":50},"cond":{"in":28.7,"out":40.5,"fan":100}}
2025/09/12 08:21:14Z TRACE [msg.payload] {"id":506,"hb":573}
2025/09/12 08:21:14Z TRACE [msg.payload] {"id":506,"comp":1,"evap":{"in":25.2,"out":18.7,"fan":50},"cond":{"in":28,"out":40.4,"fan":100}}
2025/09/12 08:21:15Z TRACE [msg.payload] {"id":506,"hb":574}
2025/09/12 08:21:15Z TRACE [msg.payload] {"id":506,"comp":1,"evap":{"in":25.1,"out":17.9,"fan":50},"cond":{"in":28.6,"out":40.7,"fan":100}}
2025/09/12 08:21:16Z TRACE [msg.payload] {"id":506,"hb":575}
2025/09/12 08:21:16Z TRACE [msg.payload] {"id":506,"comp":1,"evap":{"in":24.8,"out":16.5,"fan":50},"cond":{"in":28.5,"out":40.1,"fan":100}}
2025/09/12 08:21:17Z TRACE [msg.payload] {"id":506,"hb":576}
2025/09/12 08:21:17Z TRACE [msg.payload] {"id":506,"comp":1,"evap":{"in":25,"out":18.5,"fan":50},"cond":{"in":28.9,"out":40.6,"fan":100}}
2025/09/12 08:21:18Z TRACE [msg.payload] {"id":506,"hb":577}
2025/09/12 08:21:18Z TRACE [msg.payload] {"id":506,"comp":1,"evap":{"in":25.3,"out":18.4,"fan":50},"cond":{"in":28.9,"out":40.6,"fan":100}}
2025/09/12 08:21:19Z TRACE [msg.payload] {"id":506,"hb":578}
2025/09/12 08:21:19Z TRACE [msg.payload] {"id":506,"comp":1,"evap":{"in":25.2,"out":18.4,"fan":50},"cond":{"in":28.7,"out":40.5,"fan":100}}
2025/09/12 08:21:20Z TRACE [msg.payload] {"id":506,"hb":579}
2025/09/12 08:21:20Z TRACE [msg.payload] {"id":506,"comp":1,"evap":{"in":24.8,"out":18.3,"fan":50},"cond":{"in":28.7,"out":40.3,"fan":100}}
2025/09/12 08:21:21Z TRACE [msg.payload] {"id":506,"hb":580}
2025/09/12 08:21:21Z TRACE [msg.payload] {"id":506,"comp":1,"evap":{"in":25,"out":17.9,"fan":50},"cond":{"in":28.9,"out":40.6,"fan":100}}
2025/09/12 08:21:22Z TRACE [msg.payload] {"id":506,"hb":581}
2025/09/12 08:21:22Z TRACE [msg.payload] {"id":506,"comp":1,"evap":{"in":24.7,"out":17.9,"fan":50},"cond":{"in":28.9,"out":40.5,"fan":100}}
2025/09/12 08:21:23Z TRACE [msg.payload] {"id":506,"hb":582}
2025/09/12 08:21:23Z TRACE [msg.payload] {"id":506,"comp":1,"evap":{"in":25.3,"out":18.5,"fan":50},"cond":{"in":29,"out":40.5,"fan":100}}
2025/09/12 08:21:24Z TRACE [msg.payload] {"id":506,"hb":583}
2025/09/12 08:21:24Z TRACE [msg.payload] {"id":506,"comp":1,"evap":{"in":23.7,"out":18.4,"fan":50},"cond":{"in":28.8,"out":40.6,"fan":100}}
2025/09/12 08:21:25Z TRACE [msg.payload] {"id":506,"hb":584}
2025/09/12 08:21:25Z TRACE [msg.payload] {"id":506,"comp":1,"evap":{"in":25,"out":17.9,"fan":50},"cond":{"in":28.7,"out":40.5,"fan":100}}
2025/09/12 08:21:26Z TRACE [msg.payload] {"id":506,"hb":585}
2025/09/12 08:21:26Z TRACE [msg.payload] {"id":506,"comp":1,"evap":{"in":24.9,"out":17.9,"fan":50},"cond":{"in":28.7,"out":40.7,"fan":100}}
2025/09/12 08:21:27Z TRACE [msg.payload] {"id":506,"hb":586}
2025/09/12 08:21:27Z TRACE [msg.payload] {"id":506,"comp":1,"evap":{"in":25.3,"out":17.9,"fan":50},"cond":{"in":29.1,"out":40.8,"fan":100}}
2025/09/12 08:21:28Z TRACE [msg.payload] {"id":506,"hb":587}
2025/09/12 08:21:28Z TRACE [msg.payload] {"id":506,"comp":1,"evap":{"in":24.5,"out":17.9,"fan":50},"cond":{"in":29.3,"out":40.8,"fan":100}}
2025/09/12 08:21:29Z TRACE [msg.payload] {"id":506,"hb":588}
2025/09/12 08:21:29Z TRACE [msg.payload] {"id":506,"comp":1,"evap":{"in":24.9,"out":17.9,"fan":50},"cond":{"in":28.7,"out":40.7,"fan":100}}
2025/09/12 08:21:30Z TRACE [msg.payload] {"id":506,"hb":589}
2025/09/12 08:21:30Z TRACE [msg.payload] {"id":506,"comp":1,"evap":{"in":25.2,"out":17.9,"fan":50},"cond":{"in":28.7,"out":40.4,"fan":100}}
2025/09/12 08:21:31Z TRACE [msg.payload] {"id":506,"hb":590}
2025/09/12 08:21:31Z TRACE [msg.payload] {"id":506,"comp":1,"evap":{"in":24.8,"out":17.8,"fan":50},"cond":{"in":28.6,"out":40.7,"fan":100}}
2025/09/12 08:21:32Z TRACE [msg.payload] {"id":506,"hb":591}
2025/09/12 08:21:32Z TRACE [msg.payload] {"id":506,"comp":1,"evap":{"in":24.9,"out":17.7,"fan":50},"cond":{"in":29.2,"out":40.7,"fan":100}}
2025/09/12 08:21:33Z TRACE [msg.payload] {"id":506,"hb":592}
2025/09/12 08:21:33Z TRACE [msg.payload] {"id":506,"comp":1,"evap":{"in":25.2,"out":18.4,"fan":50},"cond":{"in":29.1,"out":40.7,"fan":100}}
2025/09/12 08:21:34Z TRACE [msg.payload] {"id":506,"hb":593}
2025/09/12 08:21:34Z TRACE [msg.payload] {"id":506,"comp":1,"evap":{"in":25.1,"out":17.9,"fan":50},"cond":{"in":28.8,"out":40.5,"fan":100}}
2025/09/12 08:21:35Z TRACE [msg.payload] {"id":506,"hb":594}
2025/09/12 08:21:35Z TRACE [msg.payload] {"id":506,"comp":1,"evap":{"in":25.1,"out":17.7,"fan":50},"cond":{"in":28.7,"out":40.9,"fan":100}}
2025/09/12 08:21:36Z TRACE [msg.payload] {"id":506,"hb":595}
2025/09/12 08:21:36Z TRACE [msg.payload] {"id":506,"comp":1,"evap":{"in":24.8,"out":13.9,"fan":50},"cond":{"in":28.7,"out":40.6,"fan":100}}
2025/09/12 08:21:37Z TRACE [msg.payload] {"id":506,"hb":596}
2025/09/12 08:21:37Z TRACE [msg.payload] {"id":506,"comp":1,"evap":{"in":25.5,"out":17.9,"fan":50},"cond":{"in":29.2,"out":40.8,"fan":100}}
2025/09/12 08:21:38Z TRACE [msg.payload] {"id":506,"hb":597}
2025/09/12 08:21:38Z TRACE [msg.payload] {"id":506,"comp":1,"evap":{"in":25,"out":17.8,"fan":50},"cond":{"in":29.4,"out":40.8,"fan":100}}
2025/09/12 08:21:39Z TRACE [msg.payload] {"id":506,"hb":598}
2025/09/12 08:21:39Z TRACE [msg.payload] {"id":506,"comp":1,"evap":{"in":25,"out":17.9,"fan":50},"cond":{"in":28.7,"out":40.6,"fan":100}}
2025/09/12 08:21:40Z TRACE [msg.payload] {"id":506,"hb":599}
2025/09/12 08:21:40Z TRACE [msg.payload] {"id":506,"comp":1,"evap":{"in":25.2,"out":17.1,"fan":50},"cond":{"in":28.8,"out":40.6,"fan":100}}
2025/09/12 08:21:41Z TRACE [msg.payload] {"id":506,"hb":600}
2025/09/12 08:21:41Z TRACE [msg.payload] {"id":506,"comp":1,"evap":{"in":24.9,"out":17.6,"fan":50},"cond":{"in":28.6,"out":40.9,"fan":100}}
2025/09/12 08:21:42Z TRACE [msg.payload] {"id":506,"hb":601}
2025/09/12 08:21:42Z TRACE [msg.payload] {"id":506,"comp":1,"evap":{"in":25.3,"out":17.7,"fan":50},"cond":{"in":29.3,"out":40.9,"fan":100}}
2025/09/12 08:21:43Z TRACE [msg.payload] {"id":506,"hb":602}
2025/09/12 08:21:43Z TRACE [msg.payload] {"id":506,"comp":1,"evap":{"in":25.2,"out":17.9,"fan":50},"cond":{"in":29.2,"out":40.8,"fan":100}}
2025/09/12 08:21:44Z TRACE [msg.payload] {"id":506,"hb":603}
2025/09/12 08:21:44Z TRACE [msg.payload] {"id":506,"comp":1,"evap":{"in":25.2,"out":17.9,"fan":50},"cond":{"in":29.2,"out":40.9,"fan":100}}
2025/09/12 08:21:45Z TRACE [msg.payload] {"id":506,"hb":604}
2025/09/12 08:21:45Z TRACE [msg.payload] {"id":506,"comp":1,"evap":{"in":25.1,"out":17.7,"fan":50},"cond":{"in":28.8,"out":40.7,"fan":100}}
2025/09/12 08:21:46Z TRACE [msg.payload] {"id":506,"hb":605}
2025/09/12 08:21:46Z TRACE [msg.payload] {"id":506,"comp":1,"evap":{"in":24.9,"out":17.9,"fan":50},"cond":{"in":28.7,"out":40.6,"fan":100}}
2025/09/12 08:21:47Z TRACE [msg.payload] {"id":506,"hb":606}
2025/09/12 08:21:47Z TRACE [msg.payload] {"id":506,"comp":1,"evap":{"in":25.3,"out":17.8,"fan":50},"cond":{"in":29.4,"out":40.9,"fan":100}}
2025/09/12 08:21:48Z TRACE [msg.payload] {"id":506,"hb":607}
2025/09/12 08:21:48Z TRACE [msg.payload] {"id":506,"comp":1,"evap":{"in":24.9,"out":17.5,"fan":50},"cond":{"in":29,"out":40.9,"fan":100}}
2025/09/12 08:21:49Z TRACE [msg.payload] {"id":506,"hb":608}
2025/09/12 08:21:49Z TRACE [msg.payload] {"id":506,"comp":1,"evap":{"in":25.2,"out":17.9,"fan":50},"cond":{"in":28.5,"out":40.3,"fan":100}}
2025/09/12 08:21:50Z TRACE [msg.payload] {"id":506,"hb":609}
2025/09/12 08:21:50Z TRACE [msg.payload] {"id":506,"comp":1,"evap":{"in":25.2,"out":17.9,"fan":50},"cond":{"in":28.8,"out":40.8,"fan":100}}
2025/09/12 08:21:51Z TRACE [msg.payload] {"id":506,"hb":610}
2025/09/12 08:21:51Z TRACE [msg.payload] {"id":506,"comp":1,"evap":{"in":24.8,"out":17.7,"fan":50},"cond":{"in":29,"out":40.9,"fan":100}}
2025/09/12 08:21:52Z TRACE [msg.payload] {"id":506,"hb":611}
2025/09/12 08:21:52Z TRACE [msg.payload] {"id":506,"comp":1,"evap":{"in":25.1,"out":17.7,"fan":50},"cond":{"in":29.4,"out":40.9,"fan":100}}
2025/09/12 08:21:53Z TRACE [msg.payload] {"id":506,"hb":612}
2025/09/12 08:21:53Z TRACE [msg.payload] {"id":506,"comp":1,"evap":{"in":25.1,"out":17.9,"fan":50},"cond":{"in":28.7,"out":40.9,"fan":100}}
2025/09/12 08:21:54Z TRACE [msg.payload] {"id":506,"hb":613}
2025/09/12 08:21:54Z TRACE [msg.payload] {"id":506,"comp":1,"evap":{"in":25.5,"out":17.9,"fan":50},"cond":{"in":29.3,"out":38.3,"fan":100}}
2025/09/12 08:21:55Z TRACE [msg.payload] {"id":506,"hb":614}
2025/09/12 08:21:55Z TRACE [msg.payload] {"id":506,"comp":1,"evap":{"in":25.5,"out":17.8,"fan":50},"cond":{"in":28.9,"out":40.8,"fan":100}}
2025/09/12 08:21:56Z TRACE [msg.payload] {"id":506,"hb":615}
2025/09/12 08:21:56Z TRACE [msg.payload] {"id":506,"comp":1,"evap":{"in":25,"out":16.3,"fan":50},"cond":{"in":28.9,"out":40.7,"fan":100}}
2025/09/12 08:21:57Z TRACE [msg.payload] {"id":506,"hb":616}
2025/09/12 08:21:57Z TRACE [msg.payload] {"id":506,"comp":1,"evap":{"in":24.8,"out":17.7,"fan":50},"cond":{"in":29.2,"out":41.5,"fan":100}}
2025/09/12 08:21:58Z TRACE [msg.payload] {"id":506,"hb":617}
2025/09/12 08:21:58Z TRACE [msg.payload] {"id":506,"comp":1,"evap":{"in":25.1,"out":17.9,"fan":50},"cond":{"in":29.4,"out":40.9,"fan":100}}
2025/09/12 08:21:59Z TRACE [msg.payload] {"id":506,"hb":618}
2025/09/12 08:21:59Z TRACE [msg.payload] {"id":506,"comp":1,"evap":{"in":25.3,"out":19.1,"fan":50},"cond":{"in":28.8,"out":40.9,"fan":100}}
2025/09/12 08:22:00Z TRACE [msg.payload] {"id":506,"hb":619}
2025/09/12 08:22:00Z TRACE [msg.payload] {"id":506,"comp":1,"evap":{"in":25.2,"out":17.9,"fan":50},"cond":{"in":28.9,"out":40.9,"fan":100}}
2025/09/12 08:22:01Z TRACE [msg.payload] {"id":506,"hb":620}
2025/09/12 08:22:01Z TRACE [msg.payload] {"id":506,"comp":1,"evap":{"in":24.9,"out":17.6,"fan":50},"cond":{"in":29.4,"out":40.9,"fan":100}}
2025/09/12 08:22:02Z TRACE [msg.payload] {"id":506,"hb":621}
2025/09/12 08:22:02Z TRACE [msg.payload] {"id":506,"comp":1,"evap":{"in":25.2,"out":17.9,"fan":50},"cond":{"in":29.3,"out":40.8,"fan":100}}
2025/09/12 08:22:03Z TRACE [msg.payload] {"id":506,"hb":622}
2025/09/12 08:22:03Z TRACE [msg.payload] {"id":506,"comp":1,"evap":{"in":25.4,"out":17.6,"fan":50},"cond":{"in":29.4,"out":40.9,"fan":100}}
2025/09/12 08:22:04Z TRACE [msg.payload] {"id":506,"hb":623}
2025/09/12 08:22:04Z TRACE [msg.payload] {"id":506,"comp":1,"evap":{"in":25.2,"out":17.8,"fan":50},"cond":{"in":29.3,"out":40.9,"fan":100}}
2025/09/12 08:22:05Z TRACE [msg.payload] {"id":506,"hb":624}
2025/09/12 08:22:05Z TRACE [msg.payload] {"id":506,"comp":1,"evap":{"in":24.8,"out":17.4,"fan":50},"cond":{"in":28.9,"out":40.8,"fan":100}}
2025/09/12 08:22:06Z TRACE [msg.payload] {"id":506,"hb":625}
2025/09/12 08:22:06Z TRACE [msg.payload] {"id":506,"comp":1,"evap":{"in":25.1,"out":17.9,"fan":50},"cond":{"in":28.8,"out":40.8,"fan":100}}
2025/09/12 08:22:07Z TRACE [msg.payload] {"id":506,"hb":626}
2025/09/12 08:22:07Z TRACE [msg.payload] {"id":506,"comp":1,"evap":{"in":25.7,"out":17.6,"fan":50},"cond":{"in":29,"out":40.9,"fan":100}}
2025/09/12 08:22:08Z TRACE [msg.payload] {"id":506,"hb":627}
2025/09/12 08:22:08Z TRACE [msg.payload] {"id":506,"comp":1,"evap":{"in":25.1,"out":17.6,"fan":50},"cond":{"in":29.3,"out":40.9,"fan":100}}
2025/09/12 08:22:09Z TRACE [msg.payload] {"id":506,"hb":628}
2025/09/12 08:22:09Z TRACE [msg.payload] {"id":506,"comp":1,"evap":{"in":25.1,"out":17.9,"fan":50},"cond":{"in":29,"out":40.9,"fan":100}}
2025/09/12 08:22:10Z TRACE [msg.payload] {"id":506,"hb":629}
2025/09/12 08:22:10Z TRACE [msg.payload] {"id":506,"comp":1,"evap":{"in":25.3,"out":17.8,"fan":50},"cond":{"in":29,"out":40.8,"fan":100}}
2025/09/12 08:22:11Z TRACE [msg.payload] {"id":506,"hb":630}
2025/09/12 08:22:11Z TRACE [msg.payload] {"id":506,"comp":1,"evap":{"in":25.2,"out":17.6,"fan":50},"cond":{"in":28.8,"out":40.9,"fan":100}}
2025/09/12 08:22:12Z TRACE [msg.payload] {"id":506,"hb":631}
2025/09/12 08:22:12Z TRACE [msg.payload] {"id":506,"comp":1,"evap":{"in":25.1,"out":17.5,"fan":50},"cond":{"in":28.9,"out":40.9,"fan":100}}
2025/09/12 08:22:13Z TRACE [msg.payload] {"id":506,"hb":632}
2025/09/12 08:22:13Z TRACE [msg.payload] {"id":506,"comp":1,"evap":{"in":25.2,"out":17.6,"fan":50},"cond":{"in":29.4,"out":40.9,"fan":100}}
2025/09/12 08:22:14Z TRACE [msg.payload] {"id":506,"hb":633}
2025/09/12 08:22:14Z TRACE [msg.payload] {"id":506,"comp":1,"evap":{"in":25.4,"out":17.8,"fan":50},"cond":{"in":29.4,"out":40.9,"fan":100}}
2025/09/12 08:22:15Z TRACE [msg.payload] {"id":506,"hb":634}
2025/09/12 08:22:15Z TRACE [msg.payload] {"id":506,"comp":1,"evap":{"in":25,"out":17.8,"fan":50},"cond":{"in":29,"out":40.9,"fan":100}}
2025/09/12 08:22:16Z TRACE [msg.payload] {"id":506,"hb":635}
2025/09/12 08:22:16Z TRACE [msg.payload] {"id":506,"comp":1,"evap":{"in":25.2,"out":17.9,"fan":50},"cond":{"in":29.1,"out":40.9,"fan":100}}
2025/09/12 08:22:17Z TRACE [msg.payload] {"id":506,"hb":636}
2025/09/12 08:22:17Z TRACE [msg.payload] {"id":506,"comp":1,"evap":{"in":25.2,"out":17.6,"fan":50},"cond":{"in":28.9,"out":40.9,"fan":100}}
2025/09/12 08:22:18Z TRACE [msg.payload] {"id":506,"hb":637}
2025/09/12 08:22:18Z TRACE [msg.payload] {"id":506,"comp":1,"evap":{"in":24.9,"out":17.4,"fan":50},"cond":{"in":29.3,"out":40.9,"fan":100}}
2025/09/12 08:22:19Z TRACE [msg.payload] {"id":506,"hb":638}
2025/09/12 08:22:19Z TRACE [msg.payload] {"id":506,"comp":1,"evap":{"in":25.1,"out":17.9,"fan":50},"cond":{"in":29.4,"out":40.9,"fan":100}}
2025/09/12 08:22:20Z TRACE [msg.payload] {"id":506,"hb":639}
2025/09/12 08:22:20Z TRACE [msg.payload] {"id":506,"comp":1,"evap":{"in":25.1,"out":17.9,"fan":50},"cond":{"in":29.2,"out":40.9,"fan":100}}
2025/09/12 08:22:21Z TRACE [msg.payload] {"id":506,"hb":640}
2025/09/12 08:22:21Z TRACE [msg.payload] {"id":506,"comp":1,"evap":{"in":25.2,"out":17.5,"fan":50},"cond":{"in":28.9,"out":40.9,"fan":100}}
2025/09/12 08:22:22Z TRACE [msg.payload] {"id":506,"hb":641}
2025/09/12 08:22:22Z TRACE [msg.payload] {"id":506,"comp":1,"evap":{"in":24.9,"out":17.6,"fan":50},"cond":{"in":29.4,"out":40.9,"fan":100}}
2025/09/12 08:22:23Z TRACE [msg.payload] {"id":506,"hb":642}
2025/09/12 08:22:23Z TRACE [msg.payload] {"id":506,"comp":1,"evap":{"in":25.2,"out":17.5,"fan":50},"cond":{"in":29.4,"out":40.9,"fan":100}}
2025/09/12 08:22:24Z TRACE [msg.payload] {"id":506,"hb":643}
2025/09/12 08:22:24Z TRACE [msg.payload] {"id":506,"comp":1,"evap":{"in":25.2,"out":18.8,"fan":50},"cond":{"in":29.4,"out":40.9,"fan":100}}
2025/09/12 08:22:25Z TRACE [msg.payload] {"id":506,"hb":644}
2025/09/12 08:22:25Z TRACE [msg.payload] {"id":506,"comp":1,"evap":{"in":24.9,"out":17.9,"fan":50},"cond":{"in":29,"out":40.9,"fan":100}}
2025/09/12 08:22:26Z TRACE [msg.payload] {"id":506,"hb":645}
2025/09/12 08:22:26Z TRACE [msg.payload] {"id":506,"comp":1,"evap":{"in":24.9,"out":17.9,"fan":50},"cond":{"in":29.2,"out":40.9,"fan":100}}
2025/09/12 08:22:27Z TRACE [msg.payload] {"id":506,"hb":646}
2025/09/12 08:22:27Z TRACE [msg.payload] {"id":506,"comp":1,"evap":{"in":25.1,"out":17.5,"fan":50},"cond":{"in":29.3,"out":41.7,"fan":100}}
2025/09/12 08:22:28Z TRACE [msg.payload] {"id":506,"hb":647}
2025/09/12 08:22:28Z TRACE [msg.payload] {"id":506,"comp":1,"evap":{"in":24.9,"out":17.4,"fan":50},"cond":{"in":30.8,"out":40.9,"fan":100}}
2025/09/12 08:22:29Z TRACE [msg.payload] {"id":506,"hb":648}
2025/09/12 08:22:29Z TRACE [msg.payload] {"id":506,"comp":1,"evap":{"in":25.3,"out":17.9,"fan":50},"cond":{"in":29.4,"out":40.9,"fan":100}}
2025/09/12 08:22:30Z TRACE [msg.payload] {"id":506,"hb":649}
2025/09/12 08:22:30Z TRACE [msg.payload] {"id":506,"comp":1,"evap":{"in":25.4,"out":17.9,"fan":50},"cond":{"in":29.4,"out":40.9,"fan":100}}
2025/09/12 08:22:31Z TRACE [msg.payload] {"id":506,"hb":650}
2025/09/12 08:22:31Z TRACE [msg.payload] {"id":506,"comp":1,"evap":{"in":24.9,"out":17.5,"fan":50},"cond":{"in":29.1,"out":40.9,"fan":100}}
2025/09/12 08:22:32Z TRACE [msg.payload] {"id":506,"hb":651}
2025/09/12 08:22:32Z TRACE [msg.payload] {"id":506,"comp":1,"evap":{"in":25,"out":17.6,"fan":50},"cond":{"in":29.2,"out":40.9,"fan":100}}
2025/09/12 08:22:33Z TRACE [msg.payload] {"id":506,"hb":652}
2025/09/12 08:22:33Z TRACE [msg.payload] {"id":506,"comp":1,"evap":{"in":25.4,"out":17.5,"fan":50},"cond":{"in":29.4,"out":41.5,"fan":100}}
2025/09/12 08:22:34Z TRACE [msg.payload] {"id":506,"hb":653}
2025/09/12 08:22:34Z TRACE [msg.payload] {"id":506,"comp":1,"evap":{"in":24.8,"out":17.5,"fan":50},"cond":{"in":28.9,"out":40.9,"fan":100}}
2025/09/12 08:22:35Z TRACE [msg.payload] {"id":506,"hb":654}
2025/09/12 08:22:35Z TRACE [msg.payload] {"id":506,"comp":1,"evap":{"in":25.2,"out":17.7,"fan":50},"cond":{"in":29.2,"out":41.9,"fan":100}}
2025/09/12 08:22:36Z TRACE [msg.payload] {"id":506,"hb":655}
2025/09/12 08:22:36Z TRACE [msg.payload] {"id":506,"comp":1,"evap":{"in":25.3,"out":17.7,"fan":50},"cond":{"in":29.2,"out":40.9,"fan":100}}
2025/09/12 08:22:37Z TRACE [msg.payload] {"id":506,"hb":656}
2025/09/12 08:22:37Z TRACE [msg.payload] {"id":506,"comp":1,"evap":{"in":25.1,"out":17.4,"fan":50},"cond":{"in":29.2,"out":40.9,"fan":100}}
2025/09/12 08:22:38Z TRACE [msg.payload] {"id":506,"hb":657}
2025/09/12 08:22:38Z TRACE [msg.payload] {"id":506,"comp":1,"evap":{"in":25,"out":17.5,"fan":50},"cond":{"in":28.9,"out":40.9,"fan":100}}
2025/09/12 08:22:39Z TRACE [msg.payload] {"id":506,"hb":658}
2025/09/12 08:22:39Z TRACE [msg.payload] {"id":506,"comp":1,"evap":{"in":25.3,"out":17.7,"fan":50},"cond":{"in":29.4,"out":40.9,"fan":100}}
2025/09/12 08:22:40Z TRACE [msg.payload] {"id":506,"hb":659}
2025/09/12 08:22:40Z TRACE [msg.payload] {"id":506,"comp":1,"evap":{"in":25.2,"out":17.9,"fan":50},"cond":{"in":29.4,"out":40.9,"fan":100}}
2025/09/12 08:22:41Z TRACE [msg.payload] {"id":506,"hb":660}
2025/09/12 08:22:41Z TRACE [msg.payload] {"id":506,"comp":1,"evap":{"in":25,"out":17.7,"fan":50},"cond":{"in":29.1,"out":40.6,"fan":100}}
2025/09/12 08:22:42Z TRACE [msg.payload] {"id":506,"hb":661}
2025/09/12 08:22:42Z TRACE [msg.payload] {"id":506,"comp":1,"evap":{"in":25,"out":17.6,"fan":50},"cond":{"in":29.2,"out":40.9,"fan":100}}
2025/09/12 08:22:43Z TRACE [msg.payload] {"id":506,"hb":662}
2025/09/12 08:22:43Z TRACE [msg.payload] {"id":506,"comp":1,"evap":{"in":24.9,"out":17.4,"fan":50},"cond":{"in":29.5,"out":41.6,"fan":100}}
2025/09/12 08:22:44Z TRACE [msg.payload] {"id":506,"hb":663}
2025/09/12 08:22:44Z TRACE [msg.payload] {"id":506,"comp":1,"evap":{"in":24.8,"out":17.4,"fan":50},"cond":{"in":28.7,"out":41.6,"fan":100}}
2025/09/12 08:22:45Z TRACE [msg.payload] {"id":506,"hb":664}
2025/09/12 08:22:45Z TRACE [msg.payload] {"id":506,"comp":1,"evap":{"in":25.3,"out":17.8,"fan":50},"cond":{"in":29.4,"out":40.9,"fan":100}}
2025/09/12 08:22:46Z TRACE [msg.payload] {"id":506,"hb":665}
2025/09/12 08:22:46Z TRACE [msg.payload] {"id":506,"comp":1,"evap":{"in":25.2,"out":17.6,"fan":50},"cond":{"in":29,"out":40.9,"fan":100}}
2025/09/12 08:22:47Z TRACE [msg.payload] {"id":506,"hb":666}
2025/09/12 08:22:47Z TRACE [msg.payload] {"id":506,"comp":1,"evap":{"in":25.1,"out":17.5,"fan":50},"cond":{"in":29.2,"out":40.9,"fan":100}}
2025/09/12 08:22:48Z TRACE [msg.payload] {"id":506,"hb":667}
2025/09/12 08:22:48Z TRACE [msg.payload] {"id":506,"comp":1,"evap":{"in":25,"out":17.5,"fan":50},"cond":{"in":29.3,"out":41.8,"fan":100}}
2025/09/12 08:22:49Z TRACE [msg.payload] {"id":506,"hb":668}
2025/09/12 08:22:49Z TRACE [msg.payload] {"id":506,"comp":1,"evap":{"in":25.2,"out":17.7,"fan":50},"cond":{"in":29.5,"out":41.6,"fan":100}}
2025/09/12 08:22:50Z TRACE [msg.payload] {"id":506,"hb":669}
2025/09/12 08:22:50Z TRACE [msg.payload] {"id":506,"comp":1,"evap":{"in":25.3,"out":17.8,"fan":50},"cond":{"in":29.4,"out":41.6,"fan":100}}
2025/09/12 08:22:51Z TRACE [msg.payload] {"id":506,"hb":670}
2025/09/12 08:22:51Z TRACE [msg.payload] {"id":506,"comp":1,"evap":{"in":25.2,"out":17.8,"fan":50},"cond":{"in":29.3,"out":40.9,"fan":100}}
2025/09/12 08:22:52Z TRACE [msg.payload] {"id":506,"hb":671}
2025/09/12 08:22:52Z TRACE [msg.payload] {"id":506,"comp":1,"evap":{"in":25,"out":17.6,"fan":50},"cond":{"in":29.3,"out":40.9,"fan":100}}
2025/09/12 08:22:53Z TRACE [msg.payload] {"id":506,"hb":672}
2025/09/12 08:22:53Z TRACE [msg.payload] {"id":506,"comp":1,"evap":{"in":25.1,"out":17.6,"fan":50},"cond":{"in":28.5,"out":41.6,"fan":100}}
2025/09/12 08:22:54Z TRACE [msg.payload] {"id":506,"hb":673}
2025/09/12 08:22:54Z TRACE [msg.payload] {"id":506,"comp":1,"evap":{"in":25.2,"out":17.3,"fan":50},"cond":{"in":29.4,"out":41.6,"fan":100}}
2025/09/12 08:22:55Z TRACE [msg.payload] {"id":506,"hb":674}
2025/09/12 08:22:55Z TRACE [msg.payload] {"id":506,"comp":1,"evap":{"in":25.2,"out":17.7,"fan":50},"cond":{"in":29.6,"out":40.9,"fan":100}}
2025/09/12 08:22:56Z TRACE [msg.payload] {"id":506,"hb":675}
2025/09/12 08:22:56Z TRACE [msg.payload] {"id":506,"comp":1,"evap":{"in":23.8,"out":17.6,"fan":50},"cond":{"in":29.4,"out":41.6,"fan":100}}
2025/09/12 08:22:57Z TRACE [msg.payload] {"id":506,"hb":676}
2025/09/12 08:22:57Z TRACE [msg.payload] {"id":506,"comp":1,"evap":{"in":24.8,"out":17.4,"fan":50},"cond":{"in":29.3,"out":41.7,"fan":100}}
2025/09/12 08:22:58Z TRACE [msg.payload] {"id":506,"hb":677}
2025/09/12 08:22:58Z TRACE [msg.payload] {"id":506,"comp":1,"evap":{"in":25,"out":17.3,"fan":50},"cond":{"in":29.3,"out":42.1,"fan":100}}
2025/09/12 08:22:59Z TRACE [msg.payload] {"id":506,"hb":678}
2025/09/12 08:22:59Z TRACE [msg.payload] {"id":506,"comp":1,"evap":{"in":25.4,"out":17.9,"fan":50},"cond":{"in":29.6,"out":41.7,"fan":100}}
2025/09/12 08:23:00Z TRACE [msg.payload] {"id":506,"hb":679}
2025/09/12 08:23:00Z TRACE [msg.payload] {"id":506,"comp":1,"evap":{"in":25.3,"out":17.8,"fan":50},"cond":{"in":29.5,"out":41.7,"fan":100}}
2025/09/12 08:23:01Z TRACE [msg.payload] {"id":506,"hb":680}
2025/09/12 08:23:01Z TRACE [msg.payload] {"id":506,"comp":1,"evap":{"in":25.1,"out":17.6,"fan":50},"cond":{"in":29.4,"out":41.5,"fan":100}}
2025/09/12 08:23:02Z TRACE [msg.payload] {"id":506,"hb":681}
2025/09/12 08:23:02Z TRACE [msg.payload] {"id":506,"comp":1,"evap":{"in":25.1,"out":17.3,"fan":50},"cond":{"in":29.6,"out":41.8,"fan":100}}
2025/09/12 08:23:03Z TRACE [msg.payload] {"id":506,"hb":682}
2025/09/12 08:23:03Z TRACE [msg.payload] {"id":506,"comp":1,"evap":{"in":25.1,"out":17.1,"fan":50},"cond":{"in":29.3,"out":41.7,"fan":100}}
2025/09/12 08:23:04Z TRACE [msg.payload] {"id":506,"hb":683}
2025/09/12 08:23:04Z TRACE [msg.payload] {"id":506,"comp":1,"evap":{"in":25,"out":17.2,"fan":50},"cond":{"in":29.5,"out":41.7,"fan":100}}
2025/09/12 08:23:05Z TRACE [msg.payload] {"id":506,"hb":684}
2025/09/12 08:23:05Z TRACE [msg.payload] {"id":506,"comp":1,"evap":{"in":25.4,"out":17.6,"fan":50},"cond":{"in":29.5,"out":41.9,"fan":100}}
2025/09/12 08:23:06Z TRACE [msg.payload] {"id":506,"hb":685}
2025/09/12 08:23:06Z TRACE [msg.payload] {"id":506,"comp":1,"evap":{"in":25.2,"out":17.6,"fan":50},"cond":{"in":29.4,"out":41.6,"fan":100}}
2025/09/12 08:23:07Z TRACE [msg.payload] {"id":506,"hb":686}
2025/09/12 08:23:07Z TRACE [msg.payload] {"id":506,"comp":1,"evap":{"in":25.2,"out":16.8,"fan":50},"cond":{"in":29.3,"out":40.9,"fan":100}}
2025/09/12 08:23:08Z TRACE [msg.payload] {"id":506,"hb":687}
2025/09/12 08:23:08Z TRACE [msg.payload] {"id":506,"comp":1,"evap":{"in":25,"out":16.7,"fan":50},"cond":{"in":29.3,"out":40.9,"fan":100}}
2025/09/12 08:23:09Z TRACE [msg.payload] {"id":506,"hb":688}
2025/09/12 08:23:09Z TRACE [msg.payload] {"id":506,"comp":1,"evap":{"in":25.4,"out":17.3,"fan":50},"cond":{"in":29.6,"out":41.8,"fan":100}}
2025/09/12 08:23:10Z TRACE [msg.payload] {"id":506,"hb":689}
2025/09/12 08:23:10Z TRACE [msg.payload] {"id":506,"comp":1,"evap":{"in":25.2,"out":17.6,"fan":50},"cond":{"in":29.6,"out":42,"fan":100}}
2025/09/12 08:23:11Z TRACE [msg.payload] {"id":506,"hb":690}
2025/09/12 08:23:11Z TRACE [msg.payload] {"id":506,"comp":1,"evap":{"in":25.3,"out":17.7,"fan":50},"cond":{"in":29.4,"out":41.6,"fan":100}}
2025/09/12 08:23:12Z TRACE [msg.payload] {"id":506,"hb":691}
2025/09/12 08:23:12Z TRACE [msg.payload] {"id":506,"comp":1,"evap":{"in":25.2,"out":17.6,"fan":50},"cond":{"in":29.3,"out":41.7,"fan":100}}
2025/09/12 08:23:13Z TRACE [msg.payload] {"id":506,"hb":692}
2025/09/12 08:23:13Z TRACE [msg.payload] {"id":506,"comp":1,"evap":{"in":25.1,"out":17.2,"fan":50},"cond":{"in":31,"out":41.8,"fan":100}}
2025/09/12 08:23:14Z TRACE [msg.payload] {"id":506,"hb":693}
2025/09/12 08:23:14Z TRACE [msg.payload] {"id":506,"comp":1,"evap":{"in":24.9,"out":17.2,"fan":50},"cond":{"in":29.6,"out":41.7,"fan":100}}
2025/09/12 08:23:15Z TRACE [msg.payload] {"id":506,"hb":694}
2025/09/12 08:23:15Z TRACE [msg.payload] {"id":506,"comp":1,"evap":{"in":25.3,"out":17.5,"fan":50},"cond":{"in":29.6,"out":40.9,"fan":100}}
2025/09/12 08:23:16Z TRACE [msg.payload] {"id":506,"hb":695}
2025/09/12 08:23:16Z TRACE [msg.payload] {"id":506,"comp":1,"evap":{"in":25.2,"out":17.9,"fan":50},"cond":{"in":29.2,"out":41.8,"fan":100}}
2025/09/12 08:23:17Z TRACE [msg.payload] {"id":506,"hb":696}
2025/09/12 08:23:17Z TRACE [msg.payload] {"id":506,"comp":1,"evap":{"in":25.1,"out":17.7,"fan":50},"cond":{"in":29.3,"out":40.9,"fan":100}}
2025/09/12 08:23:18Z TRACE [msg.payload] {"id":506,"hb":697}
2025/09/12 08:23:18Z TRACE [msg.payload] {"id":506,"comp":1,"evap":{"in":25.1,"out":10.6,"fan":50},"cond":{"in":29.4,"out":41.6,"fan":100}}
2025/09/12 08:23:19Z TRACE [msg.payload] {"id":506,"hb":698}
2025/09/12 08:23:19Z TRACE [msg.payload] {"id":506,"comp":1,"evap":{"in":25.5,"out":17.2,"fan":50},"cond":{"in":29.6,"out":41.8,"fan":100}}
2025/09/12 08:23:20Z TRACE [msg.payload] {"id":506,"hb":699}
2025/09/12 08:23:20Z TRACE [msg.payload] {"id":506,"comp":1,"evap":{"in":25.2,"out":17.3,"fan":50},"cond":{"in":29.5,"out":41.8,"fan":100}}
2025/09/12 08:23:21Z TRACE [msg.payload] {"id":506,"hb":700}
2025/09/12 08:23:21Z TRACE [msg.payload] {"id":506,"comp":1,"evap":{"in":25.3,"out":17.6,"fan":50},"cond":{"in":29.5,"out":41.7,"fan":100}}
2025/09/12 08:23:22Z TRACE [msg.payload] {"id":506,"hb":701}
2025/09/12 08:23:22Z TRACE [msg.payload] {"id":506,"comp":1,"evap":{"in":25.2,"out":17.6,"fan":50},"cond":{"in":29.3,"out":41.7,"fan":100}}
2025/09/12 08:23:23Z TRACE [msg.payload] {"id":506,"hb":702}
2025/09/12 08:23:23Z TRACE [msg.payload] {"id":506,"comp":1,"evap":{"in":25,"out":17,"fan":50},"cond":{"in":29.3,"out":41.9,"fan":100}}
2025/09/12 08:23:24Z TRACE [msg.payload] {"id":506,"hb":703}
2025/09/12 08:23:24Z TRACE [msg.payload] {"id":506,"comp":1,"evap":{"in":25.2,"out":17.2,"fan":50},"cond":{"in":29.7,"out":41.9,"fan":100}}
2025/09/12 08:23:25Z TRACE [msg.payload] {"id":506,"hb":704}
2025/09/12 08:23:25Z TRACE [msg.payload] {"id":506,"comp":1,"evap":{"in":25.5,"out":17.6,"fan":50},"cond":{"in":29.6,"out":42.4,"fan":100}}
2025/09/12 08:23:26Z TRACE [msg.payload] {"id":506,"hb":705}
2025/09/12 08:23:26Z TRACE [msg.payload] {"id":506,"comp":1,"evap":{"in":25.5,"out":17.6,"fan":50},"cond":{"in":30,"out":41.7,"fan":100}}
2025/09/12 08:23:27Z TRACE [msg.payload] {"id":506,"hb":706}
2025/09/12 08:23:27Z TRACE [msg.payload] {"id":506,"comp":1,"evap":{"in":25,"out":17.3,"fan":50},"cond":{"in":29.4,"out":41.8,"fan":100}}
2025/09/12 08:23:28Z TRACE [msg.payload] {"id":506,"hb":707}
2025/09/12 08:23:28Z TRACE [msg.payload] {"id":506,"comp":1,"evap":{"in":25.1,"out":17.5,"fan":50},"cond":{"in":29.5,"out":41.5,"fan":100}}
2025/09/12 08:23:29Z TRACE [msg.payload] {"id":506,"hb":708}
2025/09/12 08:23:29Z TRACE [msg.payload] {"id":506,"comp":1,"evap":{"in":25.1,"out":16.9,"fan":50},"cond":{"in":29.5,"out":41.9,"fan":100}}
2025/09/12 08:23:30Z TRACE [msg.payload] {"id":506,"hb":709}
2025/09/12 08:23:30Z TRACE [msg.payload] {"id":506,"comp":1,"evap":{"in":25.2,"out":16.9,"fan":50},"cond":{"in":29.8,"out":41.9,"fan":100}}
2025/09/12 08:23:31Z TRACE [msg.payload] {"id":506,"hb":710}
2025/09/12 08:23:31Z TRACE [msg.payload] {"id":506,"comp":1,"evap":{"in":25.3,"out":17.3,"fan":50},"cond":{"in":29.4,"out":41.8,"fan":100}}
2025/09/12 08:23:32Z TRACE [msg.payload] {"id":506,"hb":711}
2025/09/12 08:23:32Z TRACE [msg.payload] {"id":506,"comp":1,"evap":{"in":25.2,"out":17.4,"fan":50},"cond":{"in":29.4,"out":41.6,"fan":100}}
2025/09/12 08:23:33Z TRACE [msg.payload] {"id":506,"hb":712}
2025/09/12 08:23:33Z TRACE [msg.payload] {"id":506,"comp":1,"evap":{"in":25.2,"out":17.1,"fan":50},"cond":{"in":29.4,"out":42.1,"fan":100}}
2025/09/12 08:23:34Z TRACE [msg.payload] {"id":506,"hb":713}
2025/09/12 08:23:34Z TRACE [msg.payload] {"id":506,"comp":1,"evap":{"in":25.2,"out":17.4,"fan":50},"cond":{"in":29.7,"out":41.9,"fan":100}}
2025/09/12 08:23:35Z TRACE [msg.payload] {"id":506,"hb":714}
2025/09/12 08:23:35Z TRACE [msg.payload] {"id":506,"comp":1,"evap":{"in":25.5,"out":17.4,"fan":50},"cond":{"in":29.8,"out":42,"fan":100}}
2025/09/12 08:23:36Z TRACE [msg.payload] {"id":506,"hb":715}
2025/09/12 08:23:36Z TRACE [msg.payload] {"id":506,"comp":1,"evap":{"in":25.2,"out":17.4,"fan":50},"cond":{"in":29.6,"out":41.6,"fan":100}}
2025/09/12 08:23:37Z TRACE [msg.payload] {"id":506,"hb":716}
2025/09/12 08:23:37Z TRACE [msg.payload] {"id":506,"comp":1,"evap":{"in":25.2,"out":17.4,"fan":50},"cond":{"in":29.4,"out":41.7,"fan":100}}
2025/09/12 08:23:38Z TRACE [msg.payload] {"id":506,"hb":717}
2025/09/12 08:23:38Z TRACE [msg.payload] {"id":506,"comp":1,"evap":{"in":25.1,"out":17.2,"fan":50},"cond":{"in":29.4,"out":41.8,"fan":100}}
2025/09/12 08:23:39Z TRACE [msg.payload] {"id":506,"hb":718}
2025/09/12 08:23:39Z TRACE [msg.payload] {"id":506,"comp":1,"evap":{"in":25.1,"out":17.1,"fan":50},"cond":{"in":29.7,"out":42.4,"fan":100}}
2025/09/12 08:23:40Z TRACE [msg.payload] {"id":506,"hb":719}
2025/09/12 08:23:40Z TRACE [msg.payload] {"id":506,"comp":1,"evap":{"in":25.4,"out":16.9,"fan":50},"cond":{"in":29.8,"out":42,"fan":100}}
2025/09/12 08:23:41Z TRACE [msg.payload] {"id":506,"hb":720}
2025/09/12 08:23:41Z TRACE [msg.payload] {"id":506,"comp":1,"evap":{"in":25.2,"out":17.1,"fan":50},"cond":{"in":29.8,"out":41.8,"fan":100}}
2025/09/12 08:23:42Z TRACE [msg.payload] {"id":506,"hb":721}
2025/09/12 08:23:42Z TRACE [msg.payload] {"id":506,"comp":1,"evap":{"in":25.3,"out":17.5,"fan":50},"cond":{"in":29.4,"out":41.8,"fan":100}}
2025/09/12 08:23:43Z TRACE [msg.payload] {"id":506,"hb":722}
2025/09/12 08:23:43Z TRACE [msg.payload] {"id":506,"comp":1,"evap":{"in":25.1,"out":16.9,"fan":50},"cond":{"in":29.5,"out":42.2,"fan":100}}
2025/09/12 08:23:44Z TRACE [msg.payload] {"id":506,"hb":723}
2025/09/12 08:23:44Z TRACE [msg.payload] {"id":506,"comp":1,"evap":{"in":25,"out":16.9,"fan":50},"cond":{"in":34.6,"out":42.2,"fan":100}}
2025/09/12 08:23:45Z TRACE [msg.payload] {"id":506,"hb":724}
2025/09/12 08:23:45Z TRACE [msg.payload] {"id":506,"comp":1,"evap":{"in":25.2,"out":17.2,"fan":50},"cond":{"in":29.7,"out":41.9,"fan":100}}
2025/09/12 08:23:46Z TRACE [msg.payload] {"id":506,"hb":725}
2025/09/12 08:23:46Z TRACE [msg.payload] {"id":506,"comp":1,"evap":{"in":24.7,"out":16.9,"fan":50},"cond":{"in":29.6,"out":41.8,"fan":100}}
2025/09/12 08:23:47Z TRACE [msg.payload] {"id":506,"hb":726}
2025/09/12 08:23:47Z TRACE [msg.payload] {"id":506,"comp":1,"evap":{"in":25.3,"out":17.3,"fan":50},"cond":{"in":29.5,"out":41.8,"fan":100}}
2025/09/12 08:23:48Z TRACE [msg.payload] {"id":506,"hb":727}
2025/09/12 08:23:48Z TRACE [msg.payload] {"id":506,"comp":1,"evap":{"in":25,"out":17.2,"fan":50},"cond":{"in":29.5,"out":41.9,"fan":100}}
2025/09/12 08:23:49Z TRACE [msg.payload] {"id":506,"hb":728}
2025/09/12 08:23:49Z TRACE [msg.payload] {"id":506,"comp":1,"evap":{"in":25.1,"out":16.8,"fan":50},"cond":{"in":29.5,"out":41.8,"fan":100}}
2025/09/12 08:23:50Z TRACE [msg.payload] {"id":506,"hb":729}
2025/09/12 08:23:50Z TRACE [msg.payload] {"id":506,"comp":1,"evap":{"in":25.5,"out":16.7,"fan":50},"cond":{"in":29.7,"out":42.1,"fan":100}}
2025/09/12 08:23:51Z TRACE [msg.payload] {"id":506,"hb":730}
2025/09/12 08:23:51Z TRACE [msg.payload] {"id":506,"comp":1,"evap":{"in":25.2,"out":16.9,"fan":50},"cond":{"in":29.9,"out":40.9,"fan":100}}
2025/09/12 08:23:52Z TRACE [msg.payload] {"id":506,"hb":731}
2025/09/12 08:23:52Z TRACE [msg.payload] {"id":506,"comp":1,"evap":{"in":25.2,"out":16.9,"fan":50},"cond":{"in":29.4,"out":41.9,"fan":100}}
2025/09/12 08:23:53Z TRACE [msg.payload] {"id":506,"hb":732}
2025/09/12 08:23:53Z TRACE [msg.payload] {"id":506,"comp":1,"evap":{"in":25.1,"out":16.6,"fan":50},"cond":{"in":29.6,"out":42.2,"fan":100}}
2025/09/12 08:23:54Z TRACE [msg.payload] {"id":506,"hb":733}
2025/09/12 08:23:54Z TRACE [msg.payload] {"id":506,"comp":1,"evap":{"in":25.2,"out":16.9,"fan":50},"cond":{"in":29.6,"out":42.3,"fan":100}}
2025/09/12 08:23:55Z TRACE [msg.payload] {"id":506,"hb":734}
2025/09/12 08:23:55Z TRACE [msg.payload] {"id":506,"comp":1,"evap":{"in":25.5,"out":16.2,"fan":50},"cond":{"in":29.8,"out":42.2,"fan":100}}
2025/09/12 08:23:56Z TRACE [msg.payload] {"id":506,"hb":735}
2025/09/12 08:23:56Z TRACE [msg.payload] {"id":506,"comp":1,"evap":{"in":25.2,"out":17.1,"fan":50},"cond":{"in":29.9,"out":42.2,"fan":100}}
2025/09/12 08:23:57Z TRACE [msg.payload] {"id":506,"hb":736}
2025/09/12 08:23:57Z TRACE [msg.payload] {"id":506,"comp":1,"evap":{"in":25,"out":17,"fan":50},"cond":{"in":29.3,"out":42,"fan":100}}
2025/09/12 08:23:58Z TRACE [msg.payload] {"id":506,"hb":737}
2025/09/12 08:23:58Z TRACE [msg.payload] {"id":506,"comp":1,"evap":{"in":25.5,"out":16.9,"fan":50},"cond":{"in":29.7,"out":40.2,"fan":100}}
2025/09/12 08:23:59Z TRACE [msg.payload] {"id":506,"hb":738}
2025/09/12 08:23:59Z TRACE [msg.payload] {"id":506,"comp":1,"evap":{"in":24.9,"out":16.6,"fan":50},"cond":{"in":29.7,"out":42.2,"fan":100}}
2025/09/12 08:24:00Z TRACE [msg.payload] {"id":506,"hb":739}
2025/09/12 08:24:00Z TRACE [msg.payload] {"id":506,"comp":1,"evap":{"in":25.3,"out":16.7,"fan":50},"cond":{"in":29.8,"out":42.6,"fan":100}}
2025/09/12 08:24:01Z TRACE [msg.payload] {"id":506,"hb":740}
2025/09/12 08:24:01Z TRACE [msg.payload] {"id":506,"comp":1,"evap":{"in":25.1,"out":16.7,"fan":50},"cond":{"in":29.5,"out":42.1,"fan":100}}
2025/09/12 08:24:02Z TRACE [msg.payload] {"id":506,"hb":741}
2025/09/12 08:24:02Z TRACE [msg.payload] {"id":506,"comp":1,"evap":{"in":25.3,"out":17,"fan":50},"cond":{"in":28.9,"out":42,"fan":100}}
2025/09/12 08:24:03Z TRACE [msg.payload] {"id":506,"hb":742}
2025/09/12 08:24:03Z TRACE [msg.payload] {"id":506,"comp":1,"evap":{"in":24.8,"out":16.8,"fan":50},"cond":{"in":29.7,"out":42.1,"fan":100}}
2025/09/12 08:24:04Z TRACE [msg.payload] {"id":506,"hb":743}
2025/09/12 08:24:04Z TRACE [msg.payload] {"id":506,"comp":1,"evap":{"in":25.1,"out":16.7,"fan":50},"cond":{"in":29.6,"out":41.6,"fan":100}}
2025/09/12 08:24:05Z TRACE [msg.payload] {"id":506,"hb":744}
2025/09/12 08:24:05Z TRACE [msg.payload] {"id":506,"comp":1,"evap":{"in":25.3,"out":16.9,"fan":50},"cond":{"in":30,"out":42.2,"fan":100}}
2025/09/12 08:24:06Z TRACE [msg.payload] {"id":506,"hb":745}
2025/09/12 08:24:06Z TRACE [msg.payload] {"id":506,"comp":1,"evap":{"in":25.5,"out":16.7,"fan":50},"cond":{"in":29.7,"out":42.2,"fan":100}}
2025/09/12 08:24:07Z TRACE [msg.payload] {"id":506,"hb":746}
2025/09/12 08:24:07Z TRACE [msg.payload] {"id":506,"comp":1,"evap":{"in":25.4,"out":16.9,"fan":50},"cond":{"in":29.6,"out":41.9,"fan":100}}
2025/09/12 08:24:08Z TRACE [msg.payload] {"id":506,"hb":747}
2025/09/12 08:24:08Z TRACE [msg.payload] {"id":506,"comp":1,"evap":{"in":25.2,"out":17,"fan":50},"cond":{"in":29.4,"out":42.6,"fan":100}}
2025/09/12 08:24:09Z TRACE [msg.payload] {"id":506,"hb":748}
2025/09/12 08:24:09Z TRACE [msg.payload] {"id":506,"comp":1,"evap":{"in":25.5,"out":16.8,"fan":50},"cond":{"in":30,"out":42.2,"fan":100}}
2025/09/12 08:24:10Z TRACE [msg.payload] {"id":506,"hb":749}
2025/09/12 08:24:10Z TRACE [msg.payload] {"id":506,"comp":1,"evap":{"in":25.1,"out":16.8,"fan":50},"cond":{"in":29.8,"out":42.2,"fan":100}}
2025/09/12 08:24:11Z TRACE [msg.payload] {"id":506,"hb":750}
2025/09/12 08:24:11Z TRACE [msg.payload] {"id":506,"comp":1,"evap":{"in":25.5,"out":17,"fan":50},"cond":{"in":29.9,"out":42.2,"fan":100}}
2025/09/12 08:24:12Z TRACE [msg.payload] {"id":506,"hb":751}
2025/09/12 08:24:12Z TRACE [msg.payload] {"id":506,"comp":1,"evap":{"in":25.4,"out":17,"fan":50},"cond":{"in":30,"out":42,"fan":100}}
2025/09/12 08:24:13Z TRACE [msg.payload] {"id":506,"hb":752}
2025/09/12 08:24:13Z TRACE [msg.payload] {"id":506,"comp":1,"evap":{"in":25.1,"out":16.5,"fan":50},"cond":{"in":29.6,"out":42.2,"fan":100}}
2025/09/12 08:24:14Z TRACE [msg.payload] {"id":506,"hb":753}
2025/09/12 08:24:14Z TRACE [msg.payload] {"id":506,"comp":1,"evap":{"in":25.2,"out":16.5,"fan":50},"cond":{"in":29.6,"out":41.9,"fan":100}}
2025/09/12 08:24:15Z TRACE [msg.payload] {"id":506,"hb":754}
2025/09/12 08:24:15Z TRACE [msg.payload] {"id":506,"comp":1,"evap":{"in":27.7,"out":16.6,"fan":50},"cond":{"in":30,"out":42.3,"fan":100}}
2025/09/12 08:24:16Z TRACE [msg.payload] {"id":506,"hb":755}
2025/09/12 08:24:16Z TRACE [msg.payload] {"id":506,"comp":1,"evap":{"in":25.5,"out":17,"fan":50},"cond":{"in":30,"out":42.2,"fan":100}}
2025/09/12 08:24:17Z TRACE [msg.payload] {"id":506,"hb":756}
2025/09/12 08:24:17Z TRACE [msg.payload] {"id":506,"comp":1,"evap":{"in":25.5,"out":16.9,"fan":50},"cond":{"in":29.5,"out":42.2,"fan":100}}
2025/09/12 08:24:18Z TRACE [msg.payload] {"id":506,"hb":757}
2025/09/12 08:24:18Z TRACE [msg.payload] {"id":506,"comp":1,"evap":{"in":25.4,"out":16.9,"fan":50},"cond":{"in":29.6,"out":42.2,"fan":100}}
2025/09/12 08:24:19Z TRACE [msg.payload] {"id":506,"hb":758}
2025/09/12 08:24:19Z TRACE [msg.payload] {"id":506,"comp":1,"evap":{"in":25.2,"out":16.8,"fan":50},"cond":{"in":29.9,"out":42.3,"fan":100}}
2025/09/12 08:24:20Z TRACE [msg.payload] {"id":506,"hb":759}
2025/09/12 08:24:20Z TRACE [msg.payload] {"id":506,"comp":1,"evap":{"in":25.2,"out":16.6,"fan":50},"cond":{"in":29.9,"out":42.2,"fan":100}}
2025/09/12 08:24:21Z TRACE [msg.payload] {"id":506,"hb":760}
2025/09/12 08:24:21Z TRACE [msg.payload] {"id":506,"comp":1,"evap":{"in":25.5,"out":16.8,"fan":50},"cond":{"in":29.9,"out":42.2,"fan":100}}
2025/09/12 08:24:22Z TRACE [msg.payload] {"id":506,"hb":761}
2025/09/12 08:24:22Z TRACE [msg.payload] {"id":506,"comp":1,"evap":{"in":25.3,"out":16.9,"fan":50},"cond":{"in":29.8,"out":42.2,"fan":100}}
2025/09/12 08:24:23Z TRACE [msg.payload] {"id":506,"hb":762}
2025/09/12 08:24:23Z TRACE [msg.payload] {"id":506,"comp":1,"evap":{"in":25.4,"out":16.8,"fan":50},"cond":{"in":29.8,"out":42.1,"fan":100}}
2025/09/12 08:24:24Z TRACE [msg.payload] {"id":506,"hb":763}
2025/09/12 08:24:24Z TRACE [msg.payload] {"id":506,"comp":1,"evap":{"in":25.1,"out":16.5,"fan":50},"cond":{"in":29.6,"out":42.1,"fan":100}}
2025/09/12 08:24:25Z TRACE [msg.payload] {"id":506,"hb":764}
2025/09/12 08:24:25Z TRACE [msg.payload] {"id":506,"comp":1,"evap":{"in":25.8,"out":16.6,"fan":50},"cond":{"in":30,"out":42.3,"fan":100}}
2025/09/12 08:24:26Z TRACE [msg.payload] {"id":506,"hb":765}
2025/09/12 08:24:26Z TRACE [msg.payload] {"id":506,"comp":1,"evap":{"in":25,"out":16.7,"fan":50},"cond":{"in":30.1,"out":42.3,"fan":100}}
2025/09/12 08:24:27Z TRACE [msg.payload] {"id":506,"hb":766}
2025/09/12 08:24:27Z TRACE [msg.payload] {"id":506,"comp":1,"evap":{"in":25.5,"out":16.9,"fan":50},"cond":{"in":29.9,"out":42,"fan":100}}
2025/09/12 08:24:28Z TRACE [msg.payload] {"id":506,"hb":767}
2025/09/12 08:24:28Z TRACE [msg.payload] {"id":506,"comp":1,"evap":{"in":25.4,"out":16.9,"fan":50},"cond":{"in":29.5,"out":42.3,"fan":100}}
2025/09/12 08:24:29Z TRACE [msg.payload] {"id":506,"hb":768}
2025/09/12 08:24:29Z TRACE [msg.payload] {"id":506,"comp":1,"evap":{"in":25.2,"out":16.5,"fan":50},"cond":{"in":29.6,"out":42.5,"fan":100}}
2025/09/12 08:24:30Z TRACE [msg.payload] {"id":506,"hb":769}
2025/09/12 08:24:30Z TRACE [msg.payload] {"id":506,"comp":1,"evap":{"in":25.2,"out":16.6,"fan":50},"cond":{"in":30.1,"out":42.4,"fan":100}}
2025/09/12 08:24:31Z TRACE [msg.payload] {"id":506,"hb":770}
2025/09/12 08:24:31Z TRACE [msg.payload] {"id":506,"comp":1,"evap":{"in":25.5,"out":17.2,"fan":50},"cond":{"in":30.2,"out":42.4,"fan":100}}
2025/09/12 08:24:32Z TRACE [msg.payload] {"id":506,"hb":771}
2025/09/12 08:24:32Z TRACE [msg.payload] {"id":506,"comp":1,"evap":{"in":25.4,"out":17,"fan":50},"cond":{"in":30.1,"out":44,"fan":100}}
2025/09/12 08:24:33Z TRACE [msg.payload] {"id":506,"hb":772}
2025/09/12 08:24:33Z TRACE [msg.payload] {"id":506,"comp":1,"evap":{"in":25.1,"out":16.9,"fan":50},"cond":{"in":29.6,"out":42.2,"fan":100}}
2025/09/12 08:24:34Z TRACE [msg.payload] {"id":506,"hb":773}
2025/09/12 08:24:34Z TRACE [msg.payload] {"id":506,"comp":1,"evap":{"in":25.1,"out":16.8,"fan":50},"cond":{"in":29.8,"out":42.2,"fan":100}}
2025/09/12 08:24:35Z TRACE [msg.payload] {"id":506,"hb":774}
2025/09/12 08:24:35Z TRACE [msg.payload] {"id":506,"comp":1,"evap":{"in":25,"out":16.5,"fan":50},"cond":{"in":30,"out":42.4,"fan":100}}
2025/09/12 08:24:36Z TRACE [msg.payload] {"id":506,"hb":775}
2025/09/12 08:24:36Z TRACE [msg.payload] {"id":506,"comp":1,"evap":{"in":24.9,"out":16.5,"fan":50},"cond":{"in":29.7,"out":42.3,"fan":100}}
2025/09/12 08:24:37Z TRACE [msg.payload] {"id":506,"hb":776}
2025/09/12 08:24:37Z TRACE [msg.payload] {"id":506,"comp":1,"evap":{"in":25.4,"out":16.8,"fan":50},"cond":{"in":29.7,"out":42.2,"fan":100}}
2025/09/12 08:24:38Z TRACE [msg.payload] {"id":506,"hb":777}
2025/09/12 08:24:38Z TRACE [msg.payload] {"id":506,"comp":1,"evap":{"in":25.4,"out":17.2,"fan":50},"cond":{"in":29.6,"out":42.2,"fan":100}}
2025/09/12 08:24:39Z TRACE [msg.payload] {"id":506,"hb":778}
2025/09/12 08:24:39Z TRACE [msg.payload] {"id":506,"comp":1,"evap":{"in":25.1,"out":16.4,"fan":50},"cond":{"in":29.7,"out":42.4,"fan":100}}
2025/09/12 08:24:40Z TRACE [msg.payload] {"id":506,"hb":779}
2025/09/12 08:24:40Z TRACE [msg.payload] {"id":506,"comp":1,"evap":{"in":25.2,"out":16.5,"fan":50},"cond":{"in":29.6,"out":42.5,"fan":100}}
2025/09/12 08:24:41Z TRACE [msg.payload] {"id":506,"hb":780}
2025/09/12 08:24:41Z TRACE [msg.payload] {"id":506,"comp":1,"evap":{"in":25.5,"out":16.9,"fan":50},"cond":{"in":30,"out":42.5,"fan":100}}
2025/09/12 08:24:42Z TRACE [msg.payload] {"id":506,"hb":781}
2025/09/12 08:24:42Z TRACE [msg.payload] {"id":506,"comp":1,"evap":{"in":25.3,"out":17,"fan":50},"cond":{"in":29.9,"out":42.3,"fan":100}}
2025/09/12 08:24:43Z TRACE [msg.payload] {"id":506,"hb":782}
2025/09/12 08:24:43Z TRACE [msg.payload] {"id":506,"comp":1,"evap":{"in":25.2,"out":16.8,"fan":50},"cond":{"in":29.8,"out":42.3,"fan":100}}
2025/09/12 08:24:44Z TRACE [msg.payload] {"id":506,"hb":783}
2025/09/12 08:24:44Z TRACE [msg.payload] {"id":506,"comp":1,"evap":{"in":25.2,"out":16.7,"fan":50},"cond":{"in":29.6,"out":42.2,"fan":100}}
2025/09/12 08:24:45Z TRACE [msg.payload] {"id":506,"hb":784}
2025/09/12 08:24:45Z TRACE [msg.payload] {"id":506,"comp":1,"evap":{"in":25.4,"out":16.7,"fan":50},"cond":{"in":29.9,"out":42.3,"fan":100}}
2025/09/12 08:24:46Z TRACE [msg.payload] {"id":506,"hb":785}
2025/09/12 08:24:46Z TRACE [msg.payload] {"id":506,"comp":1,"evap":{"in":25.2,"out":16.6,"fan":50},"cond":{"in":30.1,"out":42.5,"fan":100}}
2025/09/12 08:24:47Z TRACE [msg.payload] {"id":506,"hb":786}
2025/09/12 08:24:47Z TRACE [msg.payload] {"id":506,"comp":1,"evap":{"in":25.4,"out":16.8,"fan":50},"cond":{"in":30,"out":42.4,"fan":100}}
2025/09/12 08:24:48Z TRACE [msg.payload] {"id":506,"hb":787}
2025/09/12 08:24:48Z TRACE [msg.payload] {"id":506,"comp":1,"evap":{"in":25.4,"out":16.9,"fan":50},"cond":{"in":29.9,"out":42.2,"fan":100}}
2025/09/12 08:24:49Z TRACE [msg.payload] {"id":506,"hb":788}
2025/09/12 08:24:49Z TRACE [msg.payload] {"id":506,"comp":1,"evap":{"in":25.2,"out":16.5,"fan":50},"cond":{"in":29.8,"out":42.6,"fan":100}}
2025/09/12 08:24:50Z TRACE [msg.payload] {"id":506,"hb":789}
2025/09/12 08:24:50Z TRACE [msg.payload] {"id":506,"comp":1,"evap":{"in":25.3,"out":16.4,"fan":50},"cond":{"in":29.7,"out":42.2,"fan":100}}
2025/09/12 08:24:51Z TRACE [msg.payload] {"id":506,"hb":790}
2025/09/12 08:24:51Z TRACE [msg.payload] {"id":506,"comp":1,"evap":{"in":25.5,"out":16.9,"fan":50},"cond":{"in":29.9,"out":42.5,"fan":100}}
2025/09/12 08:24:52Z TRACE [msg.payload] {"id":506,"hb":791}
2025/09/12 08:24:52Z TRACE [msg.payload] {"id":506,"comp":1,"evap":{"in":25.3,"out":16.4,"fan":50},"cond":{"in":30.1,"out":42.5,"fan":100}}
2025/09/12 08:24:53Z TRACE [msg.payload] {"id":506,"hb":792}
2025/09/12 08:24:53Z TRACE [msg.payload] {"id":506,"comp":1,"evap":{"in":25.1,"out":16.7,"fan":50},"cond":{"in":29.7,"out":42.3,"fan":100}}
2025/09/12 08:24:54Z TRACE [msg.payload] {"id":506,"hb":793}
2025/09/12 08:24:54Z TRACE [msg.payload] {"id":506,"comp":1,"evap":{"in":25.4,"out":16.9,"fan":50},"cond":{"in":29.6,"out":42.2,"fan":100}}
2025/09/12 08:24:55Z TRACE [msg.payload] {"id":506,"hb":794}
2025/09/12 08:24:55Z TRACE [msg.payload] {"id":506,"comp":1,"evap":{"in":25.2,"out":16.5,"fan":50},"cond":{"in":30.1,"out":42.6,"fan":100}}
2025/09/12 08:24:56Z TRACE [msg.payload] {"id":506,"hb":795}
2025/09/12 08:24:56Z TRACE [msg.payload] {"id":506,"comp":1,"evap":{"in":25.1,"out":16.5,"fan":50},"cond":{"in":30.1,"out":42.5,"fan":100}}
2025/09/12 08:24:57Z TRACE [msg.payload] {"id":506,"hb":796}
2025/09/12 08:24:57Z TRACE [msg.payload] {"id":506,"comp":1,"evap":{"in":25.4,"out":16.9,"fan":50},"cond":{"in":30.1,"out":42.3,"fan":100}}
2025/09/12 08:24:58Z TRACE [msg.payload] {"id":506,"hb":797}
2025/09/12 08:24:58Z TRACE [msg.payload] {"id":506,"comp":1,"evap":{"in":25.3,"out":17,"fan":50},"cond":{"in":29.9,"out":42.4,"fan":100}}
2025/09/12 08:24:59Z TRACE [msg.payload] {"id":506,"hb":798}
2025/09/12 08:24:59Z TRACE [msg.payload] {"id":506,"comp":1,"evap":{"in":25.1,"out":16.5,"fan":50},"cond":{"in":29.6,"out":42.7,"fan":100}}
2025/09/12 08:25:00Z TRACE [msg.payload] {"id":506,"hb":799}
2025/09/12 08:25:00Z TRACE [msg.payload] {"id":506,"comp":1,"evap":{"in":25.1,"out":16.5,"fan":50},"cond":{"in":30.1,"out":42.6,"fan":100}}
2025/09/12 08:25:01Z TRACE [msg.payload] {"id":506,"hb":800}
2025/09/12 08:25:01Z TRACE [msg.payload] {"id":506,"comp":1,"evap":{"in":25.2,"out":15.8,"fan":50},"cond":{"in":29.8,"out":42.4,"fan":100}}
2025/09/12 08:25:02Z TRACE [msg.payload] {"id":506,"hb":801}
2025/09/12 08:25:02Z TRACE [msg.payload] {"id":506,"comp":1,"evap":{"in":25.6,"out":16.9,"fan":50},"cond":{"in":30.4,"out":42.6,"fan":100}}
2025/09/12 08:25:03Z TRACE [msg.payload] {"id":506,"hb":802}
2025/09/12 08:25:03Z TRACE [msg.payload] {"id":506,"comp":1,"evap":{"in":25.4,"out":16.9,"fan":50},"cond":{"in":30,"out":42.2,"fan":100}}
2025/09/12 08:25:04Z TRACE [msg.payload] {"id":506,"hb":803}
2025/09/12 08:25:04Z TRACE [msg.payload] {"id":506,"comp":1,"evap":{"in":25.4,"out":16.8,"fan":50},"cond":{"in":29.6,"out":42.2,"fan":100}}
2025/09/12 08:25:05Z TRACE [msg.payload] {"id":506,"hb":804}
2025/09/12 08:25:05Z TRACE [msg.payload] {"id":506,"comp":1,"evap":{"in":25.2,"out":16.4,"fan":50},"cond":{"in":29.8,"out":42.6,"fan":100}}
2025/09/12 08:25:06Z TRACE [msg.payload] {"id":506,"hb":805}
2025/09/12 08:25:06Z TRACE [msg.payload] {"id":506,"comp":1,"evap":{"in":25.1,"out":16.6,"fan":50},"cond":{"in":30.1,"out":42.6,"fan":100}}
2025/09/12 08:25:07Z TRACE [msg.payload] {"id":506,"hb":806}
2025/09/12 08:25:07Z TRACE [msg.payload] {"id":506,"comp":1,"evap":{"in":25.3,"out":16.9,"fan":50},"cond":{"in":30,"out":42.4,"fan":100}}
2025/09/12 08:25:08Z TRACE [msg.payload] {"id":506,"hb":807}
2025/09/12 08:25:08Z TRACE [msg.payload] {"id":506,"comp":1,"evap":{"in":25.4,"out":16.9,"fan":50},"cond":{"in":30.1,"out":42.5,"fan":100}}
2025/09/12 08:25:09Z TRACE [msg.payload] {"id":506,"hb":808}
2025/09/12 08:25:09Z TRACE [msg.payload] {"id":506,"comp":1,"evap":{"in":25.2,"out":16.4,"fan":50},"cond":{"in":29.8,"out":42,"fan":100}}
2025/09/12 08:25:10Z TRACE [msg.payload] {"id":506,"hb":809}
2025/09/12 08:25:10Z TRACE [msg.payload] {"id":506,"comp":1,"evap":{"in":25.2,"out":16.3,"fan":50},"cond":{"in":29.8,"out":42.4,"fan":100}}
2025/09/12 08:25:11Z TRACE [msg.payload] {"id":506,"hb":810}
2025/09/12 08:25:11Z TRACE [msg.payload] {"id":506,"comp":1,"evap":{"in":25.5,"out":16.9,"fan":50},"cond":{"in":30.1,"out":42.6,"fan":100}}
2025/09/12 08:25:12Z TRACE [msg.payload] {"id":506,"hb":811}
2025/09/12 08:25:12Z TRACE [msg.payload] {"id":506,"comp":1,"evap":{"in":24.7,"out":16.6,"fan":50},"cond":{"in":30.1,"out":42.6,"fan":100}}
2025/09/12 08:25:13Z TRACE [msg.payload] {"id":506,"hb":812}
2025/09/12 08:25:13Z TRACE [msg.payload] {"id":506,"comp":1,"evap":{"in":25.2,"out":16.7,"fan":50},"cond":{"in":29.5,"out":42.3,"fan":100}}
2025/09/12 08:25:14Z TRACE [msg.payload] {"id":506,"hb":813}
2025/09/12 08:25:14Z TRACE [msg.payload] {"id":506,"comp":1,"evap":{"in":25.4,"out":16.8,"fan":50},"cond":{"in":29.7,"out":42.3,"fan":100}}
2025/09/12 08:25:15Z TRACE [msg.payload] {"id":506,"hb":814}
2025/09/12 08:25:15Z TRACE [msg.payload] {"id":506,"comp":1,"evap":{"in":25,"out":16.3,"fan":50},"cond":{"in":29.6,"out":42.5,"fan":100}}
2025/09/12 08:25:16Z TRACE [msg.payload] {"id":506,"hb":815}
2025/09/12 08:25:16Z TRACE [msg.payload] {"id":506,"comp":1,"evap":{"in":23.8,"out":16.5,"fan":50},"cond":{"in":30.3,"out":42.6,"fan":100}}
2025/09/12 08:25:17Z TRACE [msg.payload] {"id":506,"hb":816}
2025/09/12 08:25:17Z TRACE [msg.payload] {"id":506,"comp":1,"evap":{"in":25.2,"out":16.8,"fan":50},"cond":{"in":30,"out":42.6,"fan":100}}
2025/09/12 08:25:18Z TRACE [msg.payload] {"id":506,"hb":817}
2025/09/12 08:25:18Z TRACE [msg.payload] {"id":506,"comp":1,"evap":{"in":25.5,"out":16.6,"fan":50},"cond":{"in":30.1,"out":42.8,"fan":100}}
2025/09/12 08:25:19Z TRACE [msg.payload] {"id":506,"hb":818}
2025/09/12 08:25:19Z TRACE [msg.payload] {"id":506,"comp":1,"evap":{"in":25.2,"out":16.7,"fan":50},"cond":{"in":29.8,"out":42.6,"fan":100}}
2025/09/12 08:25:20Z TRACE [msg.payload] {"id":506,"hb":819}
2025/09/12 08:25:20Z TRACE [msg.payload] {"id":506,"comp":1,"evap":{"in":25.2,"out":16.8,"fan":50},"cond":{"in":29.9,"out":42.3,"fan":100}}
2025/09/12 08:25:21Z TRACE [msg.payload] {"id":506,"hb":820}
2025/09/12 08:25:21Z TRACE [msg.payload] {"id":506,"comp":1,"evap":{"in":25.6,"out":16.7,"fan":50},"cond":{"in":30.1,"out":42.6,"fan":100}}
2025/09/12 08:25:22Z TRACE [msg.payload] {"id":506,"hb":821}
2025/09/12 08:25:22Z TRACE [msg.payload] {"id":506,"comp":1,"evap":{"in":25.2,"out":16.4,"fan":50},"cond":{"in":30.1,"out":42.6,"fan":100}}
2025/09/12 08:25:23Z TRACE [msg.payload] {"id":506,"hb":822}
2025/09/12 08:25:23Z TRACE [msg.payload] {"id":506,"comp":1,"evap":{"in":25.3,"out":16.9,"fan":50},"cond":{"in":30,"out":42.6,"fan":100}}
2025/09/12 08:25:24Z TRACE [msg.payload] {"id":506,"hb":823}
2025/09/12 08:25:24Z TRACE [msg.payload] {"id":506,"comp":1,"evap":{"in":25.5,"out":16.9,"fan":50},"cond":{"in":30,"out":42.5,"fan":100}}
2025/09/12 08:25:25Z TRACE [msg.payload] {"id":506,"hb":824}
2025/09/12 08:25:25Z TRACE [msg.payload] {"id":506,"comp":1,"evap":{"in":25.1,"out":16.3,"fan":50},"cond":{"in":29.7,"out":42.6,"fan":100}}
2025/09/12 08:25:26Z TRACE [msg.payload] {"id":506,"hb":825}
2025/09/12 08:25:26Z TRACE [msg.payload] {"id":506,"comp":1,"evap":{"in":25.2,"out":16.6,"fan":50},"cond":{"in":30.1,"out":42.7,"fan":100}}
2025/09/12 08:25:27Z TRACE [msg.payload] {"id":506,"hb":826}
2025/09/12 08:25:27Z TRACE [msg.payload] {"id":506,"comp":1,"evap":{"in":25.4,"out":16.9,"fan":50},"cond":{"in":30.1,"out":42.8,"fan":100}}
2025/09/12 08:25:27Z TRACE [msg.payload] {"id":506,"comp":1,"evap":{"in":25.4,"out":16.9,"fan":50},"cond":{"in":30.1,"out":42.8,"fan":100}}
2025/09/12 08:25:28Z TRACE [msg.payload] {"id":506,"hb":827}
2025/09/12 08:25:28Z TRACE [msg.payload] {"id":506,"comp":1,"evap":{"in":25.5,"out":16.7,"fan":50},"cond":{"in":30.2,"out":42.8,"fan":100}}
2025/09/12 08:25:29Z TRACE [msg.payload] {"id":506,"hb":828}
2025/09/12 08:25:29Z TRACE [msg.payload] {"id":506,"comp":1,"evap":{"in":25.2,"out":16.2,"fan":50},"cond":{"in":29.6,"out":42.6,"fan":100}}
2025/09/12 08:25:30Z TRACE [msg.payload] {"id":506,"hb":829}
2025/09/12 08:25:30Z TRACE [msg.payload] {"id":506,"comp":1,"evap":{"in":25.2,"out":18.6,"fan":50},"cond":{"in":29.7,"out":42.5,"fan":100}}
2025/09/12 08:25:31Z TRACE [msg.payload] {"id":506,"hb":830}
2025/09/12 08:25:31Z TRACE [msg.payload] {"id":506,"comp":1,"evap":{"in":25,"out":16.7,"fan":50},"cond":{"in":30.3,"out":42.8,"fan":100}}
2025/09/12 08:25:32Z TRACE [msg.payload] {"id":506,"hb":831}
2025/09/12 08:25:32Z TRACE [msg.payload] {"id":506,"comp":1,"evap":{"in":25.5,"out":16.5,"fan":50},"cond":{"in":30.1,"out":42.9,"fan":100}}
2025/09/12 08:25:33Z TRACE [msg.payload] {"id":506,"hb":832}
2025/09/12 08:25:33Z TRACE [msg.payload] {"id":506,"comp":1,"evap":{"in":25.4,"out":16.9,"fan":50},"cond":{"in":30.1,"out":42.6,"fan":100}}
2025/09/12 08:25:34Z TRACE [msg.payload] {"id":506,"hb":833}
2025/09/12 08:25:34Z TRACE [msg.payload] {"id":506,"comp":1,"evap":{"in":25.9,"out":16.7,"fan":50},"cond":{"in":29.9,"out":43.1,"fan":100}}
2025/09/12 08:25:35Z TRACE [msg.payload] {"id":506,"hb":834}
2025/09/12 08:25:35Z TRACE [msg.payload] {"id":506,"comp":1,"evap":{"in":25.6,"out":16.5,"fan":50},"cond":{"in":29.8,"out":42.8,"fan":100}}
2025/09/12 08:25:36Z TRACE [msg.payload] {"id":506,"hb":835}
2025/09/12 08:25:36Z TRACE [msg.payload] {"id":506,"comp":1,"evap":{"in":25.2,"out":16.5,"fan":50},"cond":{"in":29.8,"out":42.6,"fan":100}}
2025/09/12 08:25:37Z TRACE [msg.payload] {"id":506,"hb":836}
2025/09/12 08:25:37Z TRACE [msg.payload] {"id":506,"comp":1,"evap":{"in":25.5,"out":16.5,"fan":50},"cond":{"in":30.8,"out":42.6,"fan":100}}
2025/09/12 08:25:38Z TRACE [msg.payload] {"id":506,"hb":837}
2025/09/12 08:25:38Z TRACE [msg.payload] {"id":506,"comp":1,"evap":{"in":25.4,"out":16.7,"fan":50},"cond":{"in":30.1,"out":42.8,"fan":100}}
2025/09/12 08:25:39Z TRACE [msg.payload] {"id":506,"hb":838}
2025/09/12 08:25:39Z TRACE [msg.payload] {"id":506,"comp":1,"evap":{"in":25.2,"out":16.9,"fan":50},"cond":{"in":30,"out":42.7,"fan":100}}
2025/09/12 08:25:40Z TRACE [msg.payload] {"id":506,"hb":839}
2025/09/12 08:25:40Z TRACE [msg.payload] {"id":506,"comp":1,"evap":{"in":25.2,"out":16.9,"fan":50},"cond":{"in":30,"out":42.6,"fan":100}}
2025/09/12 08:25:41Z TRACE [msg.payload] {"id":506,"hb":840}
2025/09/12 08:25:41Z TRACE [msg.payload] {"id":506,"comp":1,"evap":{"in":25.4,"out":16.5,"fan":50},"cond":{"in":30.1,"out":42.8,"fan":100}}
2025/09/12 08:25:42Z TRACE [msg.payload] {"id":506,"hb":841}
2025/09/12 08:25:42Z TRACE [msg.payload] {"id":506,"comp":1,"evap":{"in":25.3,"out":19.2,"fan":50},"cond":{"in":30.1,"out":39.2,"fan":100}}
2025/09/12 08:25:43Z TRACE [msg.payload] {"id":506,"hb":842}
2025/09/12 08:25:43Z TRACE [msg.payload] {"id":506,"comp":1,"evap":{"in":25.6,"out":17.2,"fan":50},"cond":{"in":29.8,"out":42.4,"fan":100}}
2025/09/12 08:25:44Z TRACE [msg.payload] {"id":506,"hb":843}
2025/09/12 08:25:44Z TRACE [msg.payload] {"id":506,"comp":1,"evap":{"in":25.5,"out":17,"fan":50},"cond":{"in":30,"out":42.8,"fan":100}}
2025/09/12 08:25:45Z TRACE [msg.payload] {"id":506,"hb":844}
2025/09/12 08:25:46Z TRACE [msg.payload] {"id":506,"comp":1,"evap":{"in":25.2,"out":15.3,"fan":50},"cond":{"in":31,"out":42.2,"fan":100}}
2025/09/12 08:25:46Z TRACE [msg.payload] {"id":506,"hb":845}
2025/09/12 08:25:47Z TRACE [msg.payload] {"id":506,"comp":1,"evap":{"in":25.2,"out":16.3,"fan":50},"cond":{"in":29.7,"out":43,"fan":100}}
2025/09/12 08:25:47Z TRACE [msg.payload] {"id":506,"hb":846}
2025/09/12 08:25:48Z TRACE [msg.payload] {"id":506,"comp":1,"evap":{"in":26.1,"out":16.7,"fan":50},"cond":{"in":30.1,"out":42.8,"fan":100}}
2025/09/12 08:25:48Z TRACE [msg.payload] {"id":506,"hb":847}
2025/09/12 08:25:49Z TRACE [msg.payload] {"id":506,"comp":1,"evap":{"in":25.5,"out":16.4,"fan":50},"cond":{"in":30.1,"out":42.9,"fan":100}}
2025/09/12 08:25:49Z TRACE [msg.payload] {"id":506,"hb":848}
2025/09/12 08:25:50Z TRACE [msg.payload] {"id":506,"comp":1,"evap":{"in":25.5,"out":16.9,"fan":50},"cond":{"in":29.9,"out":42.7,"fan":100}}
2025/09/12 08:25:50Z TRACE [msg.payload] {"id":506,"hb":849}
2025/09/12 08:25:51Z TRACE [msg.payload] {"id":506,"comp":1,"evap":{"in":25.2,"out":16.9,"fan":50},"cond":{"in":30.1,"out":42.5,"fan":100}}
2025/09/12 08:25:51Z TRACE [msg.payload] {"id":506,"hb":850}
2025/09/12 08:25:52Z TRACE [msg.payload] {"id":506,"comp":1,"evap":{"in":25.2,"out":16.5,"fan":50},"cond":{"in":30.4,"out":42.4,"fan":100}}
2025/09/12 08:25:52Z TRACE [msg.payload] {"id":506,"hb":851}
2025/09/12 08:25:53Z TRACE [msg.payload] {"id":506,"comp":1,"evap":{"in":25.2,"out":17,"fan":50},"cond":{"in":30.1,"out":43,"fan":100}}
2025/09/12 08:25:53Z TRACE [msg.payload] {"id":506,"hb":852}
2025/09/12 08:25:54Z TRACE [msg.payload] {"id":506,"comp":1,"evap":{"in":25.5,"out":17,"fan":50},"cond":{"in":30.1,"out":42.5,"fan":100}}
2025/09/12 08:25:54Z TRACE [msg.payload] {"id":506,"hb":853}
2025/09/12 08:25:55Z TRACE [msg.payload] {"id":506,"comp":1,"evap":{"in":25.5,"out":16.7,"fan":50},"cond":{"in":29.9,"out":43.6,"fan":100}}
2025/09/12 08:25:55Z TRACE [msg.payload] {"id":506,"hb":854}
2025/09/12 08:25:56Z TRACE [msg.payload] {"id":506,"comp":1,"evap":{"in":25.2,"out":16.7,"fan":50},"cond":{"in":29.8,"out":44.8,"fan":100}}
2025/09/12 08:25:56Z TRACE [msg.payload] {"id":506,"hb":855}
2025/09/12 08:25:57Z TRACE [msg.payload] {"id":506,"comp":1,"evap":{"in":25.2,"out":17.7,"fan":50},"cond":{"in":30,"out":43,"fan":100}}
2025/09/12 08:25:57Z TRACE [msg.payload] {"id":506,"hb":856}
2025/09/12 08:25:58Z TRACE [msg.payload] {"id":506,"comp":1,"evap":{"in":25.1,"out":16.7,"fan":50},"cond":{"in":30.2,"out":42.8,"fan":100}}
2025/09/12 08:25:58Z TRACE [msg.payload] {"id":506,"hb":857}
2025/09/12 08:25:59Z TRACE [msg.payload] {"id":506,"comp":1,"evap":{"in":25.5,"out":16.5,"fan":50},"cond":{"in":30.1,"out":42.6,"fan":100}}
2025/09/12 08:25:59Z TRACE [msg.payload] {"id":506,"hb":858}
2025/09/12 08:26:00Z TRACE [msg.payload] {"id":506,"comp":1,"evap":{"in":25.2,"out":17,"fan":50},"cond":{"in":29.8,"out":42.6,"fan":100}}
2025/09/12 08:26:00Z TRACE [msg.payload] {"id":506,"hb":859}
2025/09/12 08:26:01Z TRACE [msg.payload] {"id":506,"comp":1,"evap":{"in":25.2,"out":16.6,"fan":50},"cond":{"in":29.9,"out":42.9,"fan":100}}
2025/09/12 08:26:01Z TRACE [msg.payload] {"id":506,"hb":860}
2025/09/12 08:26:02Z TRACE [msg.payload] {"id":506,"comp":1,"evap":{"in":25.5,"out":16.9,"fan":50},"cond":{"in":30.2,"out":42.3,"fan":100}}
2025/09/12 08:26:02Z TRACE [msg.payload] {"id":506,"hb":861}
2025/09/12 08:26:03Z TRACE [msg.payload] {"id":506,"comp":1,"evap":{"in":25.2,"out":16.6,"fan":50},"cond":{"in":30.2,"out":43,"fan":100}}
2025/09/12 08:26:03Z TRACE [msg.payload] {"id":506,"hb":862}
2025/09/12 08:26:04Z TRACE [msg.payload] {"id":506,"comp":1,"evap":{"in":25.4,"out":17,"fan":50},"cond":{"in":30.1,"out":42.6,"fan":100}}
2025/09/12 08:26:04Z TRACE [msg.payload] {"id":506,"hb":863}
2025/09/12 08:26:05Z TRACE [msg.payload] {"id":506,"comp":1,"evap":{"in":25,"out":16.5,"fan":50},"cond":{"in":30,"out":42.8,"fan":100}}
2025/09/12 08:26:05Z TRACE [msg.payload] {"id":506,"hb":864}
2025/09/12 08:26:06Z TRACE [msg.payload] {"id":506,"comp":1,"evap":{"in":25.1,"out":16.9,"fan":50},"cond":{"in":30,"out":42.7,"fan":100}}
2025/09/12 08:26:06Z TRACE [msg.payload] {"id":506,"hb":865}
2025/09/12 08:26:07Z TRACE [msg.payload] {"id":506,"comp":1,"evap":{"in":25.3,"out":16.7,"fan":50},"cond":{"in":30,"out":42.6,"fan":100}}
2025/09/12 08:26:07Z TRACE [msg.payload] {"id":506,"hb":866}
2025/09/12 08:26:08Z TRACE [msg.payload] {"id":506,"comp":1,"evap":{"in":25.3,"out":16.6,"fan":50},"cond":{"in":30.4,"out":43,"fan":100}}
2025/09/12 08:26:08Z TRACE [msg.payload] {"id":506,"hb":867}
2025/09/12 08:26:09Z TRACE [msg.payload] {"id":506,"comp":1,"evap":{"in":25.6,"out":16.5,"fan":50},"cond":{"in":30.3,"out":42.9,"fan":100}}
2025/09/12 08:26:09Z TRACE [msg.payload] {"id":506,"hb":868}
2025/09/12 08:26:10Z TRACE [msg.payload] {"id":506,"comp":1,"evap":{"in":25.5,"out":16.9,"fan":50},"cond":{"in":29.8,"out":42.6,"fan":100}}
2025/09/12 08:26:10Z TRACE [msg.payload] {"id":506,"hb":869}
2025/09/12 08:26:11Z TRACE [msg.payload] {"id":506,"comp":1,"evap":{"in":25.5,"out":17.2,"fan":50},"cond":{"in":29.8,"out":42.8,"fan":100}}
2025/09/12 08:26:11Z TRACE [msg.payload] {"id":506,"hb":870}
2025/09/12 08:26:12Z TRACE [msg.payload] {"id":506,"comp":1,"evap":{"in":25.1,"out":16.5,"fan":50},"cond":{"in":30,"out":43,"fan":100}}
2025/09/12 08:26:12Z TRACE [msg.payload] {"id":506,"hb":871}
2025/09/12 08:26:13Z TRACE [msg.payload] {"id":506,"comp":1,"evap":{"in":25.2,"out":16.7,"fan":50},"cond":{"in":30.2,"out":43,"fan":100}}
2025/09/12 08:26:13Z TRACE [msg.payload] {"id":506,"hb":872}
2025/09/12 08:26:14Z TRACE [msg.payload] {"id":506,"comp":1,"evap":{"in":25.5,"out":17,"fan":50},"cond":{"in":30.2,"out":42.8,"fan":100}}
2025/09/12 08:26:14Z TRACE [msg.payload] {"id":506,"hb":873}
2025/09/12 08:26:15Z TRACE [msg.payload] {"id":506,"comp":1,"evap":{"in":25.4,"out":16.9,"fan":50},"cond":{"in":30.1,"out":42.6,"fan":100}}
2025/09/12 08:26:15Z TRACE [msg.payload] {"id":506,"hb":874}
2025/09/12 08:26:16Z TRACE [msg.payload] {"id":506,"comp":1,"evap":{"in":25.2,"out":16.6,"fan":50},"cond":{"in":29.8,"out":42.6,"fan":100}}
2025/09/12 08:26:16Z TRACE [msg.payload] {"id":506,"hb":875}
2025/09/12 08:26:17Z TRACE [msg.payload] {"id":506,"comp":1,"evap":{"in":25.2,"out":16.9,"fan":50},"cond":{"in":29.8,"out":42.6,"fan":100}}
2025/09/12 08:26:17Z TRACE [msg.payload] {"id":506,"hb":876}
2025/09/12 08:26:18Z TRACE [msg.payload] {"id":506,"comp":1,"evap":{"in":25.3,"out":16.8,"fan":50},"cond":{"in":30.1,"out":42.8,"fan":100}}
2025/09/12 08:26:18Z TRACE [msg.payload] {"id":506,"hb":877}
2025/09/12 08:26:19Z TRACE [msg.payload] {"id":506,"comp":1,"evap":{"in":25.3,"out":16.6,"fan":50},"cond":{"in":30.3,"out":42.9,"fan":100}}
2025/09/12 08:26:19Z TRACE [msg.payload] {"id":506,"hb":878}
2025/09/12 08:26:20Z TRACE [msg.payload] {"id":506,"comp":1,"evap":{"in":25.5,"out":17,"fan":50},"cond":{"in":30.1,"out":42.7,"fan":100}}
2025/09/12 08:26:20Z TRACE [msg.payload] {"id":506,"hb":879}
2025/09/12 08:26:21Z TRACE [msg.payload] {"id":506,"comp":1,"evap":{"in":25.5,"out":16.5,"fan":50},"cond":{"in":30,"out":42.6,"fan":100}}
2025/09/12 08:26:21Z TRACE [msg.payload] {"id":506,"hb":880}
2025/09/12 08:26:22Z TRACE [msg.payload] {"id":506,"comp":1,"evap":{"in":25.3,"out":16.8,"fan":50},"cond":{"in":29.8,"out":43,"fan":100}}
2025/09/12 08:26:22Z TRACE [msg.payload] {"id":506,"hb":881}
2025/09/12 08:26:23Z TRACE [msg.payload] {"id":506,"comp":1,"evap":{"in":25.2,"out":16.5,"fan":50},"cond":{"in":30.2,"out":42.7,"fan":100}}
2025/09/12 08:26:23Z TRACE [msg.payload] {"id":506,"hb":882}
2025/09/12 08:26:24Z TRACE [msg.payload] {"id":506,"comp":1,"evap":{"in":25.7,"out":17.2,"fan":50},"cond":{"in":30.3,"out":42.7,"fan":100}}
2025/09/12 08:26:24Z TRACE [msg.payload] {"id":506,"hb":883}
2025/09/12 08:26:25Z TRACE [msg.payload] {"id":506,"comp":1,"evap":{"in":25.5,"out":15,"fan":50},"cond":{"in":30.2,"out":42.9,"fan":100}}
2025/09/12 08:26:25Z TRACE [msg.payload] {"id":506,"hb":884}
2025/09/12 08:26:26Z TRACE [msg.payload] {"id":506,"comp":1,"evap":{"in":25.3,"out":16.8,"fan":50},"cond":{"in":30,"out":42.6,"fan":100}}
2025/09/12 08:26:26Z TRACE [msg.payload] {"id":506,"hb":885}
2025/09/12 08:26:27Z TRACE [msg.payload] {"id":506,"comp":1,"evap":{"in":25.3,"out":17.2,"fan":50},"cond":{"in":30.1,"out":42.6,"fan":100}}
2025/09/12 08:26:27Z TRACE [msg.payload] {"id":506,"hb":886}
2025/09/12 08:26:28Z TRACE [msg.payload] {"id":506,"comp":1,"evap":{"in":25.3,"out":16.6,"fan":50},"cond":{"in":29.3,"out":43,"fan":100}}
2025/09/12 08:26:28Z TRACE [msg.payload] {"id":506,"hb":887}
2025/09/12 08:26:29Z TRACE [msg.payload] {"id":506,"comp":1,"evap":{"in":25.3,"out":16.6,"fan":50},"cond":{"in":30.3,"out":43,"fan":100}}
2025/09/12 08:26:29Z TRACE [msg.payload] {"id":506,"hb":888}
2025/09/12 08:26:30Z TRACE [msg.payload] {"id":506,"comp":1,"evap":{"in":25.9,"out":17,"fan":50},"cond":{"in":29.9,"out":42.8,"fan":100}}
2025/09/12 08:26:30Z TRACE [msg.payload] {"id":506,"hb":889}
2025/09/12 08:26:31Z TRACE [msg.payload] {"id":506,"comp":1,"evap":{"in":25.5,"out":17,"fan":50},"cond":{"in":29.8,"out":42.6,"fan":100}}
2025/09/12 08:26:31Z TRACE [msg.payload] {"id":506,"hb":890}
2025/09/12 08:26:32Z TRACE [msg.payload] {"id":506,"comp":1,"evap":{"in":25.2,"out":16.5,"fan":50},"cond":{"in":30.1,"out":43.1,"fan":100}}
2025/09/12 08:26:32Z TRACE [msg.payload] {"id":506,"hb":891}
2025/09/12 08:26:33Z TRACE [msg.payload] {"id":506,"comp":1,"evap":{"in":25.4,"out":16.6,"fan":50},"cond":{"in":30.1,"out":42.6,"fan":100}}
2025/09/12 08:26:33Z TRACE [msg.payload] {"id":506,"hb":892}
2025/09/12 08:26:34Z TRACE [msg.payload] {"id":506,"comp":1,"evap":{"in":25.6,"out":17.1,"fan":50},"cond":{"in":30.3,"out":43,"fan":100}}
2025/09/12 08:26:34Z TRACE [msg.payload] {"id":506,"hb":893}
2025/09/12 08:26:35Z TRACE [msg.payload] {"id":506,"comp":1,"evap":{"in":25.5,"out":16.5,"fan":50},"cond":{"in":30.3,"out":45.1,"fan":100}}
2025/09/12 08:26:35Z TRACE [msg.payload] {"id":506,"hb":894}
2025/09/12 08:26:36Z TRACE [msg.payload] {"id":506,"comp":1,"evap":{"in":25.3,"out":16.9,"fan":50},"cond":{"in":30.1,"out":42.8,"fan":100}}
2025/09/12 08:26:36Z TRACE [msg.payload] {"id":506,"hb":895}
2025/09/12 08:26:37Z TRACE [msg.payload] {"id":506,"comp":1,"evap":{"in":25.6,"out":16.9,"fan":50},"cond":{"in":30,"out":42.8,"fan":100}}
2025/09/12 08:26:37Z TRACE [msg.payload] {"id":506,"hb":896}
2025/09/12 08:26:38Z TRACE [msg.payload] {"id":506,"comp":1,"evap":{"in":25.1,"out":16.3,"fan":50},"cond":{"in":30.2,"out":43,"fan":100}}
2025/09/12 08:26:38Z TRACE [msg.payload] {"id":506,"hb":897}
2025/09/12 08:26:39Z TRACE [msg.payload] {"id":506,"comp":1,"evap":{"in":25.2,"out":16.4,"fan":50},"cond":{"in":30.4,"out":43,"fan":100}}
2025/09/12 08:26:39Z TRACE [msg.payload] {"id":506,"hb":898}
2025/09/12 08:26:40Z TRACE [msg.payload] {"id":506,"comp":1,"evap":{"in":25.5,"out":17,"fan":50},"cond":{"in":30.1,"out":42.8,"fan":100}}
2025/09/12 08:26:40Z TRACE [msg.payload] {"id":506,"hb":899}
2025/09/12 08:26:41Z TRACE [msg.payload] {"id":506,"comp":1,"evap":{"in":25.6,"out":17,"fan":50},"cond":{"in":30.1,"out":42.9,"fan":100}}
2025/09/12 08:26:41Z TRACE [msg.payload] {"id":506,"hb":900}
2025/09/12 08:26:42Z TRACE [msg.payload] {"id":506,"comp":1,"evap":{"in":24.9,"out":16.7,"fan":50},"cond":{"in":30.1,"out":43.1,"fan":100}}
2025/09/12 08:26:42Z TRACE [msg.payload] {"id":506,"hb":901}
2025/09/12 08:26:43Z TRACE [msg.payload] {"id":506,"comp":1,"evap":{"in":25.2,"out":16.6,"fan":50},"cond":{"in":29.9,"out":42.7,"fan":100}}
2025/09/12 08:26:43Z TRACE [msg.payload] {"id":506,"hb":902}
2025/09/12 08:26:44Z TRACE [msg.payload] {"id":506,"comp":1,"evap":{"in":25.4,"out":16.9,"fan":50},"cond":{"in":30.3,"out":43,"fan":100}}
2025/09/12 08:26:44Z TRACE [msg.payload] {"id":506,"hb":903}
2025/09/12 08:26:45Z TRACE [msg.payload] {"id":506,"comp":1,"evap":{"in":25.4,"out":16.7,"fan":50},"cond":{"in":30.4,"out":43,"fan":100}}
2025/09/12 08:26:45Z TRACE [msg.payload] {"id":506,"hb":904}
2025/09/12 08:26:46Z TRACE [msg.payload] {"id":506,"comp":1,"evap":{"in":25.2,"out":16.9,"fan":50},"cond":{"in":30.1,"out":42.8,"fan":100}}
2025/09/12 08:26:46Z TRACE [msg.payload] {"id":506,"hb":905}
2025/09/12 08:26:47Z TRACE [msg.payload] {"id":506,"comp":1,"evap":{"in":25.6,"out":16.9,"fan":50},"cond":{"in":30.1,"out":42.8,"fan":100}}
2025/09/12 08:26:47Z TRACE [msg.payload] {"id":506,"hb":906}
2025/09/12 08:26:48Z TRACE [msg.payload] {"id":506,"comp":1,"evap":{"in":25.5,"out":16.7,"fan":50},"cond":{"in":30.1,"out":43.2,"fan":100}}
2025/09/12 08:26:48Z TRACE [msg.payload] {"id":506,"hb":907}
2025/09/12 08:26:49Z TRACE [msg.payload] {"id":506,"comp":1,"evap":{"in":25.4,"out":16.4,"fan":50},"cond":{"in":30.2,"out":43.1,"fan":100}}
2025/09/12 08:26:49Z TRACE [msg.payload] {"id":506,"hb":908}
2025/09/12 08:26:50Z TRACE [msg.payload] {"id":506,"comp":1,"evap":{"in":25.6,"out":17,"fan":50},"cond":{"in":30.2,"out":42.9,"fan":100}}
2025/09/12 08:26:50Z TRACE [msg.payload] {"id":506,"hb":909}
2025/09/12 08:26:51Z TRACE [msg.payload] {"id":506,"comp":1,"evap":{"in":25.5,"out":17.3,"fan":50},"cond":{"in":30.4,"out":42.5,"fan":100}}
2025/09/12 08:26:51Z TRACE [msg.payload] {"id":506,"hb":910}
2025/09/12 08:26:52Z TRACE [msg.payload] {"id":506,"comp":1,"evap":{"in":25.2,"out":16.6,"fan":50},"cond":{"in":30.1,"out":43.1,"fan":100}}
2025/09/12 08:26:52Z TRACE [msg.payload] {"id":506,"hb":911}
2025/09/12 08:26:53Z TRACE [msg.payload] {"id":506,"comp":1,"evap":{"in":25.2,"out":15.4,"fan":50},"cond":{"in":30.1,"out":42.9,"fan":100}}
2025/09/12 08:26:53Z TRACE [msg.payload] {"id":506,"hb":912}
2025/09/12 08:26:54Z TRACE [msg.payload] {"id":506,"comp":1,"evap":{"in":25.5,"out":17,"fan":50},"cond":{"in":30.3,"out":43.2,"fan":100}}
2025/09/12 08:26:54Z TRACE [msg.payload] {"id":506,"hb":913}
2025/09/12 08:26:55Z TRACE [msg.payload] {"id":506,"comp":1,"evap":{"in":25.5,"out":16.5,"fan":50},"cond":{"in":30.3,"out":43.1,"fan":100}}
2025/09/12 08:26:55Z TRACE [msg.payload] {"id":506,"hb":914}
2025/09/12 08:26:56Z TRACE [msg.payload] {"id":506,"comp":1,"evap":{"in":25.3,"out":16.8,"fan":50},"cond":{"in":30,"out":43,"fan":100}}
2025/09/12 08:26:56Z TRACE [msg.payload] {"id":506,"hb":915}
2025/09/12 08:26:57Z TRACE [msg.payload] {"id":506,"comp":1,"evap":{"in":25.6,"out":17.1,"fan":50},"cond":{"in":30.1,"out":43,"fan":100}}
2025/09/12 08:26:57Z TRACE [msg.payload] {"id":506,"hb":916}
2025/09/12 08:26:58Z TRACE [msg.payload] {"id":506,"comp":1,"evap":{"in":25.3,"out":16.8,"fan":50},"cond":{"in":30,"out":43.1,"fan":100}}
2025/09/12 08:26:58Z TRACE [msg.payload] {"id":506,"hb":917}
2025/09/12 08:26:59Z TRACE [msg.payload] {"id":506,"comp":1,"evap":{"in":25.4,"out":17,"fan":50},"cond":{"in":30.4,"out":43.2,"fan":100}}
2025/09/12 08:26:59Z TRACE [msg.payload] {"id":506,"hb":918}
2025/09/12 08:27:00Z TRACE [msg.payload] {"id":506,"comp":1,"evap":{"in":25.5,"out":16.9,"fan":50},"cond":{"in":30.2,"out":43,"fan":100}}
2025/09/12 08:27:00Z TRACE [msg.payload] {"id":506,"hb":919}
2025/09/12 08:27:01Z TRACE [msg.payload] {"id":506,"comp":1,"evap":{"in":25.7,"out":16.8,"fan":50},"cond":{"in":30.1,"out":42.9,"fan":100}}
2025/09/12 08:27:01Z TRACE [msg.payload] {"id":506,"hb":920}
2025/09/12 08:27:02Z TRACE [msg.payload] {"id":506,"comp":1,"evap":{"in":25.2,"out":16.6,"fan":50},"cond":{"in":30.3,"out":43.1,"fan":100}}
2025/09/12 08:27:02Z TRACE [msg.payload] {"id":506,"hb":921}
2025/09/12 08:27:03Z TRACE [msg.payload] {"id":506,"comp":1,"evap":{"in":25.4,"out":16.9,"fan":50},"cond":{"in":30.1,"out":42.9,"fan":100}}
2025/09/12 08:27:03Z TRACE [msg.payload] {"id":506,"hb":922}
2025/09/12 08:27:04Z TRACE [msg.payload] {"id":506,"comp":1,"evap":{"in":25.7,"out":16.8,"fan":50},"cond":{"in":30.4,"out":44.5,"fan":100}}
2025/09/12 08:27:04Z TRACE [msg.payload] {"id":506,"hb":923}
2025/09/12 08:27:05Z TRACE [msg.payload] {"id":506,"comp":1,"evap":{"in":25.7,"out":16.5,"fan":50},"cond":{"in":30.4,"out":43.1,"fan":100}}
2025/09/12 08:27:05Z TRACE [msg.payload] {"id":506,"hb":924}
2025/09/12 08:27:06Z TRACE [msg.payload] {"id":506,"comp":1,"evap":{"in":25.6,"out":17,"fan":50},"cond":{"in":30.2,"out":42.9,"fan":100}}
2025/09/12 08:27:06Z TRACE [msg.payload] {"id":506,"hb":925}
2025/09/12 08:27:07Z TRACE [msg.payload] {"id":506,"comp":1,"evap":{"in":25.7,"out":17.3,"fan":50},"cond":{"in":30.1,"out":43,"fan":100}}
2025/09/12 08:27:07Z TRACE [msg.payload] {"id":506,"hb":926}
2025/09/12 08:27:08Z TRACE [msg.payload] {"id":506,"comp":1,"evap":{"in":25.2,"out":16.6,"fan":50},"cond":{"in":30,"out":43.1,"fan":100}}
2025/09/12 08:27:08Z TRACE [msg.payload] {"id":506,"hb":927}
2025/09/12 08:27:09Z TRACE [msg.payload] {"id":506,"comp":1,"evap":{"in":25.2,"out":16.6,"fan":50},"cond":{"in":30.1,"out":43,"fan":100}}
2025/09/12 08:27:09Z TRACE [msg.payload] {"id":506,"hb":928}
2025/09/12 08:27:10Z TRACE [msg.payload] {"id":506,"comp":1,"evap":{"in":25.7,"out":17,"fan":50},"cond":{"in":30.2,"out":42.9,"fan":100}}
2025/09/12 08:27:10Z TRACE [msg.payload] {"id":506,"hb":929}
2025/09/12 08:27:11Z TRACE [msg.payload] {"id":506,"comp":1,"evap":{"in":25.6,"out":17,"fan":50},"cond":{"in":30.4,"out":42.8,"fan":100}}
2025/09/12 08:27:11Z TRACE [msg.payload] {"id":506,"hb":930}
2025/09/12 08:27:12Z TRACE [msg.payload] {"id":506,"comp":1,"evap":{"in":25.2,"out":16.2,"fan":50},"cond":{"in":29.8,"out":42.7,"fan":100}}
2025/09/12 08:27:12Z TRACE [msg.payload] {"id":506,"hb":931}
2025/09/12 08:27:13Z TRACE [msg.payload] {"id":506,"comp":1,"evap":{"in":25.4,"out":16.9,"fan":50},"cond":{"in":30.2,"out":43.1,"fan":100}}
2025/09/12 08:27:13Z TRACE [msg.payload] {"id":506,"hb":932}
2025/09/12 08:27:14Z TRACE [msg.payload] {"id":506,"comp":1,"evap":{"in":25.5,"out":16.7,"fan":50},"cond":{"in":30.4,"out":43.1,"fan":100}}
2025/09/12 08:27:14Z TRACE [msg.payload] {"id":506,"hb":933}
2025/09/12 08:27:15Z TRACE [msg.payload] {"id":506,"comp":1,"evap":{"in":25.5,"out":16.9,"fan":50},"cond":{"in":30.3,"out":43.3,"fan":100}}
2025/09/12 08:27:15Z TRACE [msg.payload] {"id":506,"hb":934}
2025/09/12 08:27:16Z TRACE [msg.payload] {"id":506,"comp":1,"evap":{"in":25.5,"out":17,"fan":50},"cond":{"in":30.3,"out":43,"fan":100}}
2025/09/12 08:27:16Z TRACE [msg.payload] {"id":506,"hb":935}
2025/09/12 08:27:17Z TRACE [msg.payload] {"id":506,"comp":1,"evap":{"in":25.5,"out":17,"fan":50},"cond":{"in":30.1,"out":43,"fan":100}}
2025/09/12 08:27:17Z TRACE [msg.payload] {"id":506,"hb":936}
2025/09/12 08:27:18Z TRACE [msg.payload] {"id":506,"comp":1,"evap":{"in":25.6,"out":16.9,"fan":50},"cond":{"in":30.9,"out":42.9,"fan":100}}
2025/09/12 08:27:18Z TRACE [msg.payload] {"id":506,"hb":937}
2025/09/12 08:27:19Z TRACE [msg.payload] {"id":506,"comp":1,"evap":{"in":25.4,"out":16.5,"fan":50},"cond":{"in":31.1,"out":43.1,"fan":100}}
2025/09/12 08:27:19Z TRACE [msg.payload] {"id":506,"hb":938}
2025/09/12 08:27:20Z TRACE [msg.payload] {"id":506,"comp":1,"evap":{"in":25.8,"out":16.7,"fan":50},"cond":{"in":30.4,"out":43.1,"fan":100}}
2025/09/12 08:27:20Z TRACE [msg.payload] {"id":506,"hb":939}
2025/09/12 08:27:21Z TRACE [msg.payload] {"id":506,"comp":1,"evap":{"in":25.8,"out":17,"fan":50},"cond":{"in":30.4,"out":43,"fan":100}}
2025/09/12 08:27:21Z TRACE [msg.payload] {"id":506,"hb":940}
2025/09/12 08:27:22Z TRACE [msg.payload] {"id":506,"comp":1,"evap":{"in":25.6,"out":17,"fan":50},"cond":{"in":29.9,"out":43,"fan":100}}
2025/09/12 08:27:22Z TRACE [msg.payload] {"id":506,"hb":941}
2025/09/12 08:27:23Z TRACE [msg.payload] {"id":506,"comp":1,"evap":{"in":25.3,"out":17,"fan":50},"cond":{"in":30.3,"out":42.9,"fan":100}}
2025/09/12 08:27:23Z TRACE [msg.payload] {"id":506,"hb":942}
2025/09/12 08:27:24Z TRACE [msg.payload] {"id":506,"comp":1,"evap":{"in":25.4,"out":16.6,"fan":50},"cond":{"in":30,"out":43.1,"fan":100}}
2025/09/12 08:27:24Z TRACE [msg.payload] {"id":506,"hb":943}
2025/09/12 08:27:25Z TRACE [msg.payload] {"id":506,"comp":1,"evap":{"in":25.1,"out":16.4,"fan":50},"cond":{"in":30.5,"out":43,"fan":100}}
2025/09/12 08:27:25Z TRACE [msg.payload] {"id":506,"hb":944}
2025/09/12 08:27:26Z TRACE [msg.payload] {"id":506,"comp":1,"evap":{"in":25.6,"out":17,"fan":50},"cond":{"in":30.4,"out":43,"fan":100}}
2025/09/12 08:27:26Z TRACE [msg.payload] {"id":506,"hb":945}
2025/09/12 08:27:27Z TRACE [msg.payload] {"id":506,"comp":1,"evap":{"in":25.5,"out":17,"fan":50},"cond":{"in":30.1,"out":43,"fan":100}}
2025/09/12 08:27:27Z TRACE [msg.payload] {"id":506,"hb":946}
2025/09/12 08:27:28Z TRACE [msg.payload] {"id":506,"comp":1,"evap":{"in":25.2,"out":16.9,"fan":50},"cond":{"in":29.6,"out":42.8,"fan":100}}
2025/09/12 08:27:28Z TRACE [msg.payload] {"id":506,"hb":947}
2025/09/12 08:27:29Z TRACE [msg.payload] {"id":506,"comp":1,"evap":{"in":24.2,"out":16.6,"fan":50},"cond":{"in":30.4,"out":43.2,"fan":100}}
2025/09/12 08:27:29Z TRACE [msg.payload] {"id":506,"hb":948}
2025/09/12 08:27:30Z TRACE [msg.payload] {"id":506,"comp":1,"evap":{"in":25.7,"out":16.8,"fan":50},"cond":{"in":28.3,"out":43.4,"fan":100}}
2025/09/12 08:27:30Z TRACE [msg.payload] {"id":506,"hb":949}
2025/09/12 08:27:31Z TRACE [msg.payload] {"id":506,"comp":1,"evap":{"in":25.7,"out":17,"fan":50},"cond":{"in":30.4,"out":41.9,"fan":100}}
2025/09/12 08:27:31Z TRACE [msg.payload] {"id":506,"hb":950}
2025/09/12 08:27:32Z TRACE [msg.payload] {"id":506,"comp":1,"evap":{"in":25.7,"out":17,"fan":50},"cond":{"in":30.1,"out":43.2,"fan":100}}
2025/09/12 08:27:32Z TRACE [msg.payload] {"id":506,"hb":951}
2025/09/12 08:27:33Z TRACE [msg.payload] {"id":506,"comp":1,"evap":{"in":25.3,"out":16.8,"fan":50},"cond":{"in":30.1,"out":42.9,"fan":100}}
2025/09/12 08:27:33Z TRACE [msg.payload] {"id":506,"hb":952}
2025/09/12 08:27:34Z TRACE [msg.payload] {"id":506,"comp":1,"evap":{"in":25.5,"out":16.6,"fan":50},"cond":{"in":30.3,"out":43.3,"fan":100}}
2025/09/12 08:27:34Z TRACE [msg.payload] {"id":506,"hb":953}
2025/09/12 08:27:35Z TRACE [msg.payload] {"id":506,"comp":1,"evap":{"in":25.6,"out":16.7,"fan":50},"cond":{"in":30.4,"out":43.3,"fan":100}}
2025/09/12 08:27:35Z TRACE [msg.payload] {"id":506,"hb":954}
2025/09/12 08:27:36Z TRACE [msg.payload] {"id":506,"comp":1,"evap":{"in":25.7,"out":17,"fan":50},"cond":{"in":30.4,"out":43.4,"fan":100}}
2025/09/12 08:27:36Z TRACE [msg.payload] {"id":506,"hb":955}
2025/09/12 08:27:37Z TRACE [msg.payload] {"id":506,"comp":1,"evap":{"in":25.5,"out":16.9,"fan":50},"cond":{"in":30.1,"out":43,"fan":100}}
2025/09/12 08:27:37Z TRACE [msg.payload] {"id":506,"hb":956}
2025/09/12 08:27:38Z TRACE [msg.payload] {"id":506,"comp":1,"evap":{"in":25.4,"out":17,"fan":50},"cond":{"in":30.1,"out":42.9,"fan":100}}
2025/09/12 08:27:38Z TRACE [msg.payload] {"id":506,"hb":957}
2025/09/12 08:27:39Z TRACE [msg.payload] {"id":506,"comp":1,"evap":{"in":25.7,"out":16.7,"fan":50},"cond":{"in":30.7,"out":44.3,"fan":100}}
2025/09/12 08:27:39Z TRACE [msg.payload] {"id":506,"hb":958}
2025/09/12 08:27:40Z TRACE [msg.payload] {"id":506,"comp":1,"evap":{"in":25.9,"out":16.6,"fan":50},"cond":{"in":30.6,"out":43.2,"fan":100}}
2025/09/12 08:27:40Z TRACE [msg.payload] {"id":506,"hb":959}
2025/09/12 08:27:41Z TRACE [msg.payload] {"id":506,"comp":1,"evap":{"in":25.8,"out":17,"fan":50},"cond":{"in":30.5,"out":43.1,"fan":100}}
2025/09/12 08:27:41Z TRACE [msg.payload] {"id":506,"hb":960}
2025/09/12 08:27:42Z TRACE [msg.payload] {"id":506,"comp":1,"evap":{"in":25.5,"out":16.9,"fan":50},"cond":{"in":30.1,"out":43,"fan":100}}
2025/09/12 08:27:42Z TRACE [msg.payload] {"id":506,"hb":961}
2025/09/12 08:27:43Z TRACE [msg.payload] {"id":506,"comp":1,"evap":{"in":25.5,"out":17.1,"fan":50},"cond":{"in":30.2,"out":43,"fan":100}}
2025/09/12 08:27:43Z TRACE [msg.payload] {"id":506,"hb":962}
2025/09/12 08:27:44Z TRACE [msg.payload] {"id":506,"comp":1,"evap":{"in":25.5,"out":16.6,"fan":50},"cond":{"in":30.1,"out":43.5,"fan":100}}
2025/09/12 08:27:44Z TRACE [msg.payload] {"id":506,"hb":963}
2025/09/12 08:27:45Z TRACE [msg.payload] {"id":506,"comp":1,"evap":{"in":25.7,"out":16.7,"fan":50},"cond":{"in":30.4,"out":43.2,"fan":100}}
2025/09/12 08:27:45Z TRACE [msg.payload] {"id":506,"hb":964}
2025/09/12 08:27:46Z TRACE [msg.payload] {"id":506,"comp":1,"evap":{"in":25.9,"out":17.1,"fan":50},"cond":{"in":30.4,"out":43.2,"fan":100}}
2025/09/12 08:27:46Z TRACE [msg.payload] {"id":506,"hb":965}
2025/09/12 08:27:47Z TRACE [msg.payload] {"id":506,"comp":1,"evap":{"in":25.6,"out":17.1,"fan":50},"cond":{"in":30.4,"out":43,"fan":100}}
2025/09/12 08:27:47Z TRACE [msg.payload] {"id":506,"hb":966}
2025/09/12 08:27:48Z TRACE [msg.payload] {"id":506,"comp":1,"evap":{"in":25.7,"out":18.5,"fan":50},"cond":{"in":30.1,"out":43,"fan":100}}
2025/09/12 08:27:48Z TRACE [msg.payload] {"id":506,"hb":967}
2025/09/12 08:27:49Z TRACE [msg.payload] {"id":506,"comp":1,"evap":{"in":25.2,"out":16.6,"fan":50},"cond":{"in":30.1,"out":43.1,"fan":100}}
2025/09/12 08:27:49Z TRACE [msg.payload] {"id":506,"hb":968}
2025/09/12 08:27:50Z TRACE [msg.payload] {"id":506,"comp":1,"evap":{"in":25.6,"out":16.9,"fan":50},"cond":{"in":30.5,"out":43.1,"fan":100}}
2025/09/12 08:27:50Z TRACE [msg.payload] {"id":506,"hb":969}
2025/09/12 08:27:51Z TRACE [msg.payload] {"id":506,"comp":1,"evap":{"in":25.8,"out":17.2,"fan":50},"cond":{"in":30.4,"out":43.3,"fan":100}}
2025/09/12 08:27:51Z TRACE [msg.payload] {"id":506,"hb":970}
2025/09/12 08:27:52Z TRACE [msg.payload] {"id":506,"comp":1,"evap":{"in":25.7,"out":16.7,"fan":50},"cond":{"in":30.4,"out":43,"fan":100}}
2025/09/12 08:27:52Z TRACE [msg.payload] {"id":506,"hb":971}
2025/09/12 08:27:53Z TRACE [msg.payload] {"id":506,"comp":1,"evap":{"in":25.2,"out":16.9,"fan":50},"cond":{"in":30.2,"out":43,"fan":100}}
2025/09/12 08:27:53Z TRACE [msg.payload] {"id":506,"hb":972}
2025/09/12 08:27:54Z TRACE [msg.payload] {"id":506,"comp":1,"evap":{"in":32.4,"out":16.6,"fan":50},"cond":{"in":30.2,"out":43.3,"fan":100}}
2025/09/12 08:27:54Z TRACE [msg.payload] {"id":506,"hb":973}
2025/09/12 08:27:55Z TRACE [msg.payload] {"id":506,"comp":1,"evap":{"in":25.2,"out":16.2,"fan":50},"cond":{"in":30.4,"out":43.2,"fan":100}}
2025/09/12 08:27:55Z TRACE [msg.payload] {"id":506,"hb":974}
2025/09/12 08:27:56Z TRACE [msg.payload] {"id":506,"comp":1,"evap":{"in":25.7,"out":17,"fan":50},"cond":{"in":30.5,"out":43,"fan":100}}
2025/09/12 08:27:56Z TRACE [msg.payload] {"id":506,"hb":975}
2025/09/12 08:27:57Z TRACE [msg.payload] {"id":506,"comp":1,"evap":{"in":25.6,"out":16.9,"fan":50},"cond":{"in":30.1,"out":42.9,"fan":100}}
2025/09/12 08:27:57Z TRACE [msg.payload] {"id":506,"hb":976}
2025/09/12 08:27:58Z TRACE [msg.payload] {"id":506,"comp":1,"evap":{"in":26.7,"out":17,"fan":50},"cond":{"in":30.1,"out":43.1,"fan":100}}
2025/09/12 08:27:58Z TRACE [msg.payload] {"id":506,"hb":977}
2025/09/12 08:27:59Z TRACE [msg.payload] {"id":506,"comp":1,"evap":{"in":25.4,"out":16.6,"fan":50},"cond":{"in":30.2,"out":43.3,"fan":100}}
2025/09/12 08:27:59Z TRACE [msg.payload] {"id":506,"hb":978}
2025/09/12 08:28:00Z TRACE [msg.payload] {"id":506,"comp":1,"evap":{"in":25.3,"out":16.8,"fan":50},"cond":{"in":30.4,"out":43.3,"fan":100}}
2025/09/12 08:28:00Z TRACE [msg.payload] {"id":506,"hb":979}
2025/09/12 08:28:01Z TRACE [msg.payload] {"id":506,"comp":1,"evap":{"in":25.7,"out":16.8,"fan":50},"cond":{"in":30.1,"out":43,"fan":100}}
2025/09/12 08:28:01Z TRACE [msg.payload] {"id":506,"hb":980}
2025/09/12 08:28:02Z TRACE [msg.payload] {"id":506,"comp":1,"evap":{"in":25.3,"out":16.9,"fan":50},"cond":{"in":30.2,"out":43.1,"fan":100}}
2025/09/12 08:28:02Z TRACE [msg.payload] {"id":506,"hb":981}
2025/09/12 08:28:03Z TRACE [msg.payload] {"id":506,"comp":1,"evap":{"in":25.5,"out":17,"fan":50},"cond":{"in":30.2,"out":43.1,"fan":100}}
2025/09/12 08:28:03Z TRACE [msg.payload] {"id":506,"hb":982}
2025/09/12 08:28:04Z TRACE [msg.payload] {"id":506,"comp":1,"evap":{"in":25.3,"out":16.9,"fan":50},"cond":{"in":30.2,"out":43.2,"fan":100}}
2025/09/12 08:28:04Z TRACE [msg.payload] {"id":506,"hb":983}
2025/09/12 08:28:05Z TRACE [msg.payload] {"id":506,"comp":1,"evap":{"in":25.4,"out":16.7,"fan":50},"cond":{"in":30.5,"out":43.3,"fan":100}}
2025/09/12 08:28:05Z TRACE [msg.payload] {"id":506,"hb":984}
2025/09/12 08:28:06Z TRACE [msg.payload] {"id":506,"comp":1,"evap":{"in":25.3,"out":16.7,"fan":50},"cond":{"in":30.4,"out":43.1,"fan":100}}
2025/09/12 08:28:06Z TRACE [msg.payload] {"id":506,"hb":985}
2025/09/12 08:28:07Z TRACE [msg.payload] {"id":506,"comp":1,"evap":{"in":25.5,"out":17,"fan":50},"cond":{"in":30.3,"out":42.9,"fan":100}}
2025/09/12 08:28:07Z TRACE [msg.payload] {"id":506,"hb":986}
2025/09/12 08:28:08Z TRACE [msg.payload] {"id":506,"comp":1,"evap":{"in":25.5,"out":17.1,"fan":50},"cond":{"in":30.2,"out":43.1,"fan":100}}
2025/09/12 08:28:08Z TRACE [msg.payload] {"id":506,"hb":987}
2025/09/12 08:28:09Z TRACE [msg.payload] {"id":506,"comp":1,"evap":{"in":25.3,"out":16.5,"fan":50},"cond":{"in":30.3,"out":43.1,"fan":100}}
2025/09/12 08:28:09Z TRACE [msg.payload] {"id":506,"hb":988}
2025/09/12 08:28:10Z TRACE [msg.payload] {"id":506,"comp":1,"evap":{"in":25.3,"out":16.7,"fan":50},"cond":{"in":30.5,"out":46.5,"fan":100}}
2025/09/12 08:28:10Z TRACE [msg.payload] {"id":506,"hb":989}
2025/09/12 08:28:11Z TRACE [msg.payload] {"id":506,"comp":1,"evap":{"in":25.8,"out":17,"fan":50},"cond":{"in":30.5,"out":43.1,"fan":100}}
2025/09/12 08:28:11Z TRACE [msg.payload] {"id":506,"hb":990}
2025/09/12 08:28:12Z TRACE [msg.payload] {"id":506,"comp":1,"evap":{"in":25.7,"out":16.9,"fan":50},"cond":{"in":30.5,"out":43.3,"fan":100}}
2025/09/12 08:28:12Z TRACE [msg.payload] {"id":506,"hb":991}
2025/09/12 08:28:13Z TRACE [msg.payload] {"id":506,"comp":1,"evap":{"in":25.4,"out":16.3,"fan":50},"cond":{"in":30.3,"out":43.1,"fan":100}}
2025/09/12 08:28:13Z TRACE [msg.payload] {"id":506,"hb":992}
2025/09/12 08:28:14Z TRACE [msg.payload] {"id":506,"comp":1,"evap":{"in":25.4,"out":16.9,"fan":50},"cond":{"in":30.1,"out":43.1,"fan":100}}
2025/09/12 08:28:14Z TRACE [msg.payload] {"id":506,"hb":993}
2025/09/12 08:28:15Z TRACE [msg.payload] {"id":506,"comp":1,"evap":{"in":25.4,"out":16.7,"fan":50},"cond":{"in":30.5,"out":43.4,"fan":100}}
2025/09/12 08:28:15Z TRACE [msg.payload] {"id":506,"hb":994}
2025/09/12 08:28:16Z TRACE [msg.payload] {"id":506,"comp":1,"evap":{"in":25.5,"out":16.6,"fan":50},"cond":{"in":30.5,"out":43.4,"fan":100}}
2025/09/12 08:28:16Z TRACE [msg.payload] {"id":506,"hb":995}
2025/09/12 08:28:17Z TRACE [msg.payload] {"id":506,"comp":1,"evap":{"in":25.6,"out":16.9,"fan":50},"cond":{"in":30.5,"out":42.9,"fan":100}}
2025/09/12 08:28:17Z TRACE [msg.payload] {"id":506,"hb":996}
2025/09/12 08:28:18Z TRACE [msg.payload] {"id":506,"comp":1,"evap":{"in":25.5,"out":16.9,"fan":50},"cond":{"in":30.4,"out":43.2,"fan":100}}
2025/09/12 08:28:18Z TRACE [msg.payload] {"id":506,"hb":997}
2025/09/12 08:28:19Z TRACE [msg.payload] {"id":506,"comp":1,"evap":{"in":25.3,"out":16.5,"fan":50},"cond":{"in":30.1,"out":42.9,"fan":100}}
2025/09/12 08:28:19Z TRACE [msg.payload] {"id":506,"hb":998}
2025/09/12 08:28:20Z TRACE [msg.payload] {"id":506,"comp":1,"evap":{"in":25.5,"out":16.6,"fan":50},"cond":{"in":30.6,"out":43.4,"fan":100}}
2025/09/12 08:28:20Z TRACE [msg.payload] {"id":506,"hb":999}
2025/09/12 08:28:21Z TRACE [msg.payload] {"id":506,"comp":1,"evap":{"in":25.8,"out":16.5,"fan":50},"cond":{"in":30.5,"out":43.3,"fan":100}}
2025/09/12 08:28:21Z TRACE [msg.payload] {"id":506,"hb":1000}
2025/09/12 08:28:22Z TRACE [msg.payload] {"id":506,"hb":1001}
2025/09/12 08:28:22Z TRACE [msg.payload] {"id":506,"comp":1,"evap":{"in":25.3,"out":17,"fan":50},"cond":{"in":30,"out":43,"fan":100}}
2025/09/12 08:28:23Z TRACE [msg.payload] {"id":506,"hb":1002}
2025/09/12 08:28:23Z TRACE [msg.payload] {"id":506,"comp":1,"evap":{"in":25.7,"out":16.6,"fan":50},"cond":{"in":30.4,"out":43.3,"fan":100}}
2025/09/12 08:28:24Z TRACE [msg.payload] {"id":506,"hb":1003}
2025/09/12 08:28:24Z TRACE [msg.payload] {"id":506,"comp":1,"evap":{"in":25.3,"out":16.9,"fan":50},"cond":{"in":30.4,"out":43,"fan":100}}
2025/09/12 08:28:25Z TRACE [msg.payload] {"id":506,"hb":1004}
2025/09/12 08:28:25Z TRACE [msg.payload] {"id":506,"comp":1,"evap":{"in":25.6,"out":16.7,"fan":50},"cond":{"in":30.2,"out":43.2,"fan":100}}
2025/09/12 08:28:26Z TRACE [msg.payload] {"id":506,"hb":1005}
2025/09/12 08:28:26Z TRACE [msg.payload] {"id":506,"comp":1,"evap":{"in":25.2,"out":16.5,"fan":50},"cond":{"in":30.4,"out":43.3,"fan":100}}
2025/09/12 08:28:27Z TRACE [msg.payload] {"id":506,"hb":1006}
2025/09/12 08:28:27Z TRACE [msg.payload] {"id":506,"comp":1,"evap":{"in":25.6,"out":16.9,"fan":50},"cond":{"in":30.7,"out":43,"fan":100}}
2025/09/12 08:28:28Z TRACE [msg.payload] {"id":506,"hb":1007}
2025/09/12 08:28:28Z TRACE [msg.payload] {"id":506,"comp":1,"evap":{"in":25.8,"out":16.9,"fan":50},"cond":{"in":30.2,"out":43.2,"fan":100}}
2025/09/12 08:28:29Z TRACE [msg.payload] {"id":506,"hb":1008}
2025/09/12 08:28:29Z TRACE [msg.payload] {"id":506,"comp":1,"evap":{"in":25.6,"out":16.7,"fan":50},"cond":{"in":30.2,"out":43.2,"fan":100}}
2025/09/12 08:28:30Z TRACE [msg.payload] {"id":506,"hb":1009}
2025/09/12 08:28:30Z TRACE [msg.payload] {"id":506,"comp":1,"evap":{"in":25.5,"out":16.5,"fan":50},"cond":{"in":30.5,"out":43.5,"fan":100}}
2025/09/12 08:28:31Z TRACE [msg.payload] {"id":506,"hb":1010}
2025/09/12 08:28:31Z TRACE [msg.payload] {"id":506,"comp":1,"evap":{"in":25.7,"out":16.6,"fan":50},"cond":{"in":30.5,"out":43.4,"fan":100}}
2025/09/12 08:28:32Z TRACE [msg.payload] {"id":506,"hb":1011}
2025/09/12 08:28:32Z TRACE [msg.payload] {"id":506,"comp":1,"evap":{"in":25.9,"out":16.9,"fan":50},"cond":{"in":30.4,"out":43.2,"fan":100}}
2025/09/12 08:28:33Z TRACE [msg.payload] {"id":506,"hb":1012}
2025/09/12 08:28:33Z TRACE [msg.payload] {"id":506,"comp":1,"evap":{"in":25.7,"out":16.9,"fan":50},"cond":{"in":30.3,"out":43,"fan":100}}
2025/09/12 08:28:34Z TRACE [msg.payload] {"id":506,"hb":1013}
2025/09/12 08:28:34Z TRACE [msg.payload] {"id":506,"comp":1,"evap":{"in":23.8,"out":16.9,"fan":50},"cond":{"in":30.2,"out":43.1,"fan":100}}
2025/09/12 08:28:35Z TRACE [msg.payload] {"id":506,"hb":1014}
2025/09/12 08:28:35Z TRACE [msg.payload] {"id":506,"comp":1,"evap":{"in":25.6,"out":16.6,"fan":50},"cond":{"in":30.3,"out":43.2,"fan":100}}
2025/09/12 08:28:36Z TRACE [msg.payload] {"id":506,"hb":1015}
2025/09/12 08:28:36Z TRACE [msg.payload] {"id":506,"comp":1,"evap":{"in":25.4,"out":16.6,"fan":50},"cond":{"in":30.8,"out":43.4,"fan":100}}
2025/09/12 08:28:37Z TRACE [msg.payload] {"id":506,"hb":1016}
2025/09/12 08:28:37Z TRACE [msg.payload] {"id":506,"comp":1,"evap":{"in":25.7,"out":15.9,"fan":50},"cond":{"in":30.6,"out":43.1,"fan":100}}
2025/09/12 08:28:38Z TRACE [msg.payload] {"id":506,"hb":1017}
2025/09/12 08:28:38Z TRACE [msg.payload] {"id":506,"comp":1,"evap":{"in":25.6,"out":17,"fan":50},"cond":{"in":30.5,"out":43.3,"fan":100}}
2025/09/12 08:28:39Z TRACE [msg.payload] {"id":506,"hb":1018}
2025/09/12 08:28:39Z TRACE [msg.payload] {"id":506,"comp":1,"evap":{"in":25.5,"out":16.9,"fan":50},"cond":{"in":29.3,"out":43.3,"fan":100}}
2025/09/12 08:28:40Z TRACE [msg.payload] {"id":506,"hb":1019}
2025/09/12 08:28:40Z TRACE [msg.payload] {"id":506,"comp":1,"evap":{"in":25.4,"out":16.5,"fan":50},"cond":{"in":30.3,"out":43.4,"fan":100}}
2025/09/12 08:28:41Z TRACE [msg.payload] {"id":506,"hb":1020}
2025/09/12 08:28:41Z TRACE [msg.payload] {"id":506,"comp":1,"evap":{"in":25.3,"out":16.6,"fan":50},"cond":{"in":30.6,"out":44.2,"fan":100}}
2025/09/12 08:28:42Z TRACE [msg.payload] {"id":506,"hb":1021}
2025/09/12 08:28:42Z TRACE [msg.payload] {"id":506,"comp":1,"evap":{"in":25.9,"out":16.9,"fan":50},"cond":{"in":30.5,"out":43.2,"fan":100}}
2025/09/12 08:28:43Z TRACE [msg.payload] {"id":506,"hb":1022}
2025/09/12 08:28:43Z TRACE [msg.payload] {"id":506,"comp":1,"evap":{"in":25.7,"out":16.9,"fan":50},"cond":{"in":30.2,"out":43.2,"fan":100}}
2025/09/12 08:28:44Z TRACE [msg.payload] {"id":506,"hb":1023}
2025/09/12 08:28:44Z TRACE [msg.payload] {"id":506,"comp":1,"evap":{"in":25.4,"out":17,"fan":50},"cond":{"in":30.4,"out":43.3,"fan":100}}
2025/09/12 08:28:45Z TRACE [msg.payload] {"id":506,"hb":1024}
2025/09/12 08:28:45Z TRACE [msg.payload] {"id":506,"comp":1,"evap":{"in":25.4,"out":16.5,"fan":50},"cond":{"in":30.5,"out":43.5,"fan":100}}
2025/09/12 08:28:46Z TRACE [msg.payload] {"id":506,"hb":1025}
2025/09/12 08:28:46Z TRACE [msg.payload] {"id":506,"comp":1,"evap":{"in":25.2,"out":16.5,"fan":50},"cond":{"in":30.5,"out":43.4,"fan":100}}
2025/09/12 08:28:47Z TRACE [msg.payload] {"id":506,"hb":1026}
2025/09/12 08:28:47Z TRACE [msg.payload] {"id":506,"comp":1,"evap":{"in":25.8,"out":16.9,"fan":50},"cond":{"in":30.7,"out":43.5,"fan":100}}
2025/09/12 08:28:48Z TRACE [msg.payload] {"id":506,"hb":1027}
2025/09/12 08:28:48Z TRACE [msg.payload] {"id":506,"comp":1,"evap":{"in":25.7,"out":16.8,"fan":50},"cond":{"in":30.5,"out":43,"fan":100}}
2025/09/12 08:28:49Z TRACE [msg.payload] {"id":506,"hb":1028}
2025/09/12 08:28:49Z TRACE [msg.payload] {"id":506,"comp":1,"evap":{"in":25.7,"out":17,"fan":50},"cond":{"in":30.4,"out":43.5,"fan":100}}
2025/09/12 08:28:50Z TRACE [msg.payload] {"id":506,"hb":1029}
2025/09/12 08:28:50Z TRACE [msg.payload] {"id":506,"comp":1,"evap":{"in":24.7,"out":16.6,"fan":50},"cond":{"in":30.2,"out":43.5,"fan":100}}
2025/09/12 08:28:51Z TRACE [msg.payload] {"id":506,"hb":1030}
2025/09/12 08:28:51Z TRACE [msg.payload] {"id":506,"comp":1,"evap":{"in":25.5,"out":16.7,"fan":50},"cond":{"in":30.6,"out":43.4,"fan":100}}
2025/09/12 08:28:52Z TRACE [msg.payload] {"id":506,"hb":1031}
2025/09/12 08:28:52Z TRACE [msg.payload] {"id":506,"comp":1,"evap":{"in":25.7,"out":17.3,"fan":50},"cond":{"in":30.6,"out":43.5,"fan":100}}
2025/09/12 08:28:53Z TRACE [msg.payload] {"id":506,"hb":1032}
2025/09/12 08:28:53Z TRACE [msg.payload] {"id":506,"comp":1,"evap":{"in":25.7,"out":16.8,"fan":50},"cond":{"in":34,"out":43,"fan":100}}
2025/09/12 08:28:54Z TRACE [msg.payload] {"id":506,"hb":1033}
2025/09/12 08:28:54Z TRACE [msg.payload] {"id":506,"comp":1,"evap":{"in":25.4,"out":16.9,"fan":50},"cond":{"in":30.4,"out":43,"fan":100}}
2025/09/12 08:28:55Z TRACE [msg.payload] {"id":506,"hb":1034}
2025/09/12 08:28:55Z TRACE [msg.payload] {"id":506,"comp":1,"evap":{"in":25.5,"out":16.6,"fan":50},"cond":{"in":30.4,"out":43.2,"fan":100}}
2025/09/12 08:28:56Z TRACE [msg.payload] {"id":506,"hb":1035}
2025/09/12 08:28:56Z TRACE [msg.payload] {"id":506,"comp":1,"evap":{"in":25.3,"out":16.5,"fan":50},"cond":{"in":30.6,"out":43.4,"fan":100}}
2025/09/12 08:28:57Z TRACE [msg.payload] {"id":506,"hb":1036}
2025/09/12 08:28:57Z TRACE [msg.payload] {"id":506,"comp":1,"evap":{"in":25.9,"out":16.9,"fan":50},"cond":{"in":30.5,"out":43.4,"fan":100}}
2025/09/12 08:28:58Z TRACE [msg.payload] {"id":506,"hb":1037}
2025/09/12 08:28:58Z TRACE [msg.payload] {"id":506,"comp":1,"evap":{"in":25.7,"out":17,"fan":50},"cond":{"in":30.5,"out":43,"fan":100}}
2025/09/12 08:28:59Z TRACE [msg.payload] {"id":506,"hb":1038}
2025/09/12 08:28:59Z TRACE [msg.payload] {"id":506,"comp":1,"evap":{"in":25.7,"out":16.8,"fan":50},"cond":{"in":30.2,"out":43.2,"fan":100}}
2025/09/12 08:29:00Z TRACE [msg.payload] {"id":506,"hb":1039}
2025/09/12 08:29:00Z TRACE [msg.payload] {"id":506,"comp":1,"evap":{"in":25.2,"out":15.5,"fan":50},"cond":{"in":30.3,"out":43.5,"fan":100}}
2025/09/12 08:29:01Z TRACE [msg.payload] {"id":506,"hb":1040}
2025/09/12 08:29:01Z TRACE [msg.payload] {"id":506,"comp":1,"evap":{"in":25.9,"out":16.6,"fan":50},"cond":{"in":31.1,"out":43.4,"fan":100}}
2025/09/12 08:29:02Z TRACE [msg.payload] {"id":506,"hb":1041}
2025/09/12 08:29:02Z TRACE [msg.payload] {"id":506,"comp":1,"evap":{"in":25.6,"out":17,"fan":50},"cond":{"in":30.3,"out":43.2,"fan":100}}
2025/09/12 08:29:03Z TRACE [msg.payload] {"id":506,"hb":1042}
2025/09/12 08:29:03Z TRACE [msg.payload] {"id":506,"comp":1,"evap":{"in":25.8,"out":16.9,"fan":50},"cond":{"in":30.7,"out":43.3,"fan":100}}
2025/09/12 08:29:04Z TRACE [msg.payload] {"id":506,"hb":1043}
2025/09/12 08:29:04Z TRACE [msg.payload] {"id":506,"comp":1,"evap":{"in":25.6,"out":16.8,"fan":50},"cond":{"in":30.2,"out":43,"fan":100}}
2025/09/12 08:29:05Z TRACE [msg.payload] {"id":506,"hb":1044}
2025/09/12 08:29:05Z TRACE [msg.payload] {"id":506,"comp":1,"evap":{"in":25.3,"out":16.5,"fan":50},"cond":{"in":30.2,"out":43.4,"fan":100}}
2025/09/12 08:29:06Z TRACE [msg.payload] {"id":506,"hb":1045}
2025/09/12 08:29:06Z TRACE [msg.payload] {"id":506,"comp":1,"evap":{"in":25.3,"out":16.5,"fan":50},"cond":{"in":30,"out":43.4,"fan":100}}
2025/09/12 08:29:07Z TRACE [msg.payload] {"id":506,"hb":1046}
2025/09/12 08:29:07Z TRACE [msg.payload] {"id":506,"comp":1,"evap":{"in":25.9,"out":16.8,"fan":50},"cond":{"in":30.6,"out":43.4,"fan":100}}
2025/09/12 08:29:08Z TRACE [msg.payload] {"id":506,"hb":1047}
2025/09/12 08:29:08Z TRACE [msg.payload] {"id":506,"comp":1,"evap":{"in":25.9,"out":17.1,"fan":50},"cond":{"in":30.7,"out":43.5,"fan":100}}
2025/09/12 08:29:09Z TRACE [msg.payload] {"id":506,"hb":1048}
2025/09/12 08:29:09Z TRACE [msg.payload] {"id":506,"comp":1,"evap":{"in":25.8,"out":17,"fan":50},"cond":{"in":30,"out":43.3,"fan":100}}
2025/09/12 08:29:10Z TRACE [msg.payload] {"id":506,"hb":1049}
2025/09/12 08:29:10Z TRACE [msg.payload] {"id":506,"comp":1,"evap":{"in":25.6,"out":16.5,"fan":50},"cond":{"in":30.3,"out":43.2,"fan":100}}
2025/09/12 08:29:11Z TRACE [msg.payload] {"id":506,"hb":1050}
2025/09/12 08:29:11Z TRACE [msg.payload] {"id":506,"comp":1,"evap":{"in":25.3,"out":16.6,"fan":50},"cond":{"in":30.6,"out":43.1,"fan":100}}
2025/09/12 08:29:12Z TRACE [msg.payload] {"id":506,"hb":1051}
2025/09/12 08:29:12Z TRACE [msg.payload] {"id":506,"comp":1,"evap":{"in":25.7,"out":16.8,"fan":50},"cond":{"in":30.5,"out":43.5,"fan":100}}
2025/09/12 08:29:13Z TRACE [msg.payload] {"id":506,"hb":1052}
2025/09/12 08:29:13Z TRACE [msg.payload] {"id":506,"comp":1,"evap":{"in":25.7,"out":17,"fan":50},"cond":{"in":30.6,"out":43.1,"fan":100}}
2025/09/12 08:29:14Z TRACE [msg.payload] {"id":506,"hb":1053}
2025/09/12 08:29:14Z TRACE [msg.payload] {"id":506,"comp":1,"evap":{"in":25.8,"out":16.9,"fan":50},"cond":{"in":30.7,"out":43.1,"fan":100}}
2025/09/12 08:29:15Z TRACE [msg.payload] {"id":506,"hb":1054}
2025/09/12 08:29:15Z TRACE [msg.payload] {"id":506,"comp":1,"evap":{"in":25.9,"out":17.2,"fan":50},"cond":{"in":30.7,"out":43.2,"fan":100}}
2025/09/12 08:29:16Z TRACE [msg.payload] {"id":506,"hb":1055}
2025/09/12 08:29:16Z TRACE [msg.payload] {"id":506,"comp":1,"evap":{"in":25.2,"out":16.8,"fan":50},"cond":{"in":30.7,"out":43.5,"fan":100}}
2025/09/12 08:29:17Z TRACE [msg.payload] {"id":506,"hb":1056}
2025/09/12 08:29:17Z TRACE [msg.payload] {"id":506,"comp":1,"evap":{"in":25.7,"out":16.7,"fan":50},"cond":{"in":30.6,"out":43.5,"fan":100}}
2025/09/12 08:29:18Z TRACE [msg.payload] {"id":506,"hb":1057}
2025/09/12 08:29:18Z TRACE [msg.payload] {"id":506,"comp":1,"evap":{"in":25.8,"out":17,"fan":50},"cond":{"in":30.7,"out":43.2,"fan":100}}
2025/09/12 08:29:19Z TRACE [msg.payload] {"id":506,"hb":1058}
2025/09/12 08:29:19Z TRACE [msg.payload] {"id":506,"comp":1,"evap":{"in":26,"out":17.1,"fan":50},"cond":{"in":30.5,"out":43.5,"fan":100}}
2025/09/12 08:29:20Z TRACE [msg.payload] {"id":506,"hb":1059}
2025/09/12 08:29:20Z TRACE [msg.payload] {"id":506,"comp":1,"evap":{"in":25.5,"out":16.8,"fan":50},"cond":{"in":30.4,"out":43.3,"fan":100}}
2025/09/12 08:29:21Z TRACE [msg.payload] {"id":506,"hb":1060}
2025/09/12 08:29:21Z TRACE [msg.payload] {"id":506,"comp":1,"evap":{"in":25.5,"out":16.2,"fan":50},"cond":{"in":30.3,"out":43.2,"fan":100}}
2025/09/12 08:29:22Z TRACE [msg.payload] {"id":506,"hb":1061}
2025/09/12 08:29:22Z TRACE [msg.payload] {"id":506,"comp":1,"evap":{"in":25.8,"out":17,"fan":50},"cond":{"in":30.6,"out":43.5,"fan":100}}
2025/09/12 08:29:23Z TRACE [msg.payload] {"id":506,"hb":1062}
2025/09/12 08:29:23Z TRACE [msg.payload] {"id":506,"comp":1,"evap":{"in":25.9,"out":17.4,"fan":50},"cond":{"in":30.7,"out":43.5,"fan":100}}
2025/09/12 08:29:24Z TRACE [msg.payload] {"id":506,"hb":1063}
2025/09/12 08:29:24Z TRACE [msg.payload] {"id":506,"comp":1,"evap":{"in":25.6,"out":17,"fan":50},"cond":{"in":30.4,"out":43.4,"fan":100}}
2025/09/12 08:29:25Z TRACE [msg.payload] {"id":506,"hb":1064}
2025/09/12 08:29:25Z TRACE [msg.payload] {"id":506,"comp":1,"evap":{"in":25.8,"out":17,"fan":50},"cond":{"in":30.3,"out":43.2,"fan":100}}
2025/09/12 08:29:26Z TRACE [msg.payload] {"id":506,"hb":1065}
2025/09/12 08:29:26Z TRACE [msg.payload] {"id":506,"comp":1,"evap":{"in":25.4,"out":16.7,"fan":50},"cond":{"in":29.9,"out":43.6,"fan":100}}
2025/09/12 08:29:27Z TRACE [msg.payload] {"id":506,"hb":1066}
2025/09/12 08:29:27Z TRACE [msg.payload] {"id":506,"comp":1,"evap":{"in":25.5,"out":16.8,"fan":50},"cond":{"in":30.6,"out":43.5,"fan":100}}
2025/09/12 08:29:28Z TRACE [msg.payload] {"id":506,"hb":1067}
2025/09/12 08:29:28Z TRACE [msg.payload] {"id":506,"comp":1,"evap":{"in":26.5,"out":17,"fan":50},"cond":{"in":30.4,"out":43.4,"fan":100}}
2025/09/12 08:29:29Z TRACE [msg.payload] {"id":506,"hb":1068}
2025/09/12 08:29:29Z TRACE [msg.payload] {"id":506,"comp":1,"evap":{"in":25.2,"out":17.1,"fan":50},"cond":{"in":30.7,"out":43.6,"fan":100}}
2025/09/12 08:29:30Z TRACE [msg.payload] {"id":506,"hb":1069}
2025/09/12 08:29:30Z TRACE [msg.payload] {"id":506,"comp":1,"evap":{"in":25.5,"out":16.6,"fan":50},"cond":{"in":30.4,"out":43.5,"fan":100}}
2025/09/12 08:29:31Z TRACE [msg.payload] {"id":506,"hb":1070}
2025/09/12 08:29:31Z TRACE [msg.payload] {"id":506,"comp":1,"evap":{"in":25.7,"out":16.7,"fan":50},"cond":{"in":30.4,"out":43.4,"fan":100}}
2025/09/12 08:29:32Z TRACE [msg.payload] {"id":506,"hb":1071}
2025/09/12 08:29:32Z TRACE [msg.payload] {"id":506,"comp":1,"evap":{"in":26.2,"out":16.8,"fan":50},"cond":{"in":30.7,"out":43.6,"fan":100}}
2025/09/12 08:29:33Z TRACE [msg.payload] {"id":506,"hb":1072}
2025/09/12 08:29:33Z TRACE [msg.payload] {"id":506,"comp":1,"evap":{"in":25.9,"out":16.8,"fan":50},"cond":{"in":30.7,"out":43.5,"fan":100}}
2025/09/12 08:29:34Z TRACE [msg.payload] {"id":506,"hb":1073}
2025/09/12 08:29:34Z TRACE [msg.payload] {"id":506,"comp":1,"evap":{"in":25.5,"out":17.1,"fan":50},"cond":{"in":30.6,"out":43.3,"fan":100}}
2025/09/12 08:29:35Z TRACE [msg.payload] {"id":506,"hb":1074}
2025/09/12 08:29:35Z TRACE [msg.payload] {"id":506,"comp":1,"evap":{"in":25.8,"out":17,"fan":50},"cond":{"in":30.4,"out":43.4,"fan":100}}
2025/09/12 08:29:36Z TRACE [msg.payload] {"id":506,"hb":1075}
2025/09/12 08:29:36Z TRACE [msg.payload] {"id":506,"comp":1,"evap":{"in":25.5,"out":16.6,"fan":50},"cond":{"in":30.4,"out":43.6,"fan":100}}
2025/09/12 08:29:37Z TRACE [msg.payload] {"id":506,"hb":1076}
2025/09/12 08:29:37Z TRACE [msg.payload] {"id":506,"comp":1,"evap":{"in":25.4,"out":16.5,"fan":50},"cond":{"in":30.5,"out":43.4,"fan":100}}
2025/09/12 08:29:38Z TRACE [msg.payload] {"id":506,"hb":1077}
2025/09/12 08:29:38Z TRACE [msg.payload] {"id":506,"comp":1,"evap":{"in":25.7,"out":17.2,"fan":50},"cond":{"in":30.6,"out":44.4,"fan":100}}
2025/09/12 08:29:39Z TRACE [msg.payload] {"id":506,"hb":1078}
2025/09/12 08:29:39Z TRACE [msg.payload] {"id":506,"comp":1,"evap":{"in":25.7,"out":17.7,"fan":50},"cond":{"in":30.4,"out":43.6,"fan":100}}
2025/09/12 08:29:40Z TRACE [msg.payload] {"id":506,"hb":1079}
2025/09/12 08:29:40Z TRACE [msg.payload] {"id":506,"comp":1,"evap":{"in":25.4,"out":16.7,"fan":50},"cond":{"in":30.4,"out":43.4,"fan":100}}
2025/09/12 08:29:41Z TRACE [msg.payload] {"id":506,"hb":1080}
2025/09/12 08:29:41Z TRACE [msg.payload] {"id":506,"comp":1,"evap":{"in":25.6,"out":16.8,"fan":50},"cond":{"in":30.5,"out":43.3,"fan":100}}
2025/09/12 08:29:42Z TRACE [msg.payload] {"id":506,"hb":1081}
2025/09/12 08:29:42Z TRACE [msg.payload] {"id":506,"comp":1,"evap":{"in":25.9,"out":16.8,"fan":50},"cond":{"in":30.6,"out":42.4,"fan":100}}
2025/09/12 08:29:43Z TRACE [msg.payload] {"id":506,"hb":1082}
2025/09/12 08:29:43Z TRACE [msg.payload] {"id":506,"comp":1,"evap":{"in":26,"out":16.7,"fan":50},"cond":{"in":30.7,"out":43.5,"fan":100}}
2025/09/12 08:29:44Z TRACE [msg.payload] {"id":506,"hb":1083}
2025/09/12 08:29:44Z TRACE [msg.payload] {"id":506,"comp":1,"evap":{"in":25.7,"out":17,"fan":50},"cond":{"in":30.4,"out":43.3,"fan":100}}
2025/09/12 08:29:45Z TRACE [msg.payload] {"id":506,"hb":1084}
2025/09/12 08:29:45Z TRACE [msg.payload] {"id":506,"comp":1,"evap":{"in":25.8,"out":17.1,"fan":50},"cond":{"in":30.4,"out":43.4,"fan":100}}
2025/09/12 08:29:46Z TRACE [msg.payload] {"id":506,"hb":1085}
2025/09/12 08:29:46Z TRACE [msg.payload] {"id":506,"comp":1,"evap":{"in":25.2,"out":16.7,"fan":50},"cond":{"in":30.3,"out":43.7,"fan":100}}
2025/09/12 08:29:47Z TRACE [msg.payload] {"id":506,"hb":1086}
2025/09/12 08:29:47Z TRACE [msg.payload] {"id":506,"comp":1,"evap":{"in":25.7,"out":17.2,"fan":50},"cond":{"in":30.4,"out":43.1,"fan":100}}
2025/09/12 08:29:48Z TRACE [msg.payload] {"id":506,"hb":1087}
2025/09/12 08:29:48Z TRACE [msg.payload] {"id":506,"comp":1,"evap":{"in":25.9,"out":17.6,"fan":50},"cond":{"in":30.6,"out":43.6,"fan":100}}
2025/09/12 08:29:49Z TRACE [msg.payload] {"id":506,"hb":1088}
2025/09/12 08:29:49Z TRACE [msg.payload] {"id":506,"comp":1,"evap":{"in":25.8,"out":16.8,"fan":50},"cond":{"in":30.7,"out":43.5,"fan":100}}
2025/09/12 08:29:50Z TRACE [msg.payload] {"id":506,"hb":1089}
2025/09/12 08:29:50Z TRACE [msg.payload] {"id":506,"comp":1,"evap":{"in":25.4,"out":16.7,"fan":50},"cond":{"in":30.6,"out":43.4,"fan":100}}
2025/09/12 08:29:51Z TRACE [msg.payload] {"id":506,"hb":1090}
2025/09/12 08:29:51Z TRACE [msg.payload] {"id":506,"comp":1,"evap":{"in":25.5,"out":17.6,"fan":50},"cond":{"in":30.4,"out":43.4,"fan":100}}
2025/09/12 08:29:52Z TRACE [msg.payload] {"id":506,"hb":1091}
2025/09/12 08:29:52Z TRACE [msg.payload] {"id":506,"comp":1,"evap":{"in":25.2,"out":16.8,"fan":50},"cond":{"in":30.6,"out":43.6,"fan":100}}
2025/09/12 08:29:53Z TRACE [msg.payload] {"id":506,"hb":1092}
2025/09/12 08:29:53Z TRACE [msg.payload] {"id":506,"comp":1,"evap":{"in":25.5,"out":16.6,"fan":50},"cond":{"in":30.7,"out":43.8,"fan":100}}
2025/09/12 08:29:54Z TRACE [msg.payload] {"id":506,"hb":1093}
2025/09/12 08:29:54Z TRACE [msg.payload] {"id":506,"comp":1,"evap":{"in":25.8,"out":16.9,"fan":50},"cond":{"in":30.6,"out":43.5,"fan":100}}
2025/09/12 08:29:55Z TRACE [msg.payload] {"id":506,"hb":1094}
2025/09/12 08:29:55Z TRACE [msg.payload] {"id":506,"comp":1,"evap":{"in":25.8,"out":17,"fan":50},"cond":{"in":30.5,"out":43.1,"fan":100}}
2025/09/12 08:29:56Z TRACE [msg.payload] {"id":506,"hb":1095}
2025/09/12 08:29:56Z TRACE [msg.payload] {"id":506,"comp":1,"evap":{"in":25.6,"out":16.7,"fan":50},"cond":{"in":30.4,"out":43.8,"fan":100}}
2025/09/12 08:29:57Z TRACE [msg.payload] {"id":506,"hb":1096}
2025/09/12 08:29:57Z TRACE [msg.payload] {"id":506,"comp":1,"evap":{"in":25.3,"out":16.9,"fan":50},"cond":{"in":30.9,"out":43.6,"fan":100}}
2025/09/12 08:29:58Z TRACE [msg.payload] {"id":506,"hb":1097}
2025/09/12 08:29:58Z TRACE [msg.payload] {"id":506,"comp":1,"evap":{"in":25.7,"out":16.9,"fan":50},"cond":{"in":30.6,"out":43.9,"fan":100}}
2025/09/12 08:29:59Z TRACE [msg.payload] {"id":506,"hb":1098}
2025/09/12 08:29:59Z TRACE [msg.payload] {"id":506,"comp":1,"evap":{"in":25.9,"out":16.8,"fan":50},"cond":{"in":30.6,"out":43.6,"fan":100}}
2025/09/12 08:30:00Z TRACE [msg.payload] {"id":506,"hb":1099}
2025/09/12 08:30:00Z TRACE [msg.payload] {"id":506,"comp":1,"evap":{"in":25.5,"out":17,"fan":50},"cond":{"in":30.4,"out":43.5,"fan":100}}
2025/09/12 08:30:01Z TRACE [msg.payload] {"id":506,"hb":1100}
2025/09/12 08:30:01Z TRACE [msg.payload] {"id":506,"comp":1,"evap":{"in":25.5,"out":17.2,"fan":50},"cond":{"in":30.2,"out":43.4,"fan":100}}
2025/09/12 08:30:02Z TRACE [msg.payload] {"id":506,"hb":1101}
2025/09/12 08:30:02Z TRACE [msg.payload] {"id":506,"comp":1,"evap":{"in":24,"out":17,"fan":50},"cond":{"in":30.6,"out":43.5,"fan":100}}
2025/09/12 08:30:03Z TRACE [msg.payload] {"id":506,"hb":1102}
2025/09/12 08:30:03Z TRACE [msg.payload] {"id":506,"comp":1,"evap":{"in":25.4,"out":16.7,"fan":50},"cond":{"in":30.6,"out":43.8,"fan":100}}
2025/09/12 08:30:04Z TRACE [msg.payload] {"id":506,"hb":1103}
2025/09/12 08:30:04Z TRACE [msg.payload] {"id":506,"comp":1,"evap":{"in":25.9,"out":17,"fan":50},"cond":{"in":30.6,"out":43.1,"fan":100}}
2025/09/12 08:30:05Z TRACE [msg.payload] {"id":506,"hb":1104}
2025/09/12 08:30:05Z TRACE [msg.payload] {"id":506,"comp":1,"evap":{"in":25.6,"out":17,"fan":50},"cond":{"in":30.4,"out":43.3,"fan":100}}
2025/09/12 08:30:06Z TRACE [msg.payload] {"id":506,"hb":1105}
2025/09/12 08:30:06Z TRACE [msg.payload] {"id":506,"comp":1,"evap":{"in":25.3,"out":16.5,"fan":50},"cond":{"in":30.4,"out":43.9,"fan":100}}
2025/09/12 08:30:07Z TRACE [msg.payload] {"id":506,"hb":1106}
2025/09/12 08:30:07Z TRACE [msg.payload] {"id":506,"comp":1,"evap":{"in":25.3,"out":16.9,"fan":50},"cond":{"in":30.4,"out":43.4,"fan":100}}
2025/09/12 08:30:08Z TRACE [msg.payload] {"id":506,"hb":1107}
2025/09/12 08:30:08Z TRACE [msg.payload] {"id":506,"comp":1,"evap":{"in":25.9,"out":16.8,"fan":50},"cond":{"in":30.8,"out":43.9,"fan":100}}
2025/09/12 08:30:09Z TRACE [msg.payload] {"id":506,"hb":1108}
2025/09/12 08:30:09Z TRACE [msg.payload] {"id":506,"comp":1,"evap":{"in":25.9,"out":16.7,"fan":50},"cond":{"in":30.6,"out":44.5,"fan":100}}
2025/09/12 08:30:10Z TRACE [msg.payload] {"id":506,"hb":1109}
2025/09/12 08:30:10Z TRACE [msg.payload] {"id":506,"comp":1,"evap":{"in":25.6,"out":17,"fan":50},"cond":{"in":30.6,"out":43.6,"fan":100}}
2025/09/12 08:30:11Z TRACE [msg.payload] {"id":506,"hb":1110}
2025/09/12 08:30:11Z TRACE [msg.payload] {"id":506,"comp":1,"evap":{"in":25.7,"out":16.2,"fan":50},"cond":{"in":30.4,"out":43.5,"fan":100}}
2025/09/12 08:30:12Z TRACE [msg.payload] {"id":506,"hb":1111}
2025/09/12 08:30:12Z TRACE [msg.payload] {"id":506,"comp":1,"evap":{"in":25.7,"out":16.8,"fan":50},"cond":{"in":30.8,"out":43.8,"fan":100}}
2025/09/12 08:30:13Z TRACE [msg.payload] {"id":506,"hb":1112}
2025/09/12 08:30:13Z TRACE [msg.payload] {"id":506,"comp":1,"evap":{"in":25.6,"out":17.2,"fan":50},"cond":{"in":30.6,"out":43.7,"fan":100}}
2025/09/12 08:30:14Z TRACE [msg.payload] {"id":506,"hb":1113}
2025/09/12 08:30:14Z TRACE [msg.payload] {"id":506,"comp":1,"evap":{"in":25.8,"out":17,"fan":50},"cond":{"in":30.8,"out":43.6,"fan":100}}
2025/09/12 08:30:15Z TRACE [msg.payload] {"id":506,"hb":1114}
2025/09/12 08:30:15Z TRACE [msg.payload] {"id":506,"comp":1,"evap":{"in":25.6,"out":16.9,"fan":50},"cond":{"in":30.6,"out":46.6,"fan":100}}
2025/09/12 08:30:16Z TRACE [msg.payload] {"id":506,"hb":1115}
2025/09/12 08:30:16Z TRACE [msg.payload] {"id":506,"comp":1,"evap":{"in":25.5,"out":16.8,"fan":50},"cond":{"in":30.5,"out":43.5,"fan":100}}
2025/09/12 08:30:17Z TRACE [msg.payload] {"id":506,"hb":1116}
2025/09/12 08:30:17Z TRACE [msg.payload] {"id":506,"comp":1,"evap":{"in":25.4,"out":16.9,"fan":50},"cond":{"in":30.5,"out":44.7,"fan":100}}
2025/09/12 08:30:18Z TRACE [msg.payload] {"id":506,"hb":1117}
2025/09/12 08:30:18Z TRACE [msg.payload] {"id":506,"comp":1,"evap":{"in":25.9,"out":16.7,"fan":50},"cond":{"in":30.8,"out":43.7,"fan":100}}
2025/09/12 08:30:19Z TRACE [msg.payload] {"id":506,"hb":1118}
2025/09/12 08:30:19Z TRACE [msg.payload] {"id":506,"comp":1,"evap":{"in":25.9,"out":16.8,"fan":50},"cond":{"in":30.8,"out":43.8,"fan":100}}
2025/09/12 08:30:20Z TRACE [msg.payload] {"id":506,"hb":1119}
2025/09/12 08:30:20Z TRACE [msg.payload] {"id":506,"comp":1,"evap":{"in":25.9,"out":17,"fan":50},"cond":{"in":30.4,"out":43.5,"fan":100}}
2025/09/12 08:30:21Z TRACE [msg.payload] {"id":506,"hb":1120}
2025/09/12 08:30:21Z TRACE [msg.payload] {"id":506,"comp":1,"evap":{"in":25.5,"out":17.1,"fan":50},"cond":{"in":30.4,"out":43.5,"fan":100}}
2025/09/12 08:30:22Z TRACE [msg.payload] {"id":506,"hb":1121}
2025/09/12 08:30:22Z TRACE [msg.payload] {"id":506,"comp":1,"evap":{"in":25.4,"out":16.8,"fan":50},"cond":{"in":30.4,"out":43.5,"fan":100}}
2025/09/12 08:30:23Z TRACE [msg.payload] {"id":506,"hb":1122}
2025/09/12 08:30:23Z TRACE [msg.payload] {"id":506,"comp":1,"evap":{"in":25.5,"out":16.7,"fan":50},"cond":{"in":30.8,"out":43.6,"fan":100}}
2025/09/12 08:30:24Z TRACE [msg.payload] {"id":506,"hb":1123}
2025/09/12 08:30:24Z TRACE [msg.payload] {"id":506,"comp":1,"evap":{"in":26,"out":17.9,"fan":50},"cond":{"in":30.8,"out":43.5,"fan":100}}
2025/09/12 08:30:25Z TRACE [msg.payload] {"id":506,"hb":1124}
2025/09/12 08:30:25Z TRACE [msg.payload] {"id":506,"comp":1,"evap":{"in":25.9,"out":16.8,"fan":50},"cond":{"in":30.5,"out":43.3,"fan":100}}
2025/09/12 08:30:26Z TRACE [msg.payload] {"id":506,"hb":1125}
2025/09/12 08:30:26Z TRACE [msg.payload] {"id":506,"comp":1,"evap":{"in":25.5,"out":16.8,"fan":50},"cond":{"in":30.6,"out":43.7,"fan":100}}
2025/09/12 08:30:27Z TRACE [msg.payload] {"id":506,"hb":1126}
2025/09/12 08:30:27Z TRACE [msg.payload] {"id":506,"comp":1,"evap":{"in":25.6,"out":16.9,"fan":50},"cond":{"in":30.5,"out":43.4,"fan":100}}
2025/09/12 08:30:28Z TRACE [msg.payload] {"id":506,"hb":1127}
2025/09/12 08:30:28Z TRACE [msg.payload] {"id":506,"comp":1,"evap":{"in":25.5,"out":16.9,"fan":50},"cond":{"in":30.8,"out":43.8,"fan":100}}
2025/09/12 08:30:29Z TRACE [msg.payload] {"id":506,"hb":1128}
2025/09/12 08:30:29Z TRACE [msg.payload] {"id":506,"comp":1,"evap":{"in":25.9,"out":16.8,"fan":50},"cond":{"in":30.8,"out":43.7,"fan":100}}
2025/09/12 08:30:30Z TRACE [msg.payload] {"id":506,"hb":1129}
2025/09/12 08:30:30Z TRACE [msg.payload] {"id":506,"comp":1,"evap":{"in":25.9,"out":17.3,"fan":50},"cond":{"in":30.6,"out":43.5,"fan":100}}
2025/09/12 08:30:31Z TRACE [msg.payload] {"id":506,"hb":1130}
2025/09/12 08:30:31Z TRACE [msg.payload] {"id":506,"comp":1,"evap":{"in":25.8,"out":17.1,"fan":50},"cond":{"in":30.5,"out":43.9,"fan":100}}
2025/09/12 08:30:32Z TRACE [msg.payload] {"id":506,"hb":1131}
2025/09/12 08:30:32Z TRACE [msg.payload] {"id":506,"comp":1,"evap":{"in":25.6,"out":16.9,"fan":50},"cond":{"in":30.6,"out":43.8,"fan":100}}
2025/09/12 08:30:33Z TRACE [msg.payload] {"id":506,"hb":1132}
2025/09/12 08:30:33Z TRACE [msg.payload] {"id":506,"comp":1,"evap":{"in":25.7,"out":16.9,"fan":50},"cond":{"in":30.7,"out":43.8,"fan":100}}
2025/09/12 08:30:34Z TRACE [msg.payload] {"id":506,"hb":1133}
2025/09/12 08:30:34Z TRACE [msg.payload] {"id":506,"comp":1,"evap":{"in":25.9,"out":17.2,"fan":50},"cond":{"in":30.8,"out":43.9,"fan":100}}
2025/09/12 08:30:35Z TRACE [msg.payload] {"id":506,"hb":1134}
2025/09/12 08:30:35Z TRACE [msg.payload] {"id":506,"comp":1,"evap":{"in":25.8,"out":17.5,"fan":50},"cond":{"in":30.8,"out":43.5,"fan":100}}
2025/09/12 08:30:36Z TRACE [msg.payload] {"id":506,"hb":1135}
2025/09/12 08:30:36Z TRACE [msg.payload] {"id":506,"comp":1,"evap":{"in":25.7,"out":17,"fan":50},"cond":{"in":30.5,"out":43.6,"fan":100}}
2025/09/12 08:30:37Z TRACE [msg.payload] {"id":506,"hb":1136}
2025/09/12 08:30:37Z TRACE [msg.payload] {"id":506,"comp":1,"evap":{"in":25.5,"out":17.2,"fan":50},"cond":{"in":30.6,"out":43.6,"fan":100}}
2025/09/12 08:30:38Z TRACE [msg.payload] {"id":506,"hb":1137}
2025/09/12 08:30:38Z TRACE [msg.payload] {"id":506,"comp":1,"evap":{"in":25.4,"out":16.8,"fan":50},"cond":{"in":30.8,"out":43.9,"fan":100}}
2025/09/12 08:30:39Z TRACE [msg.payload] {"id":506,"hb":1138}
2025/09/12 08:30:39Z TRACE [msg.payload] {"id":506,"comp":1,"evap":{"in":25.5,"out":16.8,"fan":50},"cond":{"in":30.8,"out":43.8,"fan":100}}
2025/09/12 08:30:40Z TRACE [msg.payload] {"id":506,"hb":1139}
2025/09/12 08:30:40Z TRACE [msg.payload] {"id":506,"comp":1,"evap":{"in":25.9,"out":17.1,"fan":50},"cond":{"in":30.5,"out":43.5,"fan":100}}
2025/09/12 08:30:41Z TRACE [msg.payload] {"id":506,"hb":1140}
2025/09/12 08:30:41Z TRACE [msg.payload] {"id":506,"comp":1,"evap":{"in":25.8,"out":17.1,"fan":50},"cond":{"in":30.6,"out":43.4,"fan":100}}
2025/09/12 08:30:42Z TRACE [msg.payload] {"id":506,"hb":1141}
2025/09/12 08:30:42Z TRACE [msg.payload] {"id":506,"comp":1,"evap":{"in":25.6,"out":16.9,"fan":50},"cond":{"in":30.5,"out":43.5,"fan":100}}
2025/09/12 08:30:43Z TRACE [msg.payload] {"id":506,"hb":1142}
2025/09/12 08:30:43Z TRACE [msg.payload] {"id":506,"comp":1,"evap":{"in":25.7,"out":16.6,"fan":50},"cond":{"in":31,"out":43.8,"fan":100}}
2025/09/12 08:30:44Z TRACE [msg.payload] {"id":506,"hb":1143}
2025/09/12 08:30:44Z TRACE [msg.payload] {"id":506,"comp":1,"evap":{"in":25.9,"out":17,"fan":50},"cond":{"in":30.6,"out":43.6,"fan":100}}
2025/09/12 08:30:45Z TRACE [msg.payload] {"id":506,"hb":1144}
2025/09/12 08:30:45Z TRACE [msg.payload] {"id":506,"comp":1,"evap":{"in":25.7,"out":17,"fan":50},"cond":{"in":30.8,"out":39,"fan":100}}
2025/09/12 08:30:46Z TRACE [msg.payload] {"id":506,"hb":1145}
2025/09/12 08:30:46Z TRACE [msg.payload] {"id":506,"comp":1,"evap":{"in":25.4,"out":17.1,"fan":50},"cond":{"in":30.7,"out":43.5,"fan":100}}
2025/09/12 08:30:47Z TRACE [msg.payload] {"id":506,"hb":1146}
2025/09/12 08:30:47Z TRACE [msg.payload] {"id":506,"comp":1,"evap":{"in":25.7,"out":16.9,"fan":50},"cond":{"in":30.5,"out":43.4,"fan":100}}
2025/09/12 08:30:48Z TRACE [msg.payload] {"id":506,"hb":1147}
2025/09/12 08:30:48Z TRACE [msg.payload] {"id":506,"comp":1,"evap":{"in":26.5,"out":16.9,"fan":50},"cond":{"in":31.1,"out":43.9,"fan":100}}
2025/09/12 08:30:49Z TRACE [msg.payload] {"id":506,"hb":1148}
2025/09/12 08:30:49Z TRACE [msg.payload] {"id":506,"comp":1,"evap":{"in":25.6,"out":16.9,"fan":50},"cond":{"in":31,"out":43.9,"fan":100}}
2025/09/12 08:30:50Z TRACE [msg.payload] {"id":506,"hb":1149}
2025/09/12 08:30:50Z TRACE [msg.payload] {"id":506,"comp":1,"evap":{"in":25.8,"out":17.1,"fan":50},"cond":{"in":30.4,"out":42.9,"fan":100}}
2025/09/12 08:30:51Z TRACE [msg.payload] {"id":506,"hb":1150}
2025/09/12 08:30:51Z TRACE [msg.payload] {"id":506,"comp":1,"evap":{"in":25.9,"out":16.9,"fan":50},"cond":{"in":30.7,"out":43.6,"fan":100}}
2025/09/12 08:30:52Z TRACE [msg.payload] {"id":506,"hb":1151}
2025/09/12 08:30:52Z TRACE [msg.payload] {"id":506,"comp":1,"evap":{"in":25.3,"out":16.6,"fan":50},"cond":{"in":30.1,"out":43.5,"fan":100}}
2025/09/12 08:30:53Z TRACE [msg.payload] {"id":506,"hb":1152}
2025/09/12 08:30:53Z TRACE [msg.payload] {"id":506,"comp":1,"evap":{"in":25.5,"out":16.8,"fan":50},"cond":{"in":30.4,"out":43.8,"fan":100}}
2025/09/12 08:30:54Z TRACE [msg.payload] {"id":506,"hb":1153}
2025/09/12 08:30:54Z TRACE [msg.payload] {"id":506,"comp":1,"evap":{"in":26,"out":17.3,"fan":50},"cond":{"in":30.8,"out":43.7,"fan":100}}
2025/09/12 08:30:55Z TRACE [msg.payload] {"id":506,"hb":1154}
2025/09/12 08:30:55Z TRACE [msg.payload] {"id":506,"comp":1,"evap":{"in":25.9,"out":17,"fan":50},"cond":{"in":30.8,"out":43.4,"fan":100}}
2025/09/12 08:30:56Z TRACE [msg.payload] {"id":506,"hb":1155}
2025/09/12 08:30:56Z TRACE [msg.payload] {"id":506,"comp":1,"evap":{"in":25.5,"out":17.2,"fan":50},"cond":{"in":30.4,"out":43.3,"fan":100}}
2025/09/12 08:30:57Z TRACE [msg.payload] {"id":506,"hb":1156}
2025/09/12 08:30:57Z TRACE [msg.payload] {"id":506,"comp":1,"evap":{"in":25.8,"out":17,"fan":50},"cond":{"in":30.9,"out":43.4,"fan":100}}
2025/09/12 08:30:58Z TRACE [msg.payload] {"id":506,"hb":1157}
2025/09/12 08:30:58Z TRACE [msg.payload] {"id":506,"comp":1,"evap":{"in":25.6,"out":16.7,"fan":50},"cond":{"in":30.8,"out":43.6,"fan":100}}
2025/09/12 08:30:59Z TRACE [msg.payload] {"id":506,"hb":1158}
2025/09/12 08:30:59Z TRACE [msg.payload] {"id":506,"comp":1,"evap":{"in":25.7,"out":16.8,"fan":50},"cond":{"in":30.9,"out":43.8,"fan":100}}
2025/09/12 08:31:00Z TRACE [msg.payload] {"id":506,"hb":1159}
2025/09/12 08:31:00Z TRACE [msg.payload] {"id":506,"comp":1,"evap":{"in":25.9,"out":17.1,"fan":50},"cond":{"in":30.8,"out":43.4,"fan":100}}
2025/09/12 08:31:01Z TRACE [msg.payload] {"id":506,"hb":1160}
2025/09/12 08:31:01Z TRACE [msg.payload] {"id":506,"comp":1,"evap":{"in":25.9,"out":17,"fan":50},"cond":{"in":30.8,"out":43.2,"fan":100}}
2025/09/12 08:31:02Z TRACE [msg.payload] {"id":506,"hb":1161}
2025/09/12 08:31:02Z TRACE [msg.payload] {"id":506,"comp":1,"evap":{"in":25.9,"out":17,"fan":50},"cond":{"in":30.8,"out":43.8,"fan":100}}
2025/09/12 08:31:03Z TRACE [msg.payload] {"id":506,"hb":1162}
2025/09/12 08:31:03Z TRACE [msg.payload] {"id":506,"comp":1,"evap":{"in":25.7,"out":16.7,"fan":50},"cond":{"in":30.4,"out":43.6,"fan":100}}
2025/09/12 08:31:04Z TRACE [msg.payload] {"id":506,"hb":1163}
2025/09/12 08:31:04Z TRACE [msg.payload] {"id":506,"comp":1,"evap":{"in":25.9,"out":17,"fan":50},"cond":{"in":30.8,"out":43.8,"fan":100}}
2025/09/12 08:31:05Z TRACE [msg.payload] {"id":506,"hb":1164}
2025/09/12 08:31:05Z TRACE [msg.payload] {"id":506,"comp":1,"evap":{"in":25.6,"out":16.8,"fan":50},"cond":{"in":31,"out":43.8,"fan":100}}
2025/09/12 08:31:06Z TRACE [msg.payload] {"id":506,"hb":1165}
2025/09/12 08:31:06Z TRACE [msg.payload] {"id":506,"comp":1,"evap":{"in":25.9,"out":17.1,"fan":50},"cond":{"in":30.7,"out":43.6,"fan":100}}
2025/09/12 08:31:07Z TRACE [msg.payload] {"id":506,"hb":1166}
2025/09/12 08:31:07Z TRACE [msg.payload] {"id":506,"comp":1,"evap":{"in":25.7,"out":17,"fan":50},"cond":{"in":30.6,"out":43.5,"fan":100}}
2025/09/12 08:31:08Z TRACE [msg.payload] {"id":506,"hb":1167}
2025/09/12 08:31:08Z TRACE [msg.payload] {"id":506,"comp":1,"evap":{"in":25.5,"out":16.5,"fan":50},"cond":{"in":30.3,"out":43.7,"fan":100}}
2025/09/12 08:31:09Z TRACE [msg.payload] {"id":506,"hb":1168}
2025/09/12 08:31:09Z TRACE [msg.payload] {"id":506,"comp":1,"evap":{"in":25.5,"out":16.8,"fan":50},"cond":{"in":30.9,"out":43.9,"fan":100}}
2025/09/12 08:31:10Z TRACE [msg.payload] {"id":506,"hb":1169}
2025/09/12 08:31:10Z TRACE [msg.payload] {"id":506,"comp":1,"evap":{"in":25.9,"out":17.2,"fan":50},"cond":{"in":30.9,"out":43.5,"fan":100}}
2025/09/12 08:31:11Z TRACE [msg.payload] {"id":506,"hb":1170}
2025/09/12 08:31:11Z TRACE [msg.payload] {"id":506,"comp":1,"evap":{"in":25.9,"out":17.1,"fan":50},"cond":{"in":30.6,"out":43.5,"fan":100}}
2025/09/12 08:31:12Z TRACE [msg.payload] {"id":506,"hb":1171}
2025/09/12 08:31:12Z TRACE [msg.payload] {"id":506,"comp":1,"evap":{"in":25.7,"out":16.8,"fan":50},"cond":{"in":30.5,"out":43.6,"fan":100}}
2025/09/12 08:31:13Z TRACE [msg.payload] {"id":506,"hb":1172}
2025/09/12 08:31:13Z TRACE [msg.payload] {"id":506,"comp":1,"evap":{"in":25.5,"out":16.8,"fan":50},"cond":{"in":30.4,"out":43.8,"fan":100}}
2025/09/12 08:31:14Z TRACE [msg.payload] {"id":506,"hb":1173}
2025/09/12 08:31:14Z TRACE [msg.payload] {"id":506,"comp":1,"evap":{"in":25.8,"out":16.6,"fan":50},"cond":{"in":30.8,"out":43.5,"fan":100}}
2025/09/12 08:31:15Z TRACE [msg.payload] {"id":506,"hb":1174}
2025/09/12 08:31:15Z TRACE [msg.payload] {"id":506,"comp":1,"evap":{"in":25.9,"out":17.2,"fan":50},"cond":{"in":30.9,"out":43.9,"fan":100}}
2025/09/12 08:31:16Z TRACE [msg.payload] {"id":506,"hb":1175}
2025/09/12 08:31:16Z TRACE [msg.payload] {"id":506,"comp":1,"evap":{"in":25.5,"out":17,"fan":50},"cond":{"in":30.6,"out":43.4,"fan":100}}
2025/09/12 08:31:17Z TRACE [msg.payload] {"id":506,"hb":1176}
2025/09/12 08:31:17Z TRACE [msg.payload] {"id":506,"comp":1,"evap":{"in":25.9,"out":17,"fan":50},"cond":{"in":30.6,"out":43.5,"fan":100}}
2025/09/12 08:31:18Z TRACE [msg.payload] {"id":506,"hb":1177}
2025/09/12 08:31:18Z TRACE [msg.payload] {"id":506,"comp":1,"evap":{"in":25.8,"out":16.6,"fan":50},"cond":{"in":30.6,"out":43.9,"fan":100}}
2025/09/12 08:31:19Z TRACE [msg.payload] {"id":506,"hb":1178}
2025/09/12 08:31:19Z TRACE [msg.payload] {"id":506,"comp":1,"evap":{"in":25.6,"out":16.7,"fan":50},"cond":{"in":30.8,"out":43.9,"fan":100}}
2025/09/12 08:31:20Z TRACE [msg.payload] {"id":506,"hb":1179}
2025/09/12 08:31:20Z TRACE [msg.payload] {"id":506,"comp":1,"evap":{"in":25.9,"out":17.2,"fan":50},"cond":{"in":30.9,"out":43.6,"fan":100}}
2025/09/12 08:31:21Z TRACE [msg.payload] {"id":506,"hb":1180}
2025/09/12 08:31:21Z TRACE [msg.payload] {"id":506,"comp":1,"evap":{"in":25.7,"out":17,"fan":50},"cond":{"in":30.8,"out":43.9,"fan":100}}
2025/09/12 08:31:22Z TRACE [msg.payload] {"id":506,"hb":1181}
2025/09/12 08:31:22Z TRACE [msg.payload] {"id":506,"comp":1,"evap":{"in":25.6,"out":16.7,"fan":50},"cond":{"in":30.6,"out":43.5,"fan":100}}
2025/09/12 08:31:23Z TRACE [msg.payload] {"id":506,"hb":1182}
2025/09/12 08:31:23Z TRACE [msg.payload] {"id":506,"comp":1,"evap":{"in":25.4,"out":17,"fan":50},"cond":{"in":30.8,"out":43.7,"fan":100}}
2025/09/12 08:31:24Z TRACE [msg.payload] {"id":506,"hb":1183}
2025/09/12 08:31:24Z TRACE [msg.payload] {"id":506,"comp":1,"evap":{"in":25.6,"out":16.5,"fan":50},"cond":{"in":30.9,"out":43.9,"fan":100}}
2025/09/12 08:31:25Z TRACE [msg.payload] {"id":506,"hb":1184}
2025/09/12 08:31:25Z TRACE [msg.payload] {"id":506,"comp":1,"evap":{"in":27.1,"out":16.9,"fan":50},"cond":{"in":30.8,"out":43.9,"fan":100}}
2025/09/12 08:31:26Z TRACE [msg.payload] {"id":506,"hb":1185}
2025/09/12 08:31:26Z TRACE [msg.payload] {"id":506,"comp":1,"evap":{"in":25.8,"out":17.2,"fan":50},"cond":{"in":30.9,"out":43.6,"fan":100}}
2025/09/12 08:31:27Z TRACE [msg.payload] {"id":506,"hb":1186}
2025/09/12 08:31:27Z TRACE [msg.payload] {"id":506,"comp":1,"evap":{"in":25.7,"out":17.2,"fan":50},"cond":{"in":30.6,"out":43.4,"fan":100}}
2025/09/12 08:31:28Z TRACE [msg.payload] {"id":506,"hb":1187}
2025/09/12 08:31:28Z TRACE [msg.payload] {"id":506,"comp":1,"evap":{"in":25.5,"out":16.8,"fan":50},"cond":{"in":30.6,"out":43.9,"fan":100}}
2025/09/12 08:31:29Z TRACE [msg.payload] {"id":506,"hb":1188}
2025/09/12 08:31:29Z TRACE [msg.payload] {"id":506,"comp":1,"evap":{"in":25.6,"out":16.9,"fan":50},"cond":{"in":30.8,"out":43.8,"fan":100}}
2025/09/12 08:31:30Z TRACE [msg.payload] {"id":506,"hb":1189}
2025/09/12 08:31:30Z TRACE [msg.payload] {"id":506,"comp":1,"evap":{"in":26.3,"out":17.1,"fan":50},"cond":{"in":30.9,"out":43.5,"fan":100}}
2025/09/12 08:31:31Z TRACE [msg.payload] {"id":506,"hb":1190}
2025/09/12 08:31:31Z TRACE [msg.payload] {"id":506,"comp":1,"evap":{"in":25.9,"out":17.2,"fan":50},"cond":{"in":30.8,"out":43.9,"fan":100}}
2025/09/12 08:31:32Z TRACE [msg.payload] {"id":506,"hb":1191}
2025/09/12 08:31:32Z TRACE [msg.payload] {"id":506,"comp":1,"evap":{"in":25.6,"out":16.9,"fan":50},"cond":{"in":30.7,"out":44,"fan":100}}
2025/09/12 08:31:33Z TRACE [msg.payload] {"id":506,"hb":1192}
2025/09/12 08:31:33Z TRACE [msg.payload] {"id":506,"comp":1,"evap":{"in":25.7,"out":17.4,"fan":50},"cond":{"in":30.8,"out":43.5,"fan":100}}
2025/09/12 08:31:34Z TRACE [msg.payload] {"id":506,"hb":1193}
2025/09/12 08:31:34Z TRACE [msg.payload] {"id":506,"comp":1,"evap":{"in":26.1,"out":16.9,"fan":50},"cond":{"in":30.9,"out":43.9,"fan":100}}
2025/09/12 08:31:35Z TRACE [msg.payload] {"id":506,"hb":1194}
2025/09/12 08:31:35Z TRACE [msg.payload] {"id":506,"comp":1,"evap":{"in":25.7,"out":16.9,"fan":50},"cond":{"in":30.8,"out":43.7,"fan":100}}
2025/09/12 08:31:36Z TRACE [msg.payload] {"id":506,"hb":1195}
2025/09/12 08:31:36Z TRACE [msg.payload] {"id":506,"comp":1,"evap":{"in":25.9,"out":17.1,"fan":50},"cond":{"in":30.8,"out":43.5,"fan":100}}
2025/09/12 08:31:37Z TRACE [msg.payload] {"id":506,"hb":1196}
2025/09/12 08:31:37Z TRACE [msg.payload] {"id":506,"comp":1,"evap":{"in":25.9,"out":17.1,"fan":50},"cond":{"in":30.7,"out":43.6,"fan":100}}
2025/09/12 08:31:38Z TRACE [msg.payload] {"id":506,"hb":1197}
2025/09/12 08:31:38Z TRACE [msg.payload] {"id":506,"comp":1,"evap":{"in":25.9,"out":16.9,"fan":50},"cond":{"in":30.5,"out":43.5,"fan":100}}
2025/09/12 08:31:39Z TRACE [msg.payload] {"id":506,"hb":1198}
2025/09/12 08:31:39Z TRACE [msg.payload] {"id":506,"comp":1,"evap":{"in":25.2,"out":16.9,"fan":50},"cond":{"in":30.7,"out":43.7,"fan":100}}
2025/09/12 08:31:40Z TRACE [msg.payload] {"id":506,"hb":1199}
2025/09/12 08:31:40Z TRACE [msg.payload] {"id":506,"comp":1,"evap":{"in":25.9,"out":17,"fan":50},"cond":{"in":30.9,"out":43.6,"fan":100}}
2025/09/12 08:31:41Z TRACE [msg.payload] {"id":506,"hb":1200}
2025/09/12 08:31:41Z TRACE [msg.payload] {"id":506,"comp":1,"evap":{"in":25.5,"out":17.2,"fan":50},"cond":{"in":33.3,"out":43.9,"fan":100}}
2025/09/12 08:31:42Z TRACE [msg.payload] {"id":506,"hb":1201}
2025/09/12 08:31:42Z TRACE [msg.payload] {"id":506,"comp":1,"evap":{"in":25.7,"out":17,"fan":50},"cond":{"in":30.7,"out":43.5,"fan":100}}
2025/09/12 08:31:43Z TRACE [msg.payload] {"id":506,"hb":1202}
2025/09/12 08:31:43Z TRACE [msg.payload] {"id":506,"comp":1,"evap":{"in":25.6,"out":17,"fan":50},"cond":{"in":30.6,"out":43.8,"fan":100}}
2025/09/12 08:31:44Z TRACE [msg.payload] {"id":506,"hb":1203}
2025/09/12 08:31:44Z TRACE [msg.payload] {"id":506,"comp":1,"evap":{"in":25.6,"out":16.9,"fan":50},"cond":{"in":31,"out":43.8,"fan":100}}
2025/09/12 08:31:45Z TRACE [msg.payload] {"id":506,"hb":1204}
2025/09/12 08:31:45Z TRACE [msg.payload] {"id":506,"comp":1,"evap":{"in":26,"out":16.8,"fan":50},"cond":{"in":30.8,"out":43.8,"fan":100}}
2025/09/12 08:31:46Z TRACE [msg.payload] {"id":506,"hb":1205}
2025/09/12 08:31:46Z TRACE [msg.payload] {"id":506,"comp":1,"evap":{"in":26,"out":17.3,"fan":50},"cond":{"in":31,"out":43.8,"fan":100}}
2025/09/12 08:31:47Z TRACE [msg.payload] {"id":506,"hb":1206}
2025/09/12 08:31:47Z TRACE [msg.payload] {"id":506,"comp":1,"evap":{"in":25.8,"out":16.1,"fan":50},"cond":{"in":31.5,"out":43.6,"fan":100}}
2025/09/12 08:31:48Z TRACE [msg.payload] {"id":506,"hb":1207}
2025/09/12 08:31:48Z TRACE [msg.payload] {"id":506,"comp":1,"evap":{"in":25.5,"out":16.9,"fan":50},"cond":{"in":30.6,"out":43.7,"fan":100}}
2025/09/12 08:31:49Z TRACE [msg.payload] {"id":506,"hb":1208}
2025/09/12 08:31:49Z TRACE [msg.payload] {"id":506,"comp":1,"evap":{"in":25.7,"out":16.9,"fan":50},"cond":{"in":30.8,"out":43.9,"fan":100}}
2025/09/12 08:31:50Z TRACE [msg.payload] {"id":506,"hb":1209}
2025/09/12 08:31:50Z TRACE [msg.payload] {"id":506,"comp":1,"evap":{"in":25.9,"out":17.2,"fan":50},"cond":{"in":30.8,"out":44,"fan":100}}
2025/09/12 08:31:51Z TRACE [msg.payload] {"id":506,"hb":1210}
2025/09/12 08:31:51Z TRACE [msg.payload] {"id":506,"comp":1,"evap":{"in":25.9,"out":17.3,"fan":50},"cond":{"in":30.8,"out":43.8,"fan":100}}
2025/09/12 08:31:52Z TRACE [msg.payload] {"id":506,"hb":1211}
2025/09/12 08:31:52Z TRACE [msg.payload] {"id":506,"comp":1,"evap":{"in":25.7,"out":17.2,"fan":50},"cond":{"in":30.5,"out":43.6,"fan":100}}
2025/09/12 08:31:53Z TRACE [msg.payload] {"id":506,"hb":1212}
2025/09/12 08:31:53Z TRACE [msg.payload] {"id":506,"comp":1,"evap":{"in":25.6,"out":17.2,"fan":50},"cond":{"in":30.9,"out":43.8,"fan":100}}
2025/09/12 08:31:54Z TRACE [msg.payload] {"id":506,"hb":1213}
2025/09/12 08:31:54Z TRACE [msg.payload] {"id":506,"comp":1,"evap":{"in":25.5,"out":16.8,"fan":50},"cond":{"in":30.9,"out":43.9,"fan":100}}
2025/09/12 08:31:55Z TRACE [msg.payload] {"id":506,"hb":1214}
2025/09/12 08:31:55Z TRACE [msg.payload] {"id":506,"comp":1,"evap":{"in":25.7,"out":16.1,"fan":50},"cond":{"in":30.8,"out":43.6,"fan":100}}
2025/09/12 08:31:56Z TRACE [msg.payload] {"id":506,"hb":1215}
2025/09/12 08:31:56Z TRACE [msg.payload] {"id":506,"comp":1,"evap":{"in":25.8,"out":17.2,"fan":50},"cond":{"in":30.9,"out":43.7,"fan":100}}
2025/09/12 08:31:57Z TRACE [msg.payload] {"id":506,"hb":1216}
2025/09/12 08:31:57Z TRACE [msg.payload] {"id":506,"comp":1,"evap":{"in":26.2,"out":16.9,"fan":50},"cond":{"in":30.7,"out":43.7,"fan":100}}
2025/09/12 08:31:58Z TRACE [msg.payload] {"id":506,"hb":1217}
2025/09/12 08:31:58Z TRACE [msg.payload] {"id":506,"comp":1,"evap":{"in":25.6,"out":17,"fan":50},"cond":{"in":29.5,"out":43.5,"fan":100}}
2025/09/12 08:31:59Z TRACE [msg.payload] {"id":506,"hb":1218}
2025/09/12 08:31:59Z TRACE [msg.payload] {"id":506,"comp":1,"evap":{"in":25.5,"out":16.8,"fan":50},"cond":{"in":30.8,"out":43.6,"fan":100}}
2025/09/12 08:32:00Z TRACE [msg.payload] {"id":506,"hb":1219}
2025/09/12 08:32:00Z TRACE [msg.payload] {"id":506,"comp":1,"evap":{"in":26,"out":17.3,"fan":50},"cond":{"in":30.9,"out":43.6,"fan":100}}
2025/09/12 08:32:01Z TRACE [msg.payload] {"id":506,"hb":1220}
2025/09/12 08:32:01Z TRACE [msg.payload] {"id":506,"comp":1,"evap":{"in":25.9,"out":17.1,"fan":50},"cond":{"in":30.7,"out":43.5,"fan":100}}
2025/09/12 08:32:02Z TRACE [msg.payload] {"id":506,"hb":1221}
2025/09/12 08:32:02Z TRACE [msg.payload] {"id":506,"comp":1,"evap":{"in":25.9,"out":17.1,"fan":50},"cond":{"in":30.7,"out":43.7,"fan":100}}
2025/09/12 08:32:03Z TRACE [msg.payload] {"id":506,"hb":1222}
2025/09/12 08:32:03Z TRACE [msg.payload] {"id":506,"comp":1,"evap":{"in":25.8,"out":17.4,"fan":50},"cond":{"in":30.7,"out":43.7,"fan":100}}
2025/09/12 08:32:04Z TRACE [msg.payload] {"id":506,"hb":1223}
2025/09/12 08:32:04Z TRACE [msg.payload] {"id":506,"comp":1,"evap":{"in":25.6,"out":16.8,"fan":50},"cond":{"in":30.4,"out":43.9,"fan":100}}
2025/09/12 08:32:05Z TRACE [msg.payload] {"id":506,"hb":1224}
2025/09/12 08:32:05Z TRACE [msg.payload] {"id":506,"comp":1,"evap":{"in":25.6,"out":16.8,"fan":50},"cond":{"in":30.8,"out":43.9,"fan":100}}
2025/09/12 08:32:06Z TRACE [msg.payload] {"id":506,"hb":1225}
2025/09/12 08:32:06Z TRACE [msg.payload] {"id":506,"comp":1,"evap":{"in":25.9,"out":17.2,"fan":50},"cond":{"in":30.9,"out":43.4,"fan":100}}
2025/09/12 08:32:07Z TRACE [msg.payload] {"id":506,"hb":1226}
2025/09/12 08:32:07Z TRACE [msg.payload] {"id":506,"comp":1,"evap":{"in":25.8,"out":17.1,"fan":50},"cond":{"in":28.5,"out":43.6,"fan":100}}
2025/09/12 08:32:08Z TRACE [msg.payload] {"id":506,"hb":1227}
2025/09/12 08:32:08Z TRACE [msg.payload] {"id":506,"comp":1,"evap":{"in":25.2,"out":17,"fan":50},"cond":{"in":30.5,"out":43.8,"fan":100}}
2025/09/12 08:32:09Z TRACE [msg.payload] {"id":506,"hb":1228}
2025/09/12 08:32:09Z TRACE [msg.payload] {"id":506,"comp":1,"evap":{"in":25.7,"out":17.6,"fan":50},"cond":{"in":30.7,"out":43.9,"fan":100}}
2025/09/12 08:32:10Z TRACE [msg.payload] {"id":506,"hb":1229}
2025/09/12 08:32:10Z TRACE [msg.payload] {"id":506,"comp":1,"evap":{"in":26,"out":16.9,"fan":50},"cond":{"in":31,"out":43.9,"fan":100}}
2025/09/12 08:32:11Z TRACE [msg.payload] {"id":506,"hb":1230}
2025/09/12 08:32:11Z TRACE [msg.payload] {"id":506,"comp":1,"evap":{"in":25.9,"out":16.2,"fan":50},"cond":{"in":30.8,"out":42.9,"fan":100}}
2025/09/12 08:32:12Z TRACE [msg.payload] {"id":506,"hb":1231}
2025/09/12 08:32:12Z TRACE [msg.payload] {"id":506,"comp":1,"evap":{"in":25.9,"out":21,"fan":50},"cond":{"in":30.7,"out":43.8,"fan":100}}
2025/09/12 08:32:13Z TRACE [msg.payload] {"id":506,"hb":1232}
2025/09/12 08:32:13Z TRACE [msg.payload] {"id":506,"comp":1,"evap":{"in":25.8,"out":17.1,"fan":50},"cond":{"in":30.7,"out":43.8,"fan":100}}
2025/09/12 08:32:14Z TRACE [msg.payload] {"id":506,"hb":1233}
2025/09/12 08:32:14Z TRACE [msg.payload] {"id":506,"comp":1,"evap":{"in":25.6,"out":16.9,"fan":50},"cond":{"in":30.7,"out":45.3,"fan":100}}
2025/09/12 08:32:15Z TRACE [msg.payload] {"id":506,"hb":1234}
2025/09/12 08:32:15Z TRACE [msg.payload] {"id":506,"comp":1,"evap":{"in":25.9,"out":16.8,"fan":50},"cond":{"in":30.8,"out":43.9,"fan":100}}
2025/09/12 08:32:16Z TRACE [msg.payload] {"id":506,"hb":1235}
2025/09/12 08:32:16Z TRACE [msg.payload] {"id":506,"comp":1,"evap":{"in":26.1,"out":17.2,"fan":50},"cond":{"in":30.8,"out":45.6,"fan":100}}
2025/09/12 08:32:17Z TRACE [msg.payload] {"id":506,"hb":1236}
2025/09/12 08:32:17Z TRACE [msg.payload] {"id":506,"comp":1,"evap":{"in":25.9,"out":17.2,"fan":50},"cond":{"in":30.9,"out":43.9,"fan":100}}
2025/09/12 08:32:18Z TRACE [msg.payload] {"id":506,"hb":1237}
2025/09/12 08:32:18Z TRACE [msg.payload] {"id":506,"comp":1,"evap":{"in":25.5,"out":17,"fan":50},"cond":{"in":30.7,"out":43.4,"fan":100}}
2025/09/12 08:32:19Z TRACE [msg.payload] {"id":506,"hb":1238}
2025/09/12 08:32:19Z TRACE [msg.payload] {"id":506,"comp":1,"evap":{"in":25.6,"out":17.1,"fan":50},"cond":{"in":30.7,"out":43.8,"fan":100}}
2025/09/12 08:32:20Z TRACE [msg.payload] {"id":506,"hb":1239}
2025/09/12 08:32:20Z TRACE [msg.payload] {"id":506,"comp":1,"evap":{"in":26,"out":16.8,"fan":50},"cond":{"in":30.9,"out":43.9,"fan":100}}
2025/09/12 08:32:21Z TRACE [msg.payload] {"id":506,"hb":1240}
2025/09/12 08:32:21Z TRACE [msg.payload] {"id":506,"comp":1,"evap":{"in":26.1,"out":16.9,"fan":50},"cond":{"in":31.2,"out":43.9,"fan":100}}
2025/09/12 08:32:22Z TRACE [msg.payload] {"id":506,"hb":1241}
2025/09/12 08:32:22Z TRACE [msg.payload] {"id":506,"comp":1,"evap":{"in":25.9,"out":17.3,"fan":50},"cond":{"in":30.6,"out":43.8,"fan":100}}
2025/09/12 08:32:23Z TRACE [msg.payload] {"id":506,"hb":1242}
2025/09/12 08:32:23Z TRACE [msg.payload] {"id":506,"comp":1,"evap":{"in":25.9,"out":17.2,"fan":50},"cond":{"in":30.7,"out":43.6,"fan":100}}
2025/09/12 08:32:24Z TRACE [msg.payload] {"id":506,"hb":1243}
2025/09/12 08:32:24Z TRACE [msg.payload] {"id":506,"comp":1,"evap":{"in":25.6,"out":16.7,"fan":50},"cond":{"in":30.8,"out":43.9,"fan":100}}
2025/09/12 08:32:25Z TRACE [msg.payload] {"id":506,"hb":1244}
2025/09/12 08:32:25Z TRACE [msg.payload] {"id":506,"comp":1,"evap":{"in":25.6,"out":15.5,"fan":50},"cond":{"in":30.9,"out":43.6,"fan":100}}
2025/09/12 08:32:26Z TRACE [msg.payload] {"id":506,"hb":1245}
2025/09/12 08:32:26Z TRACE [msg.payload] {"id":506,"comp":1,"evap":{"in":26,"out":17.2,"fan":50},"cond":{"in":31,"out":43.9,"fan":100}}
2025/09/12 08:32:27Z TRACE [msg.payload] {"id":506,"hb":1246}
2025/09/12 08:32:27Z TRACE [msg.payload] {"id":506,"comp":1,"evap":{"in":25.9,"out":17.2,"fan":50},"cond":{"in":30.8,"out":43.6,"fan":100}}
2025/09/12 08:32:28Z TRACE [msg.payload] {"id":506,"hb":1247}
2025/09/12 08:32:28Z TRACE [msg.payload] {"id":506,"comp":1,"evap":{"in":25.4,"out":17.3,"fan":50},"cond":{"in":30.8,"out":43.8,"fan":100}}
2025/09/12 08:32:29Z TRACE [msg.payload] {"id":506,"hb":1248}
2025/09/12 08:32:29Z TRACE [msg.payload] {"id":506,"comp":1,"evap":{"in":26.3,"out":17.2,"fan":50},"cond":{"in":31,"out":43.9,"fan":100}}
2025/09/12 08:32:30Z TRACE [msg.payload] {"id":506,"hb":1249}
2025/09/12 08:32:30Z TRACE [msg.payload] {"id":506,"comp":1,"evap":{"in":25.6,"out":17,"fan":50},"cond":{"in":31,"out":43.9,"fan":100}}
2025/09/12 08:32:31Z TRACE [msg.payload] {"id":506,"hb":1250}
2025/09/12 08:32:31Z TRACE [msg.payload] {"id":506,"comp":1,"evap":{"in":25.9,"out":16.7,"fan":50},"cond":{"in":31,"out":43.9,"fan":100}}
2025/09/12 08:32:32Z TRACE [msg.payload] {"id":506,"hb":1251}
2025/09/12 08:32:32Z TRACE [msg.payload] {"id":506,"comp":1,"evap":{"in":25.9,"out":15.9,"fan":50},"cond":{"in":30.8,"out":43.6,"fan":100}}
2025/09/12 08:32:33Z TRACE [msg.payload] {"id":506,"hb":1252}
2025/09/12 08:32:33Z TRACE [msg.payload] {"id":506,"comp":1,"evap":{"in":25.9,"out":17.3,"fan":50},"cond":{"in":30.6,"out":43.7,"fan":100}}
2025/09/12 08:32:34Z TRACE [msg.payload] {"id":506,"hb":1253}
2025/09/12 08:32:34Z TRACE [msg.payload] {"id":506,"comp":1,"evap":{"in":25.8,"out":16.8,"fan":50},"cond":{"in":30.6,"out":43.9,"fan":100}}
2025/09/12 08:32:35Z TRACE [msg.payload] {"id":506,"hb":1254}
2025/09/12 08:32:35Z TRACE [msg.payload] {"id":506,"comp":1,"evap":{"in":25.7,"out":16.8,"fan":50},"cond":{"in":31,"out":43.9,"fan":100}}
2025/09/12 08:32:36Z TRACE [msg.payload] {"id":506,"hb":1255}
2025/09/12 08:32:36Z TRACE [msg.payload] {"id":506,"comp":1,"evap":{"in":26.1,"out":16.9,"fan":50},"cond":{"in":31.1,"out":43.6,"fan":100}}
2025/09/12 08:32:37Z TRACE [msg.payload] {"id":506,"hb":1256}
2025/09/12 08:32:37Z TRACE [msg.payload] {"id":506,"comp":1,"evap":{"in":25.9,"out":17.4,"fan":50},"cond":{"in":30.8,"out":44,"fan":100}}
2025/09/12 08:32:38Z TRACE [msg.payload] {"id":506,"hb":1257}
2025/09/12 08:32:38Z TRACE [msg.payload] {"id":506,"comp":1,"evap":{"in":26,"out":17.2,"fan":50},"cond":{"in":30.8,"out":43.9,"fan":100}}
2025/09/12 08:32:39Z TRACE [msg.payload] {"id":506,"hb":1258}
2025/09/12 08:32:39Z TRACE [msg.payload] {"id":506,"comp":1,"evap":{"in":25.8,"out":17.3,"fan":50},"cond":{"in":30.8,"out":43.9,"fan":100}}
2025/09/12 08:32:40Z TRACE [msg.payload] {"id":506,"hb":1259}
2025/09/12 08:32:40Z TRACE [msg.payload] {"id":506,"comp":1,"evap":{"in":25.9,"out":16.8,"fan":50},"cond":{"in":30.9,"out":43.9,"fan":100}}
2025/09/12 08:32:41Z TRACE [msg.payload] {"id":506,"hb":1260}
2025/09/12 08:32:41Z TRACE [msg.payload] {"id":506,"comp":1,"evap":{"in":25.9,"out":16.8,"fan":50},"cond":{"in":30.9,"out":43.9,"fan":100}}
2025/09/12 08:32:42Z TRACE [msg.payload] {"id":506,"hb":1261}
2025/09/12 08:32:42Z TRACE [msg.payload] {"id":506,"comp":1,"evap":{"in":25.9,"out":17.2,"fan":50},"cond":{"in":30.8,"out":43.8,"fan":100}}
2025/09/12 08:32:43Z TRACE [msg.payload] {"id":506,"hb":1262}
2025/09/12 08:32:43Z TRACE [msg.payload] {"id":506,"comp":1,"evap":{"in":26,"out":17.1,"fan":50},"cond":{"in":30.7,"out":43.8,"fan":100}}
2025/09/12 08:32:44Z TRACE [msg.payload] {"id":506,"hb":1263}
2025/09/12 08:32:44Z TRACE [msg.payload] {"id":506,"comp":1,"evap":{"in":25.9,"out":16.7,"fan":50},"cond":{"in":30.8,"out":44,"fan":100}}
2025/09/12 08:32:45Z TRACE [msg.payload] {"id":506,"hb":1264}
2025/09/12 08:32:45Z TRACE [msg.payload] {"id":506,"comp":1,"evap":{"in":25.7,"out":17,"fan":50},"cond":{"in":30.7,"out":44,"fan":100}}
2025/09/12 08:32:46Z TRACE [msg.payload] {"id":506,"hb":1265}
2025/09/12 08:32:46Z TRACE [msg.payload] {"id":506,"comp":1,"evap":{"in":26,"out":17.9,"fan":50},"cond":{"in":31,"out":44,"fan":100}}
2025/09/12 08:32:47Z TRACE [msg.payload] {"id":506,"hb":1266}
2025/09/12 08:32:47Z TRACE [msg.payload] {"id":506,"comp":1,"evap":{"in":25.9,"out":17.2,"fan":50},"cond":{"in":31.1,"out":43.8,"fan":100}}
2025/09/12 08:32:48Z TRACE [msg.payload] {"id":506,"hb":1267}
2025/09/12 08:32:48Z TRACE [msg.payload] {"id":506,"comp":1,"evap":{"in":25.9,"out":19.5,"fan":50},"cond":{"in":30.6,"out":43.7,"fan":100}}
2025/09/12 08:32:49Z TRACE [msg.payload] {"id":506,"hb":1268}
2025/09/12 08:32:49Z TRACE [msg.payload] {"id":506,"comp":1,"evap":{"in":26,"out":17.2,"fan":50},"cond":{"in":30.8,"out":43.8,"fan":100}}
2025/09/12 08:32:50Z TRACE [msg.payload] {"id":506,"hb":1269}
2025/09/12 08:32:50Z TRACE [msg.payload] {"id":506,"comp":1,"evap":{"in":25.7,"out":16.9,"fan":50},"cond":{"in":30.9,"out":43.7,"fan":100}}
2025/09/12 08:32:51Z TRACE [msg.payload] {"id":506,"hb":1270}
2025/09/12 08:32:51Z TRACE [msg.payload] {"id":506,"comp":1,"evap":{"in":25.7,"out":16.9,"fan":50},"cond":{"in":31,"out":43.9,"fan":100}}
2025/09/12 08:32:52Z TRACE [msg.payload] {"id":506,"hb":1271}
2025/09/12 08:32:52Z TRACE [msg.payload] {"id":506,"comp":1,"evap":{"in":26,"out":17,"fan":50},"cond":{"in":30.8,"out":43.6,"fan":100}}
2025/09/12 08:32:53Z TRACE [msg.payload] {"id":506,"hb":1272}
2025/09/12 08:32:53Z TRACE [msg.payload] {"id":506,"comp":1,"evap":{"in":25.9,"out":17.2,"fan":50},"cond":{"in":31.1,"out":43.8,"fan":100}}
2025/09/12 08:32:54Z TRACE [msg.payload] {"id":506,"hb":1273}
2025/09/12 08:32:54Z TRACE [msg.payload] {"id":506,"comp":1,"evap":{"in":25.9,"out":17,"fan":50},"cond":{"in":30.8,"out":43.7,"fan":100}}
2025/09/12 08:32:55Z TRACE [msg.payload] {"id":506,"hb":1274}
2025/09/12 08:32:55Z TRACE [msg.payload] {"id":506,"comp":1,"evap":{"in":24.6,"out":16.5,"fan":50},"cond":{"in":30.7,"out":44,"fan":100}}
2025/09/12 08:32:56Z TRACE [msg.payload] {"id":506,"hb":1275}
2025/09/12 08:32:56Z TRACE [msg.payload] {"id":506,"comp":1,"evap":{"in":25.9,"out":17,"fan":50},"cond":{"in":31.2,"out":43.9,"fan":100}}
2025/09/12 08:32:57Z TRACE [msg.payload] {"id":506,"hb":1276}
2025/09/12 08:32:57Z TRACE [msg.payload] {"id":506,"comp":1,"evap":{"in":26,"out":17.5,"fan":50},"cond":{"in":31.1,"out":43.9,"fan":100}}
2025/09/12 08:32:58Z TRACE [msg.payload] {"id":506,"hb":1277}
2025/09/12 08:32:58Z TRACE [msg.payload] {"id":506,"comp":1,"evap":{"in":25.9,"out":17.2,"fan":50},"cond":{"in":30.7,"out":43.8,"fan":100}}
2025/09/12 08:32:59Z TRACE [msg.payload] {"id":506,"hb":1278}
2025/09/12 08:32:59Z TRACE [msg.payload] {"id":506,"comp":1,"evap":{"in":26.1,"out":17.3,"fan":50},"cond":{"in":30.8,"out":43.6,"fan":100}}
2025/09/12 08:33:00Z TRACE [msg.payload] {"id":506,"hb":1279}
2025/09/12 08:33:00Z TRACE [msg.payload] {"id":506,"comp":1,"evap":{"in":26,"out":16.8,"fan":50},"cond":{"in":31.1,"out":43.8,"fan":100}}
2025/09/12 08:33:01Z TRACE [msg.payload] {"id":506,"hb":1280}
2025/09/12 08:33:01Z TRACE [msg.payload] {"id":506,"comp":1,"evap":{"in":26,"out":17.2,"fan":50},"cond":{"in":30.8,"out":43.8,"fan":100}}
2025/09/12 08:33:02Z TRACE [msg.payload] {"id":506,"hb":1281}
2025/09/12 08:33:02Z TRACE [msg.payload] {"id":506,"comp":1,"evap":{"in":25.9,"out":17.3,"fan":50},"cond":{"in":31.1,"out":43.7,"fan":100}}
2025/09/12 08:33:03Z TRACE [msg.payload] {"id":506,"hb":1282}
2025/09/12 08:33:03Z TRACE [msg.payload] {"id":506,"comp":1,"evap":{"in":25.9,"out":17.3,"fan":50},"cond":{"in":31.1,"out":43.9,"fan":100}}
2025/09/12 08:33:04Z TRACE [msg.payload] {"id":506,"hb":1283}
2025/09/12 08:33:04Z TRACE [msg.payload] {"id":506,"comp":1,"evap":{"in":25.8,"out":17,"fan":50},"cond":{"in":30.8,"out":44,"fan":100}}
2025/09/12 08:33:05Z TRACE [msg.payload] {"id":506,"hb":1284}
2025/09/12 08:33:05Z TRACE [msg.payload] {"id":506,"comp":1,"evap":{"in":25.8,"out":17,"fan":50},"cond":{"in":30.8,"out":43.8,"fan":100}}
2025/09/12 08:33:06Z TRACE [msg.payload] {"id":506,"hb":1285}
2025/09/12 08:33:06Z TRACE [msg.payload] {"id":506,"comp":1,"evap":{"in":26.1,"out":16.9,"fan":50},"cond":{"in":31.2,"out":43.9,"fan":100}}
2025/09/12 08:33:07Z TRACE [msg.payload] {"id":506,"hb":1286}
2025/09/12 08:33:07Z TRACE [msg.payload] {"id":506,"comp":1,"evap":{"in":25.9,"out":16.8,"fan":50},"cond":{"in":31,"out":43.9,"fan":100}}
2025/09/12 08:33:08Z TRACE [msg.payload] {"id":506,"hb":1287}
2025/09/12 08:33:08Z TRACE [msg.payload] {"id":506,"comp":1,"evap":{"in":25.9,"out":17.4,"fan":50},"cond":{"in":31,"out":43.9,"fan":100}}
2025/09/12 08:33:09Z TRACE [msg.payload] {"id":506,"hb":1288}
2025/09/12 08:33:09Z TRACE [msg.payload] {"id":506,"comp":1,"evap":{"in":26.2,"out":17.9,"fan":50},"cond":{"in":30.3,"out":43.5,"fan":100}}
2025/09/12 08:33:10Z TRACE [msg.payload] {"id":506,"hb":1289}
2025/09/12 08:33:10Z TRACE [msg.payload] {"id":506,"comp":1,"evap":{"in":25.8,"out":16.7,"fan":50},"cond":{"in":32,"out":44,"fan":100}}
2025/09/12 08:33:11Z TRACE [msg.payload] {"id":506,"hb":1290}
2025/09/12 08:33:11Z TRACE [msg.payload] {"id":506,"comp":1,"evap":{"in":26.7,"out":17,"fan":50},"cond":{"in":31.1,"out":43.9,"fan":100}}
2025/09/12 08:33:12Z TRACE [msg.payload] {"id":506,"hb":1291}
2025/09/12 08:33:12Z TRACE [msg.payload] {"id":506,"comp":1,"evap":{"in":25.9,"out":17.4,"fan":50},"cond":{"in":30.9,"out":43.5,"fan":100}}
2025/09/12 08:33:13Z TRACE [msg.payload] {"id":506,"hb":1292}
2025/09/12 08:33:13Z TRACE [msg.payload] {"id":506,"comp":1,"evap":{"in":26,"out":17.2,"fan":50},"cond":{"in":30.5,"out":43.9,"fan":100}}
2025/09/12 08:33:14Z TRACE [msg.payload] {"id":506,"hb":1293}
2025/09/12 08:33:14Z TRACE [msg.payload] {"id":506,"comp":1,"evap":{"in":25.7,"out":17,"fan":50},"cond":{"in":30.8,"out":44,"fan":100}}
2025/09/12 08:33:15Z TRACE [msg.payload] {"id":506,"hb":1294}
2025/09/12 08:33:15Z TRACE [msg.payload] {"id":506,"comp":1,"evap":{"in":25.8,"out":17.1,"fan":50},"cond":{"in":30.8,"out":43.9,"fan":100}}
2025/09/12 08:33:16Z TRACE [msg.payload] {"id":506,"hb":1295}
2025/09/12 08:33:16Z TRACE [msg.payload] {"id":506,"comp":1,"evap":{"in":26.1,"out":17,"fan":50},"cond":{"in":31.1,"out":43.9,"fan":100}}
2025/09/12 08:33:17Z TRACE [msg.payload] {"id":506,"hb":1296}
2025/09/12 08:33:17Z TRACE [msg.payload] {"id":506,"comp":1,"evap":{"in":25.6,"out":16.9,"fan":50},"cond":{"in":30.8,"out":43.9,"fan":100}}
2025/09/12 08:33:18Z TRACE [msg.payload] {"id":506,"hb":1297}
2025/09/12 08:33:18Z TRACE [msg.payload] {"id":506,"comp":1,"evap":{"in":25.9,"out":17.2,"fan":50},"cond":{"in":31.1,"out":43.8,"fan":100}}
2025/09/12 08:33:19Z TRACE [msg.payload] {"id":506,"hb":1298}
2025/09/12 08:33:19Z TRACE [msg.payload] {"id":506,"comp":1,"evap":{"in":25.9,"out":17.4,"fan":50},"cond":{"in":31.2,"out":43.7,"fan":100}}
2025/09/12 08:33:20Z TRACE [msg.payload] {"id":506,"hb":1299}
2025/09/12 08:33:20Z TRACE [msg.payload] {"id":506,"comp":1,"evap":{"in":25.6,"out":17,"fan":50},"cond":{"in":30.7,"out":43.9,"fan":100}}
2025/09/12 08:33:21Z TRACE [msg.payload] {"id":506,"hb":1300}
2025/09/12 08:33:21Z TRACE [msg.payload] {"id":506,"comp":1,"evap":{"in":25.7,"out":16.9,"fan":50},"cond":{"in":31.5,"out":44,"fan":100}}
2025/09/12 08:33:22Z TRACE [msg.payload] {"id":506,"hb":1301}
2025/09/12 08:33:22Z TRACE [msg.payload] {"id":506,"comp":1,"evap":{"in":25.9,"out":17.3,"fan":50},"cond":{"in":31,"out":43.7,"fan":100}}
2025/09/12 08:33:23Z TRACE [msg.payload] {"id":506,"hb":1302}
2025/09/12 08:33:23Z TRACE [msg.payload] {"id":506,"comp":1,"evap":{"in":26.1,"out":17.5,"fan":50},"cond":{"in":30.9,"out":43.9,"fan":100}}
2025/09/12 08:33:24Z TRACE [msg.payload] {"id":506,"hb":1303}
2025/09/12 08:33:24Z TRACE [msg.payload] {"id":506,"comp":1,"evap":{"in":25.8,"out":17.3,"fan":50},"cond":{"in":30.8,"out":43.9,"fan":100}}
2025/09/12 08:33:25Z TRACE [msg.payload] {"id":506,"hb":1304}
2025/09/12 08:33:25Z TRACE [msg.payload] {"id":506,"comp":1,"evap":{"in":25.8,"out":17.4,"fan":50},"cond":{"in":30.8,"out":43.9,"fan":100}}
2025/09/12 08:33:26Z TRACE [msg.payload] {"id":506,"hb":1305}
2025/09/12 08:33:26Z TRACE [msg.payload] {"id":506,"comp":1,"evap":{"in":26,"out":17,"fan":50},"cond":{"in":31,"out":44,"fan":100}}
2025/09/12 08:33:27Z TRACE [msg.payload] {"id":506,"hb":1306}
2025/09/12 08:33:27Z TRACE [msg.payload] {"id":506,"comp":1,"evap":{"in":25.8,"out":16.9,"fan":50},"cond":{"in":30.9,"out":43.9,"fan":100}}
2025/09/12 08:33:28Z TRACE [msg.payload] {"id":506,"hb":1307}
2025/09/12 08:33:28Z TRACE [msg.payload] {"id":506,"comp":1,"evap":{"in":25.9,"out":17.2,"fan":50},"cond":{"in":31.1,"out":43.6,"fan":100}}
2025/09/12 08:33:29Z TRACE [msg.payload] {"id":506,"hb":1308}
2025/09/12 08:33:29Z TRACE [msg.payload] {"id":506,"comp":1,"evap":{"in":25.9,"out":17.4,"fan":50},"cond":{"in":30.7,"out":43.8,"fan":100}}
2025/09/12 08:33:30Z TRACE [msg.payload] {"id":506,"hb":1309}
2025/09/12 08:33:30Z TRACE [msg.payload] {"id":506,"comp":1,"evap":{"in":26.1,"out":16.8,"fan":50},"cond":{"in":30.8,"out":43.9,"fan":100}}
2025/09/12 08:33:31Z TRACE [msg.payload] {"id":506,"hb":1310}
2025/09/12 08:33:31Z TRACE [msg.payload] {"id":506,"comp":1,"evap":{"in":25.8,"out":16.9,"fan":50},"cond":{"in":30.7,"out":45.5,"fan":100}}
2025/09/12 08:33:32Z TRACE [msg.payload] {"id":506,"hb":1311}
2025/09/12 08:33:32Z TRACE [msg.payload] {"id":506,"comp":1,"evap":{"in":25.8,"out":17.5,"fan":50},"cond":{"in":31,"out":44,"fan":100}}
2025/09/12 08:33:33Z TRACE [msg.payload] {"id":506,"hb":1312}
2025/09/12 08:33:33Z TRACE [msg.payload] {"id":506,"comp":1,"evap":{"in":26,"out":17.9,"fan":50},"cond":{"in":31.2,"out":44,"fan":100}}
2025/09/12 08:33:34Z TRACE [msg.payload] {"id":506,"hb":1313}
2025/09/12 08:33:34Z TRACE [msg.payload] {"id":506,"comp":1,"evap":{"in":25.6,"out":17,"fan":50},"cond":{"in":30.7,"out":43.8,"fan":100}}
2025/09/12 08:33:35Z TRACE [msg.payload] {"id":506,"hb":1314}
2025/09/12 08:33:35Z TRACE [msg.payload] {"id":506,"comp":1,"evap":{"in":25.6,"out":17.2,"fan":50},"cond":{"in":30.8,"out":43.9,"fan":100}}
2025/09/12 08:33:36Z TRACE [msg.payload] {"id":506,"hb":1315}
2025/09/12 08:33:36Z TRACE [msg.payload] {"id":506,"comp":1,"evap":{"in":26.4,"out":16.9,"fan":50},"cond":{"in":31.2,"out":44,"fan":100}}
2025/09/12 08:33:37Z TRACE [msg.payload] {"id":506,"hb":1316}
2025/09/12 08:33:37Z TRACE [msg.payload] {"id":506,"comp":1,"evap":{"in":25.7,"out":16.8,"fan":50},"cond":{"in":31.2,"out":43.9,"fan":100}}
2025/09/12 08:33:38Z TRACE [msg.payload] {"id":506,"hb":1317}
2025/09/12 08:33:38Z TRACE [msg.payload] {"id":506,"comp":1,"evap":{"in":25.8,"out":17.4,"fan":50},"cond":{"in":30.1,"out":43.9,"fan":100}}
2025/09/12 08:33:39Z TRACE [msg.payload] {"id":506,"hb":1318}
2025/09/12 08:33:39Z TRACE [msg.payload] {"id":506,"comp":1,"evap":{"in":25.4,"out":17.2,"fan":50},"cond":{"in":31.4,"out":43.9,"fan":100}}
2025/09/12 08:33:40Z TRACE [msg.payload] {"id":506,"hb":1319}
2025/09/12 08:33:40Z TRACE [msg.payload] {"id":506,"comp":1,"evap":{"in":25.8,"out":16.9,"fan":50},"cond":{"in":30.9,"out":44,"fan":100}}
2025/09/12 08:33:41Z TRACE [msg.payload] {"id":506,"hb":1320}
2025/09/12 08:33:41Z TRACE [msg.payload] {"id":506,"comp":1,"evap":{"in":25.8,"out":16.9,"fan":50},"cond":{"in":30.8,"out":43.8,"fan":100}}
2025/09/12 08:33:42Z TRACE [msg.payload] {"id":506,"hb":1321}
2025/09/12 08:33:42Z TRACE [msg.payload] {"id":506,"comp":1,"evap":{"in":25.9,"out":17.5,"fan":50},"cond":{"in":31.1,"out":43.8,"fan":100}}
2025/09/12 08:33:43Z TRACE [msg.payload] {"id":506,"hb":1322}
2025/09/12 08:33:43Z TRACE [msg.payload] {"id":506,"comp":1,"evap":{"in":18.5,"out":17,"fan":50},"cond":{"in":31.1,"out":44,"fan":100}}
2025/09/12 08:33:44Z TRACE [msg.payload] {"id":506,"hb":1323}
2025/09/12 08:33:44Z TRACE [msg.payload] {"id":506,"comp":1,"evap":{"in":25.8,"out":17.2,"fan":50},"cond":{"in":30.8,"out":43.8,"fan":100}}
2025/09/12 08:33:45Z TRACE [msg.payload] {"id":506,"hb":1324}
2025/09/12 08:33:45Z TRACE [msg.payload] {"id":506,"comp":1,"evap":{"in":26.2,"out":17.2,"fan":50},"cond":{"in":30.8,"out":43.8,"fan":100}}
2025/09/12 08:33:46Z TRACE [msg.payload] {"id":506,"hb":1325}
2025/09/12 08:33:46Z TRACE [msg.payload] {"id":506,"comp":1,"evap":{"in":25.8,"out":16.9,"fan":50},"cond":{"in":31,"out":44,"fan":100}}
2025/09/12 08:33:47Z TRACE [msg.payload] {"id":506,"hb":1326}
2025/09/12 08:33:47Z TRACE [msg.payload] {"id":506,"comp":1,"evap":{"in":25.8,"out":16.7,"fan":50},"cond":{"in":31,"out":43.9,"fan":100}}
2025/09/12 08:33:48Z TRACE [msg.payload] {"id":506,"hb":1327}
2025/09/12 08:33:48Z TRACE [msg.payload] {"id":506,"comp":1,"evap":{"in":25.9,"out":17.2,"fan":50},"cond":{"in":31,"out":43.7,"fan":100}}
2025/09/12 08:33:49Z TRACE [msg.payload] {"id":506,"hb":1328}
2025/09/12 08:33:49Z TRACE [msg.payload] {"id":506,"comp":1,"evap":{"in":25.9,"out":17.4,"fan":50},"cond":{"in":30.8,"out":43.9,"fan":100}}
2025/09/12 08:33:50Z TRACE [msg.payload] {"id":506,"hb":1329}
2025/09/12 08:33:50Z TRACE [msg.payload] {"id":506,"comp":1,"evap":{"in":25.9,"out":17,"fan":50},"cond":{"in":30.8,"out":44,"fan":100}}
2025/09/12 08:33:51Z TRACE [msg.payload] {"id":506,"hb":1330}
2025/09/12 08:33:51Z TRACE [msg.payload] {"id":506,"comp":1,"evap":{"in":25.7,"out":16.9,"fan":50},"cond":{"in":30.8,"out":43.9,"fan":100}}
2025/09/12 08:33:52Z TRACE [msg.payload] {"id":506,"hb":1331}
2025/09/12 08:33:52Z TRACE [msg.payload] {"id":506,"comp":1,"evap":{"in":26,"out":17.4,"fan":50},"cond":{"in":31.1,"out":44,"fan":100}}
2025/09/12 08:33:53Z TRACE [msg.payload] {"id":506,"hb":1332}
2025/09/12 08:33:53Z TRACE [msg.payload] {"id":506,"comp":1,"evap":{"in":26,"out":17.4,"fan":50},"cond":{"in":31.1,"out":44,"fan":100}}
2025/09/12 08:33:54Z TRACE [msg.payload] {"id":506,"hb":1333}
2025/09/12 08:33:54Z TRACE [msg.payload] {"id":506,"comp":1,"evap":{"in":25.5,"out":17.5,"fan":50},"cond":{"in":30.8,"out":43.8,"fan":100}}
2025/09/12 08:33:55Z TRACE [msg.payload] {"id":506,"hb":1334}
2025/09/12 08:33:55Z TRACE [msg.payload] {"id":506,"comp":1,"evap":{"in":26,"out":17.4,"fan":50},"cond":{"in":30.8,"out":43.9,"fan":100}}
2025/09/12 08:33:56Z TRACE [msg.payload] {"id":506,"hb":1335}
2025/09/12 08:33:56Z TRACE [msg.payload] {"id":506,"comp":1,"evap":{"in":25.7,"out":16.9,"fan":50},"cond":{"in":30.8,"out":44,"fan":100}}
2025/09/12 08:33:57Z TRACE [msg.payload] {"id":506,"hb":1336}
2025/09/12 08:33:57Z TRACE [msg.payload] {"id":506,"comp":1,"evap":{"in":25.7,"out":16.9,"fan":50},"cond":{"in":31.1,"out":44,"fan":100}}
2025/09/12 08:33:58Z TRACE [msg.payload] {"id":506,"hb":1337}
2025/09/12 08:33:58Z TRACE [msg.payload] {"id":506,"comp":1,"evap":{"in":24.9,"out":17.4,"fan":50},"cond":{"in":31.1,"out":43.9,"fan":100}}
2025/09/12 08:33:59Z TRACE [msg.payload] {"id":506,"hb":1338}
2025/09/12 08:33:59Z TRACE [msg.payload] {"id":506,"comp":1,"evap":{"in":26,"out":17.4,"fan":50},"cond":{"in":31.2,"out":44,"fan":100}}
2025/09/12 08:34:00Z TRACE [msg.payload] {"id":506,"hb":1339}
2025/09/12 08:34:00Z TRACE [msg.payload] {"id":506,"comp":1,"evap":{"in":25.8,"out":17,"fan":50},"cond":{"in":31.4,"out":43.9,"fan":100}}
2025/09/12 08:34:01Z TRACE [msg.payload] {"id":506,"hb":1340}
2025/09/12 08:34:01Z TRACE [msg.payload] {"id":506,"comp":1,"evap":{"in":26.2,"out":16.9,"fan":50},"cond":{"in":31,"out":44,"fan":100}}
2025/09/12 08:34:02Z TRACE [msg.payload] {"id":506,"hb":1341}
2025/09/12 08:34:02Z TRACE [msg.payload] {"id":506,"comp":1,"evap":{"in":26,"out":17,"fan":50},"cond":{"in":30.9,"out":44,"fan":100}}
2025/09/12 08:34:03Z TRACE [msg.payload] {"id":506,"hb":1342}
2025/09/12 08:34:03Z TRACE [msg.payload] {"id":506,"comp":1,"evap":{"in":26,"out":17,"fan":50},"cond":{"in":30.9,"out":44,"fan":100}}
2025/09/12 08:34:04Z TRACE [msg.payload] {"id":506,"hb":1343}
2025/09/12 08:34:04Z TRACE [msg.payload] {"id":506,"comp":1,"evap":{"in":26,"out":17.2,"fan":50},"cond":{"in":30.8,"out":43.9,"fan":100}}
2025/09/12 08:34:05Z TRACE [msg.payload] {"id":506,"hb":1344}
2025/09/12 08:34:06Z TRACE [msg.payload] {"id":506,"comp":1,"evap":{"in":26.1,"out":17.4,"fan":50},"cond":{"in":30.8,"out":43.7,"fan":100}}
2025/09/12 08:34:06Z TRACE [msg.payload] {"id":506,"hb":1345}
2025/09/12 08:34:07Z TRACE [msg.payload] {"id":506,"comp":1,"evap":{"in":25.5,"out":16.8,"fan":50},"cond":{"in":30.5,"out":43.9,"fan":100}}
2025/09/12 08:34:07Z TRACE [msg.payload] {"id":506,"hb":1346}
2025/09/12 08:34:08Z TRACE [msg.payload] {"id":506,"comp":1,"evap":{"in":25.6,"out":16.8,"fan":50},"cond":{"in":31.2,"out":44,"fan":100}}
2025/09/12 08:34:08Z TRACE [msg.payload] {"id":506,"hb":1347}
2025/09/12 08:34:09Z TRACE [msg.payload] {"id":506,"comp":1,"evap":{"in":26.2,"out":17.5,"fan":50},"cond":{"in":31.1,"out":43.9,"fan":100}}
2025/09/12 08:34:09Z TRACE [msg.payload] {"id":506,"hb":1348}
2025/09/12 08:34:10Z TRACE [msg.payload] {"id":506,"comp":1,"evap":{"in":26.2,"out":17.7,"fan":50},"cond":{"in":31.1,"out":43.9,"fan":100}}
2025/09/12 08:34:10Z TRACE [msg.payload] {"id":506,"hb":1349}
2025/09/12 08:34:11Z TRACE [msg.payload] {"id":506,"comp":1,"evap":{"in":25.6,"out":17.1,"fan":50},"cond":{"in":30.8,"out":43.8,"fan":100}}
2025/09/12 08:34:11Z TRACE [msg.payload] {"id":506,"hb":1350}
2025/09/12 08:34:12Z TRACE [msg.payload] {"id":506,"comp":1,"evap":{"in":25.7,"out":17.1,"fan":50},"cond":{"in":30.8,"out":43.9,"fan":100}}
2025/09/12 08:34:12Z TRACE [msg.payload] {"id":506,"hb":1351}
2025/09/12 08:34:13Z TRACE [msg.payload] {"id":506,"comp":1,"evap":{"in":26.2,"out":16.9,"fan":50},"cond":{"in":31,"out":44,"fan":100}}
2025/09/12 08:34:13Z TRACE [msg.payload] {"id":506,"hb":1352}
2025/09/12 08:34:14Z TRACE [msg.payload] {"id":506,"comp":1,"evap":{"in":25.9,"out":17,"fan":50},"cond":{"in":31.2,"out":44,"fan":100}}
2025/09/12 08:34:14Z TRACE [msg.payload] {"id":506,"hb":1353}
2025/09/12 08:34:15Z TRACE [msg.payload] {"id":506,"comp":1,"evap":{"in":26.2,"out":17.4,"fan":50},"cond":{"in":31.1,"out":43.9,"fan":100}}
2025/09/12 08:34:15Z TRACE [msg.payload] {"id":506,"hb":1354}
2025/09/12 08:34:16Z TRACE [msg.payload] {"id":506,"comp":1,"evap":{"in":26,"out":17.4,"fan":50},"cond":{"in":30.9,"out":43.9,"fan":100}}
2025/09/12 08:34:16Z TRACE [msg.payload] {"id":506,"hb":1355}
2025/09/12 08:34:17Z TRACE [msg.payload] {"id":506,"comp":1,"evap":{"in":25.8,"out":16.9,"fan":50},"cond":{"in":30.8,"out":44.1,"fan":100}}
2025/09/12 08:34:17Z TRACE [msg.payload] {"id":506,"hb":1356}
2025/09/12 08:34:18Z TRACE [msg.payload] {"id":506,"comp":1,"evap":{"in":25.9,"out":17,"fan":50},"cond":{"in":31.7,"out":44.8,"fan":100}}
2025/09/12 08:34:18Z TRACE [msg.payload] {"id":506,"hb":1357}
2025/09/12 08:34:19Z TRACE [msg.payload] {"id":506,"comp":1,"evap":{"in":26.3,"out":17,"fan":50},"cond":{"in":30.9,"out":44,"fan":100}}
2025/09/12 08:34:19Z TRACE [msg.payload] {"id":506,"hb":1358}
2025/09/12 08:34:20Z TRACE [msg.payload] {"id":506,"comp":1,"evap":{"in":26.2,"out":17.4,"fan":50},"cond":{"in":31.1,"out":44.2,"fan":100}}
2025/09/12 08:34:20Z TRACE [msg.payload] {"id":506,"hb":1359}
2025/09/12 08:34:21Z TRACE [msg.payload] {"id":506,"comp":1,"evap":{"in":25.9,"out":17.3,"fan":50},"cond":{"in":30.8,"out":43.9,"fan":100}}
2025/09/12 08:34:21Z TRACE [msg.payload] {"id":506,"hb":1360}
2025/09/12 08:34:22Z TRACE [msg.payload] {"id":506,"comp":1,"evap":{"in":25.9,"out":17.4,"fan":50},"cond":{"in":30.8,"out":43.9,"fan":100}}
2025/09/12 08:34:22Z TRACE [msg.payload] {"id":506,"hb":1361}
2025/09/12 08:34:23Z TRACE [msg.payload] {"id":506,"comp":1,"evap":{"in":26.1,"out":16.8,"fan":50},"cond":{"in":30.9,"out":43.8,"fan":100}}
2025/09/12 08:34:23Z TRACE [msg.payload] {"id":506,"hb":1362}
2025/09/12 08:34:24Z TRACE [msg.payload] {"id":506,"comp":1,"evap":{"in":26.2,"out":17,"fan":50},"cond":{"in":31.1,"out":44.2,"fan":100}}
2025/09/12 08:34:24Z TRACE [msg.payload] {"id":506,"hb":1363}
2025/09/12 08:34:25Z TRACE [msg.payload] {"id":506,"comp":1,"evap":{"in":26.2,"out":17.3,"fan":50},"cond":{"in":31.2,"out":43.9,"fan":100}}
2025/09/12 08:34:25Z TRACE [msg.payload] {"id":506,"hb":1364}
2025/09/12 08:34:26Z TRACE [msg.payload] {"id":506,"comp":1,"evap":{"in":26,"out":17,"fan":50},"cond":{"in":30.7,"out":43.8,"fan":100}}
2025/09/12 08:34:26Z TRACE [msg.payload] {"id":506,"hb":1365}
2025/09/12 08:34:27Z TRACE [msg.payload] {"id":506,"comp":1,"evap":{"in":25.8,"out":17.3,"fan":50},"cond":{"in":31,"out":44.2,"fan":100}}
2025/09/12 08:34:27Z TRACE [msg.payload] {"id":506,"hb":1366}
2025/09/12 08:34:28Z TRACE [msg.payload] {"id":506,"comp":1,"evap":{"in":26.2,"out":17.4,"fan":50},"cond":{"in":30.9,"out":44.2,"fan":100}}
2025/09/12 08:34:28Z TRACE [msg.payload] {"id":506,"hb":1367}
2025/09/12 08:34:29Z TRACE [msg.payload] {"id":506,"comp":1,"evap":{"in":25.9,"out":17.3,"fan":50},"cond":{"in":31,"out":44.3,"fan":100}}
2025/09/12 08:34:29Z TRACE [msg.payload] {"id":506,"hb":1368}
2025/09/12 08:34:30Z TRACE [msg.payload] {"id":506,"comp":1,"evap":{"in":26.2,"out":17.2,"fan":50},"cond":{"in":31.2,"out":44.2,"fan":100}}
2025/09/12 08:34:30Z TRACE [msg.payload] {"id":506,"hb":1369}
2025/09/12 08:34:31Z TRACE [msg.payload] {"id":506,"comp":1,"evap":{"in":25.9,"out":17.3,"fan":50},"cond":{"in":31,"out":43.9,"fan":100}}
2025/09/12 08:34:31Z TRACE [msg.payload] {"id":506,"hb":1370}
2025/09/12 08:34:32Z TRACE [msg.payload] {"id":506,"comp":1,"evap":{"in":26,"out":17,"fan":50},"cond":{"in":30.8,"out":44,"fan":100}}
2025/09/12 08:34:32Z TRACE [msg.payload] {"id":506,"hb":1371}
2025/09/12 08:34:33Z TRACE [msg.payload] {"id":506,"comp":1,"evap":{"in":25.8,"out":17.1,"fan":50},"cond":{"in":31.2,"out":44.2,"fan":100}}
2025/09/12 08:34:33Z TRACE [msg.payload] {"id":506,"hb":1372}
2025/09/12 08:34:34Z TRACE [msg.payload] {"id":506,"comp":1,"evap":{"in":25.9,"out":17,"fan":50},"cond":{"in":31.2,"out":44.2,"fan":100}}
2025/09/12 08:34:34Z TRACE [msg.payload] {"id":506,"hb":1373}
2025/09/12 08:34:35Z TRACE [msg.payload] {"id":506,"comp":1,"evap":{"in":26.1,"out":17.9,"fan":50},"cond":{"in":31.2,"out":44,"fan":100}}
2025/09/12 08:34:35Z TRACE [msg.payload] {"id":506,"hb":1374}
2025/09/12 08:34:36Z TRACE [msg.payload] {"id":506,"comp":1,"evap":{"in":26.2,"out":17.3,"fan":50},"cond":{"in":30.8,"out":43.9,"fan":100}}
2025/09/12 08:34:36Z TRACE [msg.payload] {"id":506,"hb":1375}
2025/09/12 08:34:37Z TRACE [msg.payload] {"id":506,"comp":1,"evap":{"in":25.9,"out":16.9,"fan":50},"cond":{"in":30.9,"out":44.1,"fan":100}}
2025/09/12 08:34:37Z TRACE [msg.payload] {"id":506,"hb":1376}
2025/09/12 08:34:38Z TRACE [msg.payload] {"id":506,"comp":1,"evap":{"in":25.9,"out":16.9,"fan":50},"cond":{"in":30.8,"out":43.9,"fan":100}}
2025/09/12 08:34:38Z TRACE [msg.payload] {"id":506,"hb":1377}
2025/09/12 08:34:39Z TRACE [msg.payload] {"id":506,"comp":1,"evap":{"in":25.9,"out":17.2,"fan":50},"cond":{"in":31.1,"out":44.2,"fan":100}}
2025/09/12 08:34:39Z TRACE [msg.payload] {"id":506,"hb":1378}
2025/09/12 08:34:40Z TRACE [msg.payload] {"id":506,"comp":1,"evap":{"in":26.3,"out":16.5,"fan":50},"cond":{"in":31.2,"out":44.1,"fan":100}}
2025/09/12 08:34:40Z TRACE [msg.payload] {"id":506,"hb":1379}
2025/09/12 08:34:41Z TRACE [msg.payload] {"id":506,"comp":1,"evap":{"in":25.9,"out":17.3,"fan":50},"cond":{"in":30.8,"out":44,"fan":100}}
2025/09/12 08:34:41Z TRACE [msg.payload] {"id":506,"hb":1380}
2025/09/12 08:34:42Z TRACE [msg.payload] {"id":506,"comp":1,"evap":{"in":26.1,"out":17.5,"fan":50},"cond":{"in":31,"out":43.8,"fan":100}}
2025/09/12 08:34:42Z TRACE [msg.payload] {"id":506,"hb":1381}
2025/09/12 08:34:43Z TRACE [msg.payload] {"id":506,"comp":1,"evap":{"in":25.9,"out":16.9,"fan":50},"cond":{"in":32.3,"out":44.1,"fan":100}}
2025/09/12 08:34:43Z TRACE [msg.payload] {"id":506,"hb":1382}
2025/09/12 08:34:44Z TRACE [msg.payload] {"id":506,"comp":1,"evap":{"in":26,"out":17.1,"fan":50},"cond":{"in":31.2,"out":44.2,"fan":100}}
2025/09/12 08:34:44Z TRACE [msg.payload] {"id":506,"hb":1383}
2025/09/12 08:34:45Z TRACE [msg.payload] {"id":506,"comp":1,"evap":{"in":26.3,"out":17.4,"fan":50},"cond":{"in":31.2,"out":43.9,"fan":100}}
2025/09/12 08:34:45Z TRACE [msg.payload] {"id":506,"hb":1384}
2025/09/12 08:34:46Z TRACE [msg.payload] {"id":506,"comp":1,"evap":{"in":26.1,"out":17.3,"fan":50},"cond":{"in":30.1,"out":43.9,"fan":100}}
2025/09/12 08:34:46Z TRACE [msg.payload] {"id":506,"hb":1385}
2025/09/12 08:34:47Z TRACE [msg.payload] {"id":506,"comp":1,"evap":{"in":25.8,"out":16.9,"fan":50},"cond":{"in":30.8,"out":44.2,"fan":100}}
2025/09/12 08:34:47Z TRACE [msg.payload] {"id":506,"hb":1386}
2025/09/12 08:34:48Z TRACE [msg.payload] {"id":506,"comp":1,"evap":{"in":25.9,"out":17.3,"fan":50},"cond":{"in":30.8,"out":43.9,"fan":100}}
2025/09/12 08:34:48Z TRACE [msg.payload] {"id":506,"hb":1387}
2025/09/12 08:34:49Z TRACE [msg.payload] {"id":506,"comp":1,"evap":{"in":26.2,"out":17.3,"fan":50},"cond":{"in":31.1,"out":43.9,"fan":100}}
2025/09/12 08:34:49Z TRACE [msg.payload] {"id":506,"hb":1388}
2025/09/12 08:34:50Z TRACE [msg.payload] {"id":506,"comp":1,"evap":{"in":26.2,"out":17.4,"fan":50},"cond":{"in":30.8,"out":43.9,"fan":100}}
2025/09/12 08:34:50Z TRACE [msg.payload] {"id":506,"hb":1389}
2025/09/12 08:34:51Z TRACE [msg.payload] {"id":506,"comp":1,"evap":{"in":25.9,"out":17.4,"fan":50},"cond":{"in":31.2,"out":44,"fan":100}}
2025/09/12 08:34:51Z TRACE [msg.payload] {"id":506,"hb":1390}
2025/09/12 08:34:52Z TRACE [msg.payload] {"id":506,"comp":1,"evap":{"in":26,"out":17.3,"fan":50},"cond":{"in":30.9,"out":43.9,"fan":100}}
2025/09/12 08:34:52Z TRACE [msg.payload] {"id":506,"hb":1391}
2025/09/12 08:34:53Z TRACE [msg.payload] {"id":506,"comp":1,"evap":{"in":25.9,"out":16.9,"fan":50},"cond":{"in":30.8,"out":44.3,"fan":100}}
2025/09/12 08:34:53Z TRACE [msg.payload] {"id":506,"hb":1392}
2025/09/12 08:34:54Z TRACE [msg.payload] {"id":506,"comp":1,"evap":{"in":25.9,"out":17.4,"fan":50},"cond":{"in":31.1,"out":44.3,"fan":100}}
2025/09/12 08:34:54Z TRACE [msg.payload] {"id":506,"hb":1393}
2025/09/12 08:34:55Z TRACE [msg.payload] {"id":506,"comp":1,"evap":{"in":26.3,"out":17,"fan":50},"cond":{"in":30.9,"out":43.8,"fan":100}}
2025/09/12 08:34:55Z TRACE [msg.payload] {"id":506,"hb":1394}
2025/09/12 08:34:56Z TRACE [msg.payload] {"id":506,"comp":1,"evap":{"in":26.3,"out":17.5,"fan":50},"cond":{"in":30.7,"out":44.3,"fan":100}}
2025/09/12 08:34:56Z TRACE [msg.payload] {"id":506,"hb":1395}
2025/09/12 08:34:57Z TRACE [msg.payload] {"id":506,"comp":1,"evap":{"in":25.5,"out":17,"fan":50},"cond":{"in":30.8,"out":43.8,"fan":100}}
2025/09/12 08:34:57Z TRACE [msg.payload] {"id":506,"hb":1396}
2025/09/12 08:34:58Z TRACE [msg.payload] {"id":506,"comp":1,"evap":{"in":25.7,"out":17.2,"fan":50},"cond":{"in":30.6,"out":43.8,"fan":100}}
2025/09/12 08:34:58Z TRACE [msg.payload] {"id":506,"hb":1397}
2025/09/12 08:34:59Z TRACE [msg.payload] {"id":506,"comp":1,"evap":{"in":26.2,"out":16.9,"fan":50},"cond":{"in":31.2,"out":43.9,"fan":100}}
2025/09/12 08:34:59Z TRACE [msg.payload] {"id":506,"hb":1398}
2025/09/12 08:35:00Z TRACE [msg.payload] {"id":506,"comp":1,"evap":{"in":26.3,"out":17,"fan":50},"cond":{"in":31,"out":44.3,"fan":100}}
2025/09/12 08:35:00Z TRACE [msg.payload] {"id":506,"hb":1399}
2025/09/12 08:35:01Z TRACE [msg.payload] {"id":506,"comp":1,"evap":{"in":26.2,"out":16.9,"fan":50},"cond":{"in":30.8,"out":43.9,"fan":100}}
2025/09/12 08:35:01Z TRACE [msg.payload] {"id":506,"hb":1400}
2025/09/12 08:35:02Z TRACE [msg.payload] {"id":506,"comp":1,"evap":{"in":26,"out":17.2,"fan":50},"cond":{"in":30.8,"out":43.8,"fan":100}}
2025/09/12 08:35:02Z TRACE [msg.payload] {"id":506,"hb":1401}
2025/09/12 08:35:03Z TRACE [msg.payload] {"id":506,"comp":1,"evap":{"in":25.9,"out":16.9,"fan":50},"cond":{"in":30.9,"out":44.2,"fan":100}}
2025/09/12 08:35:03Z TRACE [msg.payload] {"id":506,"hb":1402}
2025/09/12 08:35:04Z TRACE [msg.payload] {"id":506,"comp":1,"evap":{"in":25.9,"out":17,"fan":50},"cond":{"in":31,"out":44.2,"fan":100}}
2025/09/12 08:35:04Z TRACE [msg.payload] {"id":506,"hb":1403}
2025/09/12 08:35:05Z TRACE [msg.payload] {"id":506,"comp":1,"evap":{"in":26.2,"out":17.5,"fan":50},"cond":{"in":30.8,"out":44,"fan":100}}
2025/09/12 08:35:05Z TRACE [msg.payload] {"id":506,"hb":1404}
2025/09/12 08:35:06Z TRACE [msg.payload] {"id":506,"comp":1,"evap":{"in":25.9,"out":17.4,"fan":50},"cond":{"in":31.1,"out":44,"fan":100}}
2025/09/12 08:35:06Z TRACE [msg.payload] {"id":506,"hb":1405}
2025/09/12 08:35:07Z TRACE [msg.payload] {"id":506,"comp":1,"evap":{"in":25.9,"out":17,"fan":50},"cond":{"in":30.9,"out":43.8,"fan":100}}
2025/09/12 08:35:07Z TRACE [msg.payload] {"id":506,"hb":1406}
2025/09/12 08:35:08Z TRACE [msg.payload] {"id":506,"comp":1,"evap":{"in":25.9,"out":17.1,"fan":50},"cond":{"in":30.8,"out":43.9,"fan":100}}
2025/09/12 08:35:08Z TRACE [msg.payload] {"id":506,"hb":1407}
2025/09/12 08:35:09Z TRACE [msg.payload] {"id":506,"comp":1,"evap":{"in":25.9,"out":17,"fan":50},"cond":{"in":31.3,"out":44.3,"fan":100}}
2025/09/12 08:35:09Z TRACE [msg.payload] {"id":506,"hb":1408}
2025/09/12 08:35:10Z TRACE [msg.payload] {"id":506,"comp":1,"evap":{"in":26.2,"out":17,"fan":50},"cond":{"in":31.1,"out":44.3,"fan":100}}
2025/09/12 08:35:10Z TRACE [msg.payload] {"id":506,"hb":1409}
2025/09/12 08:35:11Z TRACE [msg.payload] {"id":506,"comp":1,"evap":{"in":24.6,"out":17.4,"fan":50},"cond":{"in":31.1,"out":43.9,"fan":100}}
2025/09/12 08:35:11Z TRACE [msg.payload] {"id":506,"hb":1410}
2025/09/12 08:35:12Z TRACE [msg.payload] {"id":506,"comp":1,"evap":{"in":26.7,"out":17.4,"fan":50},"cond":{"in":30.8,"out":43.9,"fan":100}}
2025/09/12 08:35:12Z TRACE [msg.payload] {"id":506,"hb":1411}
2025/09/12 08:35:13Z TRACE [msg.payload] {"id":506,"comp":1,"evap":{"in":25.9,"out":17,"fan":50},"cond":{"in":30.8,"out":44,"fan":100}}
2025/09/12 08:35:13Z TRACE [msg.payload] {"id":506,"hb":1412}
2025/09/12 08:35:14Z TRACE [msg.payload] {"id":506,"comp":1,"evap":{"in":25.8,"out":16.9,"fan":50},"cond":{"in":31.2,"out":44.1,"fan":100}}
2025/09/12 08:35:14Z TRACE [msg.payload] {"id":506,"hb":1413}
2025/09/12 08:35:15Z TRACE [msg.payload] {"id":506,"comp":1,"evap":{"in":26.2,"out":17.4,"fan":50},"cond":{"in":31.2,"out":42.6,"fan":100}}
2025/09/12 08:35:15Z TRACE [msg.payload] {"id":506,"hb":1414}
2025/09/12 08:35:16Z TRACE [msg.payload] {"id":506,"comp":1,"evap":{"in":25.9,"out":17.2,"fan":50},"cond":{"in":31,"out":44.8,"fan":100}}
2025/09/12 08:35:16Z TRACE [msg.payload] {"id":506,"hb":1415}
2025/09/12 08:35:17Z TRACE [msg.payload] {"id":506,"comp":1,"evap":{"in":25.6,"out":17.4,"fan":50},"cond":{"in":30.8,"out":43.9,"fan":100}}
2025/09/12 08:35:17Z TRACE [msg.payload] {"id":506,"hb":1416}
2025/09/12 08:35:18Z TRACE [msg.payload] {"id":506,"comp":1,"evap":{"in":25.9,"out":17.4,"fan":50},"cond":{"in":30.8,"out":43.9,"fan":100}}
2025/09/12 08:35:18Z TRACE [msg.payload] {"id":506,"hb":1417}
2025/09/12 08:35:19Z TRACE [msg.payload] {"id":506,"comp":1,"evap":{"in":25.8,"out":17,"fan":50},"cond":{"in":30.9,"out":44.3,"fan":100}}
2025/09/12 08:35:19Z TRACE [msg.payload] {"id":506,"hb":1418}
2025/09/12 08:35:20Z TRACE [msg.payload] {"id":506,"comp":1,"evap":{"in":25.7,"out":16.9,"fan":50},"cond":{"in":31.2,"out":44.3,"fan":100}}
2025/09/12 08:35:20Z TRACE [msg.payload] {"id":506,"hb":1419}
2025/09/12 08:35:21Z TRACE [msg.payload] {"id":506,"comp":1,"evap":{"in":26,"out":17.3,"fan":50},"cond":{"in":31.1,"out":44.9,"fan":100}}
2025/09/12 08:35:21Z TRACE [msg.payload] {"id":506,"hb":1420}
2025/09/12 08:35:22Z TRACE [msg.payload] {"id":506,"comp":1,"evap":{"in":26.1,"out":17.6,"fan":50},"cond":{"in":30.9,"out":44,"fan":100}}
2025/09/12 08:35:22Z TRACE [msg.payload] {"id":506,"hb":1421}
2025/09/12 08:35:23Z TRACE [msg.payload] {"id":506,"comp":1,"evap":{"in":25.9,"out":16.9,"fan":50},"cond":{"in":31.1,"out":44.3,"fan":100}}
2025/09/12 08:35:23Z TRACE [msg.payload] {"id":506,"hb":1422}
2025/09/12 08:35:24Z TRACE [msg.payload] {"id":506,"comp":1,"evap":{"in":27,"out":17.2,"fan":50},"cond":{"in":31.1,"out":43.6,"fan":100}}
2025/09/12 08:35:24Z TRACE [msg.payload] {"id":506,"hb":1423}
2025/09/12 08:35:25Z TRACE [msg.payload] {"id":506,"comp":1,"evap":{"in":26,"out":17.4,"fan":50},"cond":{"in":31.1,"out":43.9,"fan":100}}
2025/09/12 08:35:25Z TRACE [msg.payload] {"id":506,"hb":1424}
2025/09/12 08:35:26Z TRACE [msg.payload] {"id":506,"comp":1,"evap":{"in":26.2,"out":17,"fan":50},"cond":{"in":31.1,"out":44.3,"fan":100}}
2025/09/12 08:35:26Z TRACE [msg.payload] {"id":506,"hb":1425}
2025/09/12 08:35:27Z TRACE [msg.payload] {"id":506,"comp":1,"evap":{"in":25.8,"out":17.3,"fan":50},"cond":{"in":31,"out":44.1,"fan":100}}
2025/09/12 08:35:27Z TRACE [msg.payload] {"id":506,"hb":1426}
2025/09/12 08:35:28Z TRACE [msg.payload] {"id":506,"comp":1,"evap":{"in":26.1,"out":17.4,"fan":50},"cond":{"in":30.5,"out":43.9,"fan":100}}
2025/09/12 08:35:28Z TRACE [msg.payload] {"id":506,"hb":1427}
2025/09/12 08:35:29Z TRACE [msg.payload] {"id":506,"comp":1,"evap":{"in":25.8,"out":17.1,"fan":50},"cond":{"in":31.5,"out":44.3,"fan":100}}
2025/09/12 08:35:29Z TRACE [msg.payload] {"id":506,"hb":1428}
2025/09/12 08:35:30Z TRACE [msg.payload] {"id":506,"comp":1,"evap":{"in":25.8,"out":16.9,"fan":50},"cond":{"in":31.5,"out":44,"fan":100}}
2025/09/12 08:35:30Z TRACE [msg.payload] {"id":506,"hb":1429}
2025/09/12 08:35:31Z TRACE [msg.payload] {"id":506,"comp":1,"evap":{"in":26.2,"out":17.6,"fan":50},"cond":{"in":31,"out":43.9,"fan":100}}
2025/09/12 08:35:31Z TRACE [msg.payload] {"id":506,"hb":1430}
2025/09/12 08:35:32Z TRACE [msg.payload] {"id":506,"comp":1,"evap":{"in":26,"out":17.2,"fan":50},"cond":{"in":31,"out":43.9,"fan":100}}
2025/09/12 08:35:32Z TRACE [msg.payload] {"id":506,"hb":1431}
2025/09/12 08:35:33Z TRACE [msg.payload] {"id":506,"comp":1,"evap":{"in":26,"out":16.9,"fan":50},"cond":{"in":30.9,"out":44.7,"fan":100}}
2025/09/12 08:35:33Z TRACE [msg.payload] {"id":506,"hb":1432}
2025/09/12 08:35:34Z TRACE [msg.payload] {"id":506,"comp":1,"evap":{"in":25.6,"out":17,"fan":50},"cond":{"in":30.9,"out":44,"fan":100}}
2025/09/12 08:35:34Z TRACE [msg.payload] {"id":506,"hb":1433}
2025/09/12 08:35:35Z TRACE [msg.payload] {"id":506,"comp":1,"evap":{"in":26.1,"out":17.5,"fan":50},"cond":{"in":31.2,"out":44.2,"fan":100}}
2025/09/12 08:35:35Z TRACE [msg.payload] {"id":506,"hb":1434}
2025/09/12 08:35:36Z TRACE [msg.payload] {"id":506,"comp":1,"evap":{"in":25.9,"out":17.1,"fan":50},"cond":{"in":31,"out":44.2,"fan":100}}
2025/09/12 08:35:36Z TRACE [msg.payload] {"id":506,"hb":1435}
2025/09/12 08:35:37Z TRACE [msg.payload] {"id":506,"comp":1,"evap":{"in":25.9,"out":17.2,"fan":50},"cond":{"in":31.1,"out":44,"fan":100}}
2025/09/12 08:35:37Z TRACE [msg.payload] {"id":506,"hb":1436}
2025/09/12 08:35:38Z TRACE [msg.payload] {"id":506,"comp":1,"evap":{"in":26.2,"out":17.5,"fan":50},"cond":{"in":31.1,"out":44,"fan":100}}
2025/09/12 08:35:38Z TRACE [msg.payload] {"id":506,"hb":1437}
2025/09/12 08:35:39Z TRACE [msg.payload] {"id":506,"comp":1,"evap":{"in":25.8,"out":17,"fan":50},"cond":{"in":31.2,"out":44.3,"fan":100}}
2025/09/12 08:35:39Z TRACE [msg.payload] {"id":506,"hb":1438}
2025/09/12 08:35:40Z TRACE [msg.payload] {"id":506,"comp":1,"evap":{"in":25.7,"out":17,"fan":50},"cond":{"in":31.3,"out":44.1,"fan":100}}
2025/09/12 08:35:40Z TRACE [msg.payload] {"id":506,"hb":1439}
2025/09/12 08:35:41Z TRACE [msg.payload] {"id":506,"comp":1,"evap":{"in":26.3,"out":17.3,"fan":50},"cond":{"in":31.2,"out":44,"fan":100}}
2025/09/12 08:35:41Z TRACE [msg.payload] {"id":506,"hb":1440}
2025/09/12 08:35:42Z TRACE [msg.payload] {"id":506,"comp":1,"evap":{"in":26.2,"out":17.5,"fan":50},"cond":{"in":31.2,"out":44,"fan":100}}
2025/09/12 08:35:42Z TRACE [msg.payload] {"id":506,"hb":1441}
2025/09/12 08:35:43Z TRACE [msg.payload] {"id":506,"comp":1,"evap":{"in":25.9,"out":17.2,"fan":50},"cond":{"in":31.1,"out":44.3,"fan":100}}
2025/09/12 08:35:43Z TRACE [msg.payload] {"id":506,"hb":1442}
2025/09/12 08:35:44Z TRACE [msg.payload] {"id":506,"comp":1,"evap":{"in":25.8,"out":17.3,"fan":50},"cond":{"in":31.1,"out":43.9,"fan":100}}
2025/09/12 08:35:44Z TRACE [msg.payload] {"id":506,"hb":1443}
2025/09/12 08:35:45Z TRACE [msg.payload] {"id":506,"comp":1,"evap":{"in":26.2,"out":17.3,"fan":50},"cond":{"in":31.4,"out":44.3,"fan":100}}
2025/09/12 08:35:45Z TRACE [msg.payload] {"id":506,"hb":1444}
2025/09/12 08:35:46Z TRACE [msg.payload] {"id":506,"comp":1,"evap":{"in":26.3,"out":17.3,"fan":50},"cond":{"in":31.4,"out":44.2,"fan":100}}
2025/09/12 08:35:46Z TRACE [msg.payload] {"id":506,"hb":1445}
2025/09/12 08:35:47Z TRACE [msg.payload] {"id":506,"comp":1,"evap":{"in":26.2,"out":17.5,"fan":50},"cond":{"in":31.2,"out":43.9,"fan":100}}
2025/09/12 08:35:47Z TRACE [msg.payload] {"id":506,"hb":1446}
2025/09/12 08:35:48Z TRACE [msg.payload] {"id":506,"comp":1,"evap":{"in":26.3,"out":17.2,"fan":50},"cond":{"in":30.8,"out":44.3,"fan":100}}
2025/09/12 08:35:48Z TRACE [msg.payload] {"id":506,"hb":1447}
2025/09/12 08:35:49Z TRACE [msg.payload] {"id":506,"comp":1,"evap":{"in":26.1,"out":17.1,"fan":50},"cond":{"in":31.4,"out":44.3,"fan":100}}
2025/09/12 08:35:49Z TRACE [msg.payload] {"id":506,"hb":1448}
2025/09/12 08:35:50Z TRACE [msg.payload] {"id":506,"comp":1,"evap":{"in":30.6,"out":16.9,"fan":50},"cond":{"in":31.3,"out":44.3,"fan":100}}
2025/09/12 08:35:50Z TRACE [msg.payload] {"id":506,"hb":1449}
2025/09/12 08:35:51Z TRACE [msg.payload] {"id":506,"comp":1,"evap":{"in":26.5,"out":17.5,"fan":50},"cond":{"in":31.4,"out":44.3,"fan":100}}
2025/09/12 08:35:51Z TRACE [msg.payload] {"id":506,"hb":1450}
2025/09/12 08:35:52Z TRACE [msg.payload] {"id":506,"comp":1,"evap":{"in":26.3,"out":17.4,"fan":50},"cond":{"in":31.3,"out":43.9,"fan":100}}
2025/09/12 08:35:52Z TRACE [msg.payload] {"id":506,"hb":1451}
2025/09/12 08:35:53Z TRACE [msg.payload] {"id":506,"comp":1,"evap":{"in":25.9,"out":17,"fan":50},"cond":{"in":31,"out":44,"fan":100}}
2025/09/12 08:35:53Z TRACE [msg.payload] {"id":506,"hb":1452}
2025/09/12 08:35:54Z TRACE [msg.payload] {"id":506,"comp":1,"evap":{"in":26,"out":17.5,"fan":50},"cond":{"in":31.1,"out":43.9,"fan":100}}
2025/09/12 08:35:54Z TRACE [msg.payload] {"id":506,"hb":1453}
2025/09/12 08:35:55Z TRACE [msg.payload] {"id":506,"comp":1,"evap":{"in":26.2,"out":17.4,"fan":50},"cond":{"in":31.3,"out":44.3,"fan":100}}
2025/09/12 08:35:55Z TRACE [msg.payload] {"id":506,"hb":1454}
2025/09/12 08:35:56Z TRACE [msg.payload] {"id":506,"comp":1,"evap":{"in":26.1,"out":16.9,"fan":50},"cond":{"in":31.1,"out":43.9,"fan":100}}
2025/09/12 08:35:56Z TRACE [msg.payload] {"id":506,"hb":1455}
2025/09/12 08:35:57Z TRACE [msg.payload] {"id":506,"comp":1,"evap":{"in":26.4,"out":17.4,"fan":50},"cond":{"in":31.4,"out":44,"fan":100}}
2025/09/12 08:35:57Z TRACE [msg.payload] {"id":506,"hb":1456}
2025/09/12 08:35:58Z TRACE [msg.payload] {"id":506,"comp":1,"evap":{"in":26.6,"out":17.3,"fan":50},"cond":{"in":31,"out":44,"fan":100}}
2025/09/12 08:35:58Z TRACE [msg.payload] {"id":506,"hb":1457}
2025/09/12 08:35:59Z TRACE [msg.payload] {"id":506,"comp":1,"evap":{"in":25.8,"out":15.3,"fan":50},"cond":{"in":30.9,"out":44.2,"fan":100}}
2025/09/12 08:35:59Z TRACE [msg.payload] {"id":506,"hb":1458}
2025/09/12 08:36:00Z TRACE [msg.payload] {"id":506,"comp":1,"evap":{"in":25.9,"out":17.3,"fan":50},"cond":{"in":31.1,"out":44,"fan":100}}
2025/09/12 08:36:00Z TRACE [msg.payload] {"id":506,"hb":1459}
2025/09/12 08:36:01Z TRACE [msg.payload] {"id":506,"comp":1,"evap":{"in":26.5,"out":17.5,"fan":50},"cond":{"in":31.4,"out":44,"fan":100}}
2025/09/12 08:36:01Z TRACE [msg.payload] {"id":506,"hb":1460}
2025/09/12 08:36:02Z TRACE [msg.payload] {"id":506,"comp":1,"evap":{"in":26.2,"out":17.6,"fan":50},"cond":{"in":31.2,"out":44.2,"fan":100}}
2025/09/12 08:36:02Z TRACE [msg.payload] {"id":506,"hb":1461}
2025/09/12 08:36:03Z TRACE [msg.payload] {"id":506,"comp":1,"evap":{"in":25.9,"out":16.9,"fan":50},"cond":{"in":30.8,"out":43.3,"fan":100}}
2025/09/12 08:36:03Z TRACE [msg.payload] {"id":506,"hb":1462}
2025/09/12 08:36:04Z TRACE [msg.payload] {"id":506,"comp":1,"evap":{"in":25.9,"out":17.6,"fan":50},"cond":{"in":31,"out":44,"fan":100}}
2025/09/12 08:36:04Z TRACE [msg.payload] {"id":506,"hb":1463}
2025/09/12 08:36:05Z TRACE [msg.payload] {"id":506,"comp":1,"evap":{"in":26.3,"out":17.1,"fan":50},"cond":{"in":31.3,"out":44.3,"fan":100}}
2025/09/12 08:36:05Z TRACE [msg.payload] {"id":506,"hb":1464}
2025/09/12 08:36:06Z TRACE [msg.payload] {"id":506,"comp":1,"evap":{"in":26.3,"out":17.2,"fan":50},"cond":{"in":31.3,"out":44.3,"fan":100}}
2025/09/12 08:36:06Z TRACE [msg.payload] {"id":506,"hb":1465}
2025/09/12 08:36:07Z TRACE [msg.payload] {"id":506,"comp":1,"evap":{"in":26,"out":16.9,"fan":50},"cond":{"in":31.2,"out":43.9,"fan":100}}
2025/09/12 08:36:07Z TRACE [msg.payload] {"id":506,"hb":1466}
2025/09/12 08:36:08Z TRACE [msg.payload] {"id":506,"comp":1,"evap":{"in":26.3,"out":17.3,"fan":50},"cond":{"in":31,"out":44,"fan":100}}
2025/09/12 08:36:08Z TRACE [msg.payload] {"id":506,"hb":1467}
2025/09/12 08:36:09Z TRACE [msg.payload] {"id":506,"comp":1,"evap":{"in":25.6,"out":17.1,"fan":50},"cond":{"in":31,"out":44.2,"fan":100}}
2025/09/12 08:36:09Z TRACE [msg.payload] {"id":506,"hb":1468}
2025/09/12 08:36:10Z TRACE [msg.payload] {"id":506,"comp":1,"evap":{"in":25.9,"out":17.1,"fan":50},"cond":{"in":31.1,"out":44,"fan":100}}
2025/09/12 08:36:10Z TRACE [msg.payload] {"id":506,"hb":1469}
2025/09/12 08:36:11Z TRACE [msg.payload] {"id":506,"comp":1,"evap":{"in":26.3,"out":17.6,"fan":50},"cond":{"in":31.4,"out":44.3,"fan":100}}
2025/09/12 08:36:11Z TRACE [msg.payload] {"id":506,"hb":1470}
2025/09/12 08:36:12Z TRACE [msg.payload] {"id":506,"comp":1,"evap":{"in":26.2,"out":17.5,"fan":50},"cond":{"in":31.5,"out":44.5,"fan":100}}
2025/09/12 08:36:12Z TRACE [msg.payload] {"id":506,"hb":1471}
2025/09/12 08:36:13Z TRACE [msg.payload] {"id":506,"comp":1,"evap":{"in":25.9,"out":17.3,"fan":50},"cond":{"in":30.7,"out":44,"fan":100}}
2025/09/12 08:36:13Z TRACE [msg.payload] {"id":506,"hb":1472}
2025/09/12 08:36:14Z TRACE [msg.payload] {"id":506,"comp":1,"evap":{"in":26,"out":17.5,"fan":50},"cond":{"in":31.2,"out":44,"fan":100}}
2025/09/12 08:36:14Z TRACE [msg.payload] {"id":506,"hb":1473}
2025/09/12 08:36:15Z TRACE [msg.payload] {"id":506,"comp":1,"evap":{"in":25.9,"out":17,"fan":50},"cond":{"in":31.2,"out":44.2,"fan":100}}
2025/09/12 08:36:15Z TRACE [msg.payload] {"id":506,"hb":1474}
2025/09/12 08:36:16Z TRACE [msg.payload] {"id":506,"comp":1,"evap":{"in":26.3,"out":17.3,"fan":50},"cond":{"in":31.4,"out":44.3,"fan":100}}
2025/09/12 08:36:16Z TRACE [msg.payload] {"id":506,"hb":1475}
2025/09/12 08:36:17Z TRACE [msg.payload] {"id":506,"comp":1,"evap":{"in":26.2,"out":17.5,"fan":50},"cond":{"in":31.4,"out":45.7,"fan":100}}
2025/09/12 08:36:17Z TRACE [msg.payload] {"id":506,"hb":1476}
2025/09/12 08:36:18Z TRACE [msg.payload] {"id":506,"comp":1,"evap":{"in":26,"out":17.6,"fan":50},"cond":{"in":31,"out":43.9,"fan":100}}
2025/09/12 08:36:18Z TRACE [msg.payload] {"id":506,"hb":1477}
2025/09/12 08:36:19Z TRACE [msg.payload] {"id":506,"comp":1,"evap":{"in":25.8,"out":16.5,"fan":50},"cond":{"in":30.9,"out":43.9,"fan":100}}
2025/09/12 08:36:19Z TRACE [msg.payload] {"id":506,"hb":1478}
2025/09/12 08:36:20Z TRACE [msg.payload] {"id":506,"comp":1,"evap":{"in":26,"out":17.2,"fan":50},"cond":{"in":31,"out":44.2,"fan":100}}
2025/09/12 08:36:20Z TRACE [msg.payload] {"id":506,"hb":1479}
2025/09/12 08:36:21Z TRACE [msg.payload] {"id":506,"comp":1,"evap":{"in":26.7,"out":16.9,"fan":50},"cond":{"in":31.4,"out":44.2,"fan":100}}
2025/09/12 08:36:21Z TRACE [msg.payload] {"id":506,"hb":1480}
2025/09/12 08:36:22Z TRACE [msg.payload] {"id":506,"comp":1,"evap":{"in":26.2,"out":17.7,"fan":50},"cond":{"in":31.2,"out":44.3,"fan":100}}
2025/09/12 08:36:22Z TRACE [msg.payload] {"id":506,"hb":1481}
2025/09/12 08:36:23Z TRACE [msg.payload] {"id":506,"comp":1,"evap":{"in":25.3,"out":17.5,"fan":50},"cond":{"in":31,"out":43.9,"fan":100}}
2025/09/12 08:36:23Z TRACE [msg.payload] {"id":506,"hb":1482}
2025/09/12 08:36:24Z TRACE [msg.payload] {"id":506,"comp":1,"evap":{"in":25.9,"out":17.4,"fan":50},"cond":{"in":30.8,"out":44.2,"fan":100}}
2025/09/12 08:36:24Z TRACE [msg.payload] {"id":506,"hb":1483}
2025/09/12 08:36:25Z TRACE [msg.payload] {"id":506,"comp":1,"evap":{"in":26,"out":16.9,"fan":50},"cond":{"in":31.1,"out":44.3,"fan":100}}
2025/09/12 08:36:25Z TRACE [msg.payload] {"id":506,"hb":1484}
2025/09/12 08:36:26Z TRACE [msg.payload] {"id":506,"comp":1,"evap":{"in":25.9,"out":17.1,"fan":50},"cond":{"in":31.2,"out":44.3,"fan":100}}
2025/09/12 08:36:26Z TRACE [msg.payload] {"id":506,"hb":1485}
2025/09/12 08:36:27Z TRACE [msg.payload] {"id":506,"comp":1,"evap":{"in":26.3,"out":17.6,"fan":50},"cond":{"in":31.4,"out":44.2,"fan":100}}
2025/09/12 08:36:27Z TRACE [msg.payload] {"id":506,"hb":1486}
2025/09/12 08:36:28Z TRACE [msg.payload] {"id":506,"comp":1,"evap":{"in":26.4,"out":17.3,"fan":50},"cond":{"in":31.3,"out":44.2,"fan":100}}
2025/09/12 08:36:28Z TRACE [msg.payload] {"id":506,"hb":1487}
2025/09/12 08:36:29Z TRACE [msg.payload] {"id":506,"comp":1,"evap":{"in":25.9,"out":17.3,"fan":50},"cond":{"in":30.9,"out":44,"fan":100}}
2025/09/12 08:36:29Z TRACE [msg.payload] {"id":506,"hb":1488}
2025/09/12 08:36:30Z TRACE [msg.payload] {"id":506,"comp":1,"evap":{"in":26,"out":17.2,"fan":50},"cond":{"in":31.1,"out":44,"fan":100}}
2025/09/12 08:36:30Z TRACE [msg.payload] {"id":506,"hb":1489}
2025/09/12 08:36:31Z TRACE [msg.payload] {"id":506,"comp":1,"evap":{"in":26.3,"out":17.2,"fan":50},"cond":{"in":31.4,"out":44.3,"fan":100}}
2025/09/12 08:36:31Z TRACE [msg.payload] {"id":506,"hb":1490}
2025/09/12 08:36:32Z TRACE [msg.payload] {"id":506,"comp":1,"evap":{"in":26.3,"out":20,"fan":50},"cond":{"in":31.4,"out":44.3,"fan":100}}
2025/09/12 08:36:32Z TRACE [msg.payload] {"id":506,"hb":1491}
2025/09/12 08:36:33Z TRACE [msg.payload] {"id":506,"comp":1,"evap":{"in":26.2,"out":17.4,"fan":50},"cond":{"in":31,"out":43.9,"fan":100}}
2025/09/12 08:36:33Z TRACE [msg.payload] {"id":506,"hb":1492}
2025/09/12 08:36:34Z TRACE [msg.payload] {"id":506,"comp":1,"evap":{"in":26.1,"out":17.4,"fan":50},"cond":{"in":31.1,"out":44.1,"fan":100}}
2025/09/12 08:36:34Z TRACE [msg.payload] {"id":506,"hb":1493}
2025/09/12 08:36:35Z TRACE [msg.payload] {"id":506,"comp":1,"evap":{"in":26,"out":17.1,"fan":50},"cond":{"in":31.1,"out":43.6,"fan":100}}
2025/09/12 08:36:35Z TRACE [msg.payload] {"id":506,"hb":1494}
2025/09/12 08:36:36Z TRACE [msg.payload] {"id":506,"comp":1,"evap":{"in":26.1,"out":17.2,"fan":50},"cond":{"in":31.4,"out":44.3,"fan":100}}
2025/09/12 08:36:36Z TRACE [msg.payload] {"id":506,"hb":1495}
2025/09/12 08:36:37Z TRACE [msg.payload] {"id":506,"comp":1,"evap":{"in":26.2,"out":17.6,"fan":50},"cond":{"in":30.7,"out":44,"fan":100}}
2025/09/12 08:36:37Z TRACE [msg.payload] {"id":506,"hb":1496}
2025/09/12 08:36:38Z TRACE [msg.payload] {"id":506,"comp":1,"evap":{"in":26.2,"out":18.5,"fan":50},"cond":{"in":31.3,"out":44.3,"fan":100}}
2025/09/12 08:36:38Z TRACE [msg.payload] {"id":506,"hb":1497}
2025/09/12 08:36:39Z TRACE [msg.payload] {"id":506,"comp":1,"evap":{"in":25.9,"out":16.9,"fan":50},"cond":{"in":31.1,"out":44,"fan":100}}
2025/09/12 08:36:39Z TRACE [msg.payload] {"id":506,"hb":1498}
2025/09/12 08:36:40Z TRACE [msg.payload] {"id":506,"comp":1,"evap":{"in":25.9,"out":17.5,"fan":50},"cond":{"in":30.8,"out":43.4,"fan":100}}
2025/09/12 08:36:40Z TRACE [msg.payload] {"id":506,"hb":1499}
2025/09/12 08:36:41Z TRACE [msg.payload] {"id":506,"comp":1,"evap":{"in":26.1,"out":17.2,"fan":50},"cond":{"in":31.2,"out":44.3,"fan":100}}
2025/09/12 08:36:41Z TRACE [msg.payload] {"id":506,"hb":1500}
2025/09/12 08:36:42Z TRACE [msg.payload] {"id":506,"comp":1,"evap":{"in":26.3,"out":17,"fan":50},"cond":{"in":31.3,"out":44.3,"fan":100}}
2025/09/12 08:36:42Z TRACE [msg.payload] {"id":506,"hb":1501}
2025/09/12 08:36:43Z TRACE [msg.payload] {"id":506,"hb":1502}
2025/09/12 08:36:43Z TRACE [msg.payload] {"id":506,"comp":1,"evap":{"in":26.4,"out":17.7,"fan":50},"cond":{"in":31.1,"out":43.8,"fan":100}}
2025/09/12 08:36:44Z TRACE [msg.payload] {"id":506,"hb":1503}
2025/09/12 08:36:44Z TRACE [msg.payload] {"id":506,"comp":1,"evap":{"in":26,"out":17.4,"fan":50},"cond":{"in":29.4,"out":40.4,"fan":100}}
2025/09/12 08:36:45Z TRACE [msg.payload] {"id":506,"hb":1504}
2025/09/12 08:36:45Z TRACE [msg.payload] {"id":506,"comp":1,"evap":{"in":26,"out":17,"fan":50},"cond":{"in":31.2,"out":44.3,"fan":100}}
2025/09/12 08:36:46Z TRACE [msg.payload] {"id":506,"hb":1505}
2025/09/12 08:36:46Z TRACE [msg.payload] {"id":506,"comp":1,"evap":{"in":26,"out":17.1,"fan":50},"cond":{"in":30.6,"out":44.5,"fan":100}}
2025/09/12 08:36:47Z TRACE [msg.payload] {"id":506,"hb":1506}
2025/09/12 08:36:47Z TRACE [msg.payload] {"id":506,"comp":1,"evap":{"in":26.2,"out":17.9,"fan":50},"cond":{"in":31.2,"out":44.2,"fan":100}}
2025/09/12 08:36:48Z TRACE [msg.payload] {"id":506,"hb":1507}
2025/09/12 08:36:48Z TRACE [msg.payload] {"id":506,"comp":1,"evap":{"in":26,"out":17.6,"fan":50},"cond":{"in":31.2,"out":44.2,"fan":100}}
2025/09/12 08:36:49Z TRACE [msg.payload] {"id":506,"hb":1508}
2025/09/12 08:36:49Z TRACE [msg.payload] {"id":506,"comp":1,"evap":{"in":26,"out":17.1,"fan":50},"cond":{"in":31.1,"out":44.3,"fan":100}}
2025/09/12 08:36:50Z TRACE [msg.payload] {"id":506,"hb":1509}
2025/09/12 08:36:50Z TRACE [msg.payload] {"id":506,"comp":1,"evap":{"in":26.3,"out":17.1,"fan":50},"cond":{"in":31.3,"out":44.2,"fan":100}}
2025/09/12 08:36:51Z TRACE [msg.payload] {"id":506,"hb":1510}
2025/09/12 08:36:51Z TRACE [msg.payload] {"id":506,"comp":1,"evap":{"in":26.3,"out":17.1,"fan":50},"cond":{"in":31.5,"out":44.4,"fan":100}}
2025/09/12 08:36:52Z TRACE [msg.payload] {"id":506,"hb":1511}
2025/09/12 08:36:52Z TRACE [msg.payload] {"id":506,"comp":1,"evap":{"in":25.9,"out":17,"fan":50},"cond":{"in":31.2,"out":44.2,"fan":100}}
2025/09/12 08:36:53Z TRACE [msg.payload] {"id":506,"hb":1512}
2025/09/12 08:36:53Z TRACE [msg.payload] {"id":506,"comp":1,"evap":{"in":26.1,"out":17.6,"fan":50},"cond":{"in":31.4,"out":44.2,"fan":100}}
2025/09/12 08:36:54Z TRACE [msg.payload] {"id":506,"hb":1513}
2025/09/12 08:36:54Z TRACE [msg.payload] {"id":506,"comp":1,"evap":{"in":25.9,"out":17.6,"fan":50},"cond":{"in":31.1,"out":44.3,"fan":100}}
2025/09/12 08:36:55Z TRACE [msg.payload] {"id":506,"hb":1514}
2025/09/12 08:36:55Z TRACE [msg.payload] {"id":506,"comp":1,"evap":{"in":26,"out":17.2,"fan":50},"cond":{"in":31.1,"out":44.2,"fan":100}}
2025/09/12 08:36:56Z TRACE [msg.payload] {"id":506,"hb":1515}
2025/09/12 08:36:56Z TRACE [msg.payload] {"id":506,"comp":1,"evap":{"in":26,"out":17.3,"fan":50},"cond":{"in":31.3,"out":44.5,"fan":100}}
2025/09/12 08:36:57Z TRACE [msg.payload] {"id":506,"hb":1516}
2025/09/12 08:36:57Z TRACE [msg.payload] {"id":506,"comp":1,"evap":{"in":26.2,"out":17.6,"fan":50},"cond":{"in":31.5,"out":44.3,"fan":100}}
2025/09/12 08:36:58Z TRACE [msg.payload] {"id":506,"hb":1517}
2025/09/12 08:36:58Z TRACE [msg.payload] {"id":506,"comp":1,"evap":{"in":26.3,"out":17.3,"fan":50},"cond":{"in":31.5,"out":44.3,"fan":100}}
2025/09/12 08:36:59Z TRACE [msg.payload] {"id":506,"hb":1518}
2025/09/12 08:36:59Z TRACE [msg.payload] {"id":506,"comp":1,"evap":{"in":25.9,"out":17.5,"fan":50},"cond":{"in":31,"out":44.1,"fan":100}}
2025/09/12 08:37:00Z TRACE [msg.payload] {"id":506,"hb":1519}
2025/09/12 08:37:00Z TRACE [msg.payload] {"id":506,"comp":1,"evap":{"in":26.2,"out":17.4,"fan":50},"cond":{"in":30.9,"out":44,"fan":100}}
2025/09/12 08:37:01Z TRACE [msg.payload] {"id":506,"hb":1520}
2025/09/12 08:37:01Z TRACE [msg.payload] {"id":506,"comp":1,"evap":{"in":26.3,"out":17,"fan":50},"cond":{"in":31.4,"out":44.4,"fan":100}}
2025/09/12 08:37:02Z TRACE [msg.payload] {"id":506,"hb":1521}
2025/09/12 08:37:02Z TRACE [msg.payload] {"id":506,"comp":1,"evap":{"in":25.9,"out":17.1,"fan":50},"cond":{"in":31.5,"out":46.8,"fan":100}}
2025/09/12 08:37:03Z TRACE [msg.payload] {"id":506,"hb":1522}
2025/09/12 08:37:03Z TRACE [msg.payload] {"id":506,"comp":1,"evap":{"in":26.2,"out":17.4,"fan":50},"cond":{"in":31.7,"out":44,"fan":100}}
2025/09/12 08:37:04Z TRACE [msg.payload] {"id":506,"hb":1523}
2025/09/12 08:37:04Z TRACE [msg.payload] {"id":506,"comp":1,"evap":{"in":26.2,"out":17.5,"fan":50},"cond":{"in":31.1,"out":44.2,"fan":100}}
2025/09/12 08:37:05Z TRACE [msg.payload] {"id":506,"hb":1524}
2025/09/12 08:37:05Z TRACE [msg.payload] {"id":506,"comp":1,"evap":{"in":26.2,"out":17.2,"fan":50},"cond":{"in":31.1,"out":44.3,"fan":100}}
2025/09/12 08:37:06Z TRACE [msg.payload] {"id":506,"hb":1525}
2025/09/12 08:37:06Z TRACE [msg.payload] {"id":506,"comp":1,"evap":{"in":26.1,"out":17,"fan":50},"cond":{"in":31.2,"out":44.4,"fan":100}}
2025/09/12 08:37:07Z TRACE [msg.payload] {"id":506,"hb":1526}
2025/09/12 08:37:07Z TRACE [msg.payload] {"id":506,"comp":1,"evap":{"in":25.9,"out":17.5,"fan":50},"cond":{"in":31.4,"out":44.3,"fan":100}}
2025/09/12 08:37:08Z TRACE [msg.payload] {"id":506,"hb":1527}
2025/09/12 08:37:08Z TRACE [msg.payload] {"id":506,"comp":1,"evap":{"in":26.3,"out":17.1,"fan":50},"cond":{"in":31.2,"out":44.2,"fan":100}}
2025/09/12 08:37:09Z TRACE [msg.payload] {"id":506,"hb":1528}
2025/09/12 08:37:09Z TRACE [msg.payload] {"id":506,"comp":1,"evap":{"in":26.1,"out":17.5,"fan":50},"cond":{"in":31.2,"out":44.2,"fan":100}}
2025/09/12 08:37:10Z TRACE [msg.payload] {"id":506,"hb":1529}
2025/09/12 08:37:10Z TRACE [msg.payload] {"id":506,"comp":1,"evap":{"in":26.2,"out":17.5,"fan":50},"cond":{"in":31.5,"out":44.1,"fan":100}}
2025/09/12 08:37:11Z TRACE [msg.payload] {"id":506,"hb":1530}
2025/09/12 08:37:11Z TRACE [msg.payload] {"id":506,"comp":1,"evap":{"in":25.9,"out":17.4,"fan":50},"cond":{"in":31.5,"out":44.5,"fan":100}}
2025/09/12 08:37:12Z TRACE [msg.payload] {"id":506,"hb":1531}
2025/09/12 08:37:12Z TRACE [msg.payload] {"id":506,"comp":1,"evap":{"in":25.9,"out":16.9,"fan":50},"cond":{"in":31.2,"out":44.3,"fan":100}}
2025/09/12 08:37:13Z TRACE [msg.payload] {"id":506,"hb":1532}
2025/09/12 08:37:13Z TRACE [msg.payload] {"id":506,"comp":1,"evap":{"in":26.2,"out":17.4,"fan":50},"cond":{"in":31.4,"out":44.2,"fan":100}}
2025/09/12 08:37:14Z TRACE [msg.payload] {"id":506,"hb":1533}
2025/09/12 08:37:14Z TRACE [msg.payload] {"id":506,"comp":1,"evap":{"in":26.1,"out":17.5,"fan":50},"cond":{"in":31.1,"out":44.1,"fan":100}}
2025/09/12 08:37:15Z TRACE [msg.payload] {"id":506,"hb":1534}
2025/09/12 08:37:15Z TRACE [msg.payload] {"id":506,"comp":1,"evap":{"in":25.9,"out":17,"fan":50},"cond":{"in":30.9,"out":40.8,"fan":100}}
2025/09/12 08:37:16Z TRACE [msg.payload] {"id":506,"hb":1535}
2025/09/12 08:37:16Z TRACE [msg.payload] {"id":506,"comp":1,"evap":{"in":25.7,"out":17.1,"fan":50},"cond":{"in":31.1,"out":44.4,"fan":100}}
2025/09/12 08:37:17Z TRACE [msg.payload] {"id":506,"hb":1536}
2025/09/12 08:37:17Z TRACE [msg.payload] {"id":506,"comp":1,"evap":{"in":26.3,"out":17.3,"fan":50},"cond":{"in":31.5,"out":44.5,"fan":100}}
2025/09/12 08:37:18Z TRACE [msg.payload] {"id":506,"hb":1537}
2025/09/12 08:37:18Z TRACE [msg.payload] {"id":506,"comp":1,"evap":{"in":26.3,"out":17.5,"fan":50},"cond":{"in":31.4,"out":44.5,"fan":100}}
2025/09/12 08:37:19Z TRACE [msg.payload] {"id":506,"hb":1538}
2025/09/12 08:37:19Z TRACE [msg.payload] {"id":506,"comp":1,"evap":{"in":26.1,"out":17.6,"fan":50},"cond":{"in":31,"out":44.2,"fan":100}}
2025/09/12 08:37:20Z TRACE [msg.payload] {"id":506,"hb":1539}
2025/09/12 08:37:20Z TRACE [msg.payload] {"id":506,"comp":1,"evap":{"in":26.2,"out":17.4,"fan":50},"cond":{"in":31.1,"out":44.1,"fan":100}}
2025/09/12 08:37:21Z TRACE [msg.payload] {"id":506,"hb":1540}
2025/09/12 08:37:21Z TRACE [msg.payload] {"id":506,"comp":1,"evap":{"in":25.9,"out":17.1,"fan":50},"cond":{"in":31,"out":44.3,"fan":100}}
2025/09/12 08:37:22Z TRACE [msg.payload] {"id":506,"hb":1541}
2025/09/12 08:37:22Z TRACE [msg.payload] {"id":506,"comp":1,"evap":{"in":26,"out":16.9,"fan":50},"cond":{"in":31.4,"out":44.1,"fan":100}}
2025/09/12 08:37:23Z TRACE [msg.payload] {"id":506,"hb":1542}
2025/09/12 08:37:23Z TRACE [msg.payload] {"id":506,"comp":1,"evap":{"in":26.2,"out":17.5,"fan":50},"cond":{"in":31.4,"out":44,"fan":100}}
2025/09/12 08:37:24Z TRACE [msg.payload] {"id":506,"hb":1543}
2025/09/12 08:37:24Z TRACE [msg.payload] {"id":506,"comp":1,"evap":{"in":26.2,"out":17.6,"fan":50},"cond":{"in":31.1,"out":44,"fan":100}}
2025/09/12 08:37:25Z TRACE [msg.payload] {"id":506,"hb":1544}
2025/09/12 08:37:25Z TRACE [msg.payload] {"id":506,"comp":1,"evap":{"in":25.9,"out":16.9,"fan":50},"cond":{"in":30.9,"out":44.3,"fan":100}}
2025/09/12 08:37:26Z TRACE [msg.payload] {"id":506,"hb":1545}
2025/09/12 08:37:26Z TRACE [msg.payload] {"id":506,"comp":1,"evap":{"in":26.3,"out":17.5,"fan":50},"cond":{"in":31.2,"out":44.2,"fan":100}}
2025/09/12 08:37:27Z TRACE [msg.payload] {"id":506,"hb":1546}
2025/09/12 08:37:27Z TRACE [msg.payload] {"id":506,"comp":1,"evap":{"in":26.5,"out":17.2,"fan":50},"cond":{"in":31.6,"out":44.6,"fan":100}}
2025/09/12 08:37:28Z TRACE [msg.payload] {"id":506,"hb":1547}
2025/09/12 08:37:28Z TRACE [msg.payload] {"id":506,"comp":1,"evap":{"in":26.2,"out":17.2,"fan":50},"cond":{"in":31.3,"out":44.4,"fan":100}}
2025/09/12 08:37:29Z TRACE [msg.payload] {"id":506,"hb":1548}
2025/09/12 08:37:29Z TRACE [msg.payload] {"id":506,"comp":1,"evap":{"in":25.9,"out":17.5,"fan":50},"cond":{"in":32.9,"out":44.2,"fan":100}}
2025/09/12 08:37:30Z TRACE [msg.payload] {"id":506,"hb":1549}
2025/09/12 08:37:30Z TRACE [msg.payload] {"id":506,"comp":1,"evap":{"in":26.2,"out":17.6,"fan":50},"cond":{"in":31.1,"out":44.1,"fan":100}}
2025/09/12 08:37:31Z TRACE [msg.payload] {"id":506,"hb":1550}
2025/09/12 08:37:31Z TRACE [msg.payload] {"id":506,"comp":1,"evap":{"in":25.9,"out":17.1,"fan":50},"cond":{"in":31.5,"out":44.3,"fan":100}}
2025/09/12 08:37:32Z TRACE [msg.payload] {"id":506,"hb":1551}
2025/09/12 08:37:32Z TRACE [msg.payload] {"id":506,"comp":1,"evap":{"in":26,"out":17,"fan":50},"cond":{"in":31.3,"out":44.3,"fan":100}}
2025/09/12 08:37:33Z TRACE [msg.payload] {"id":506,"hb":1552}
2025/09/12 08:37:33Z TRACE [msg.payload] {"id":506,"comp":1,"evap":{"in":26.1,"out":17.6,"fan":50},"cond":{"in":31.5,"out":40.3,"fan":100}}
2025/09/12 08:37:34Z TRACE [msg.payload] {"id":506,"hb":1553}
2025/09/12 08:37:34Z TRACE [msg.payload] {"id":506,"comp":1,"evap":{"in":26.5,"out":17.6,"fan":50},"cond":{"in":31.4,"out":45.1,"fan":100}}
2025/09/12 08:37:35Z TRACE [msg.payload] {"id":506,"hb":1554}
2025/09/12 08:37:35Z TRACE [msg.payload] {"id":506,"comp":1,"evap":{"in":26.1,"out":17.9,"fan":50},"cond":{"in":31,"out":44,"fan":100}}
2025/09/12 08:37:36Z TRACE [msg.payload] {"id":506,"hb":1555}
2025/09/12 08:37:36Z TRACE [msg.payload] {"id":506,"comp":1,"evap":{"in":26.5,"out":17.4,"fan":50},"cond":{"in":31.5,"out":44.2,"fan":100}}
2025/09/12 08:37:37Z TRACE [msg.payload] {"id":506,"hb":1556}
2025/09/12 08:37:37Z TRACE [msg.payload] {"id":506,"comp":1,"evap":{"in":26.4,"out":17,"fan":50},"cond":{"in":31.5,"out":44.3,"fan":100}}
2025/09/12 08:37:38Z TRACE [msg.payload] {"id":506,"hb":1557}
2025/09/12 08:37:38Z TRACE [msg.payload] {"id":506,"comp":1,"evap":{"in":26.4,"out":17.2,"fan":50},"cond":{"in":31.3,"out":44.2,"fan":100}}
2025/09/12 08:37:39Z TRACE [msg.payload] {"id":506,"hb":1558}
2025/09/12 08:37:39Z TRACE [msg.payload] {"id":506,"comp":1,"evap":{"in":26.3,"out":17.4,"fan":50},"cond":{"in":31.4,"out":44.2,"fan":100}}
2025/09/12 08:37:40Z TRACE [msg.payload] {"id":506,"hb":1559}
2025/09/12 08:37:40Z TRACE [msg.payload] {"id":506,"comp":1,"evap":{"in":26.1,"out":17.6,"fan":50},"cond":{"in":31,"out":44.2,"fan":100}}
2025/09/12 08:37:41Z TRACE [msg.payload] {"id":506,"hb":1560}
2025/09/12 08:37:41Z TRACE [msg.payload] {"id":506,"comp":1,"evap":{"in":26,"out":17,"fan":50},"cond":{"in":32.3,"out":44.5,"fan":100}}
2025/09/12 08:37:42Z TRACE [msg.payload] {"id":506,"hb":1561}
2025/09/12 08:37:42Z TRACE [msg.payload] {"id":506,"comp":1,"evap":{"in":26,"out":17.2,"fan":50},"cond":{"in":31.5,"out":44.5,"fan":100}}
2025/09/12 08:37:43Z TRACE [msg.payload] {"id":506,"hb":1562}
2025/09/12 08:37:43Z TRACE [msg.payload] {"id":506,"comp":1,"evap":{"in":26.4,"out":17.5,"fan":50},"cond":{"in":31.5,"out":44.5,"fan":100}}
2025/09/12 08:37:44Z TRACE [msg.payload] {"id":506,"hb":1563}
2025/09/12 08:37:44Z TRACE [msg.payload] {"id":506,"comp":1,"evap":{"in":26.5,"out":17.6,"fan":50},"cond":{"in":31.3,"out":44.3,"fan":100}}
2025/09/12 08:37:45Z TRACE [msg.payload] {"id":506,"hb":1564}
2025/09/12 08:37:45Z TRACE [msg.payload] {"id":506,"comp":1,"evap":{"in":25.9,"out":17.4,"fan":50},"cond":{"in":30.8,"out":44.2,"fan":100}}
2025/09/12 08:37:46Z TRACE [msg.payload] {"id":506,"hb":1565}
2025/09/12 08:37:46Z TRACE [msg.payload] {"id":506,"comp":1,"evap":{"in":26.3,"out":16.2,"fan":50},"cond":{"in":31.2,"out":44.3,"fan":100}}
2025/09/12 08:37:47Z TRACE [msg.payload] {"id":506,"hb":1566}
2025/09/12 08:37:47Z TRACE [msg.payload] {"id":506,"comp":1,"evap":{"in":25.9,"out":17.1,"fan":50},"cond":{"in":31.4,"out":44.3,"fan":100}}
2025/09/12 08:37:48Z TRACE [msg.payload] {"id":506,"hb":1567}
2025/09/12 08:37:48Z TRACE [msg.payload] {"id":506,"comp":1,"evap":{"in":26.2,"out":17,"fan":50},"cond":{"in":31.2,"out":44.2,"fan":100}}
2025/09/12 08:37:49Z TRACE [msg.payload] {"id":506,"hb":1568}
2025/09/12 08:37:49Z TRACE [msg.payload] {"id":506,"comp":1,"evap":{"in":26.2,"out":17.5,"fan":50},"cond":{"in":31.7,"out":44.3,"fan":100}}
2025/09/12 08:37:50Z TRACE [msg.payload] {"id":506,"hb":1569}
2025/09/12 08:37:50Z TRACE [msg.payload] {"id":506,"comp":1,"evap":{"in":26,"out":17.2,"fan":50},"cond":{"in":31.2,"out":44.1,"fan":100}}
2025/09/12 08:37:51Z TRACE [msg.payload] {"id":506,"hb":1570}
2025/09/12 08:37:51Z TRACE [msg.payload] {"id":506,"comp":1,"evap":{"in":26.1,"out":17.2,"fan":50},"cond":{"in":31.2,"out":44.6,"fan":100}}
2025/09/12 08:37:52Z TRACE [msg.payload] {"id":506,"hb":1571}
2025/09/12 08:37:52Z TRACE [msg.payload] {"id":506,"comp":1,"evap":{"in":26,"out":17.2,"fan":50},"cond":{"in":31.3,"out":44.6,"fan":100}}
2025/09/12 08:37:53Z TRACE [msg.payload] {"id":506,"hb":1572}
2025/09/12 08:37:53Z TRACE [msg.payload] {"id":506,"comp":1,"evap":{"in":26.3,"out":17.6,"fan":50},"cond":{"in":31.4,"out":45.7,"fan":100}}
2025/09/12 08:37:54Z TRACE [msg.payload] {"id":506,"hb":1573}
2025/09/12 08:37:54Z TRACE [msg.payload] {"id":506,"comp":1,"evap":{"in":25.9,"out":16.9,"fan":50},"cond":{"in":31,"out":43.9,"fan":100}}
2025/09/12 08:37:55Z TRACE [msg.payload] {"id":506,"hb":1574}
2025/09/12 08:37:55Z TRACE [msg.payload] {"id":506,"comp":1,"evap":{"in":26.1,"out":17.6,"fan":50},"cond":{"in":31.1,"out":44.3,"fan":100}}
2025/09/12 08:37:56Z TRACE [msg.payload] {"id":506,"hb":1575}
2025/09/12 08:37:56Z TRACE [msg.payload] {"id":506,"comp":1,"evap":{"in":26.4,"out":17.5,"fan":50},"cond":{"in":31.5,"out":44.2,"fan":100}}
2025/09/12 08:37:57Z TRACE [msg.payload] {"id":506,"hb":1576}
2025/09/12 08:37:57Z TRACE [msg.payload] {"id":506,"comp":1,"evap":{"in":25.9,"out":17.3,"fan":50},"cond":{"in":31.4,"out":44.4,"fan":100}}
2025/09/12 08:37:58Z TRACE [msg.payload] {"id":506,"hb":1577}
2025/09/12 08:37:58Z TRACE [msg.payload] {"id":506,"comp":1,"evap":{"in":26.3,"out":17.2,"fan":50},"cond":{"in":31.4,"out":44.4,"fan":100}}
2025/09/12 08:37:59Z TRACE [msg.payload] {"id":506,"hb":1578}
2025/09/12 08:37:59Z TRACE [msg.payload] {"id":506,"comp":1,"evap":{"in":26.4,"out":17.5,"fan":50},"cond":{"in":31.4,"out":44.3,"fan":100}}
2025/09/12 08:38:00Z TRACE [msg.payload] {"id":506,"hb":1579}
2025/09/12 08:38:00Z TRACE [msg.payload] {"id":506,"comp":1,"evap":{"in":26.4,"out":17.6,"fan":50},"cond":{"in":30.6,"out":44.4,"fan":100}}
2025/09/12 08:38:01Z TRACE [msg.payload] {"id":506,"hb":1580}
2025/09/12 08:38:01Z TRACE [msg.payload] {"id":506,"comp":1,"evap":{"in":25.9,"out":17.1,"fan":50},"cond":{"in":31.2,"out":44.4,"fan":100}}
2025/09/12 08:38:02Z TRACE [msg.payload] {"id":506,"hb":1581}
2025/09/12 08:38:02Z TRACE [msg.payload] {"id":506,"comp":1,"evap":{"in":25.9,"out":17,"fan":50},"cond":{"in":31.5,"out":44.4,"fan":100}}
2025/09/12 08:38:03Z TRACE [msg.payload] {"id":506,"hb":1582}
2025/09/12 08:38:03Z TRACE [msg.payload] {"id":506,"comp":1,"evap":{"in":26.5,"out":17.2,"fan":50},"cond":{"in":31.5,"out":44.4,"fan":100}}
2025/09/12 08:38:04Z TRACE [msg.payload] {"id":506,"hb":1583}
2025/09/12 08:38:04Z TRACE [msg.payload] {"id":506,"comp":1,"evap":{"in":26.4,"out":17.5,"fan":50},"cond":{"in":31.3,"out":44.5,"fan":100}}
2025/09/12 08:38:05Z TRACE [msg.payload] {"id":506,"hb":1584}
2025/09/12 08:38:05Z TRACE [msg.payload] {"id":506,"comp":1,"evap":{"in":28,"out":17.6,"fan":50},"cond":{"in":31.1,"out":44.3,"fan":100}}
2025/09/12 08:38:06Z TRACE [msg.payload] {"id":506,"hb":1585}
2025/09/12 08:38:06Z TRACE [msg.payload] {"id":506,"comp":1,"evap":{"in":25.6,"out":17.5,"fan":50},"cond":{"in":30.9,"out":44.3,"fan":100}}
2025/09/12 08:38:07Z TRACE [msg.payload] {"id":506,"hb":1586}
2025/09/12 08:38:07Z TRACE [msg.payload] {"id":506,"comp":1,"evap":{"in":25.9,"out":17.2,"fan":50},"cond":{"in":31.5,"out":44.6,"fan":100}}
2025/09/12 08:38:08Z TRACE [msg.payload] {"id":506,"hb":1587}
2025/09/12 08:38:08Z TRACE [msg.payload] {"id":506,"comp":1,"evap":{"in":26.2,"out":17.4,"fan":50},"cond":{"in":31.5,"out":44.5,"fan":100}}
2025/09/12 08:38:09Z TRACE [msg.payload] {"id":506,"hb":1588}
2025/09/12 08:38:09Z TRACE [msg.payload] {"id":506,"comp":1,"evap":{"in":26.5,"out":17.5,"fan":50},"cond":{"in":31.1,"out":46.3,"fan":100}}
2025/09/12 08:38:10Z TRACE [msg.payload] {"id":506,"hb":1589}
2025/09/12 08:38:10Z TRACE [msg.payload] {"id":506,"comp":1,"evap":{"in":26.5,"out":17.6,"fan":50},"cond":{"in":31.5,"out":44,"fan":100}}
2025/09/12 08:38:11Z TRACE [msg.payload] {"id":506,"hb":1590}
2025/09/12 08:38:11Z TRACE [msg.payload] {"id":506,"comp":1,"evap":{"in":25.9,"out":16.9,"fan":50},"cond":{"in":31.2,"out":44.1,"fan":100}}
2025/09/12 08:38:12Z TRACE [msg.payload] {"id":506,"hb":1591}
2025/09/12 08:38:12Z TRACE [msg.payload] {"id":506,"comp":1,"evap":{"in":25.9,"out":17,"fan":50},"cond":{"in":31.2,"out":44.4,"fan":100}}
2025/09/12 08:38:13Z TRACE [msg.payload] {"id":506,"hb":1592}
2025/09/12 08:38:13Z TRACE [msg.payload] {"id":506,"comp":1,"evap":{"in":26.2,"out":17.6,"fan":50},"cond":{"in":31.4,"out":44.5,"fan":100}}
2025/09/12 08:38:14Z TRACE [msg.payload] {"id":506,"hb":1593}
2025/09/12 08:38:14Z TRACE [msg.payload] {"id":506,"comp":1,"evap":{"in":26.4,"out":17.4,"fan":50},"cond":{"in":31.5,"out":44.5,"fan":100}}
2025/09/12 08:38:15Z TRACE [msg.payload] {"id":506,"hb":1594}
2025/09/12 08:38:15Z TRACE [msg.payload] {"id":506,"comp":1,"evap":{"in":25.9,"out":17.4,"fan":50},"cond":{"in":31.1,"out":44.2,"fan":100}}
2025/09/12 08:38:16Z TRACE [msg.payload] {"id":506,"hb":1595}
2025/09/12 08:38:16Z TRACE [msg.payload] {"id":506,"comp":1,"evap":{"in":26.2,"out":17.5,"fan":50},"cond":{"in":31.1,"out":44.3,"fan":100}}
2025/09/12 08:38:17Z TRACE [msg.payload] {"id":506,"hb":1596}
2025/09/12 08:38:17Z TRACE [msg.payload] {"id":506,"comp":1,"evap":{"in":26,"out":17.2,"fan":50},"cond":{"in":31.2,"out":44.4,"fan":100}}
2025/09/12 08:38:18Z TRACE [msg.payload] {"id":506,"hb":1597}
2025/09/12 08:38:18Z TRACE [msg.payload] {"id":506,"comp":1,"evap":{"in":25.9,"out":17.2,"fan":50},"cond":{"in":31.1,"out":44.3,"fan":100}}
2025/09/12 08:38:19Z TRACE [msg.payload] {"id":506,"hb":1598}
2025/09/12 08:38:19Z TRACE [msg.payload] {"id":506,"comp":1,"evap":{"in":26.5,"out":17.5,"fan":50},"cond":{"in":31.4,"out":44.3,"fan":100}}
2025/09/12 08:38:20Z TRACE [msg.payload] {"id":506,"hb":1599}
2025/09/12 08:38:20Z TRACE [msg.payload] {"id":506,"comp":1,"evap":{"in":26.5,"out":17.5,"fan":50},"cond":{"in":31.5,"out":44.4,"fan":100}}
2025/09/12 08:38:21Z TRACE [msg.payload] {"id":506,"hb":1600}
2025/09/12 08:38:21Z TRACE [msg.payload] {"id":506,"comp":1,"evap":{"in":25.9,"out":16.9,"fan":50},"cond":{"in":31.2,"out":44.3,"fan":100}}
2025/09/12 08:38:22Z TRACE [msg.payload] {"id":506,"hb":1601}
2025/09/12 08:38:22Z TRACE [msg.payload] {"id":506,"comp":1,"evap":{"in":26.2,"out":17.1,"fan":50},"cond":{"in":31.3,"out":44.3,"fan":100}}
2025/09/12 08:38:23Z TRACE [msg.payload] {"id":506,"hb":1602}
2025/09/12 08:38:23Z TRACE [msg.payload] {"id":506,"comp":1,"evap":{"in":26.5,"out":17.8,"fan":50},"cond":{"in":31.6,"out":44.3,"fan":100}}
2025/09/12 08:38:24Z TRACE [msg.payload] {"id":506,"hb":1603}
2025/09/12 08:38:24Z TRACE [msg.payload] {"id":506,"comp":1,"evap":{"in":26.2,"out":17,"fan":50},"cond":{"in":31.4,"out":44.6,"fan":100}}
2025/09/12 08:38:25Z TRACE [msg.payload] {"id":506,"hb":1604}
2025/09/12 08:38:25Z TRACE [msg.payload] {"id":506,"comp":1,"evap":{"in":26.6,"out":17.5,"fan":50},"cond":{"in":31.2,"out":44.2,"fan":100}}
2025/09/12 08:38:26Z TRACE [msg.payload] {"id":506,"hb":1605}
2025/09/12 08:38:26Z TRACE [msg.payload] {"id":506,"comp":1,"evap":{"in":26.5,"out":17.5,"fan":50},"cond":{"in":31.2,"out":44.4,"fan":100}}
2025/09/12 08:38:27Z TRACE [msg.payload] {"id":506,"hb":1606}
2025/09/12 08:38:27Z TRACE [msg.payload] {"id":506,"comp":1,"evap":{"in":26,"out":17.2,"fan":50},"cond":{"in":31,"out":44.5,"fan":100}}
2025/09/12 08:38:28Z TRACE [msg.payload] {"id":506,"hb":1607}
2025/09/12 08:38:28Z TRACE [msg.payload] {"id":506,"comp":1,"evap":{"in":26.2,"out":17,"fan":50},"cond":{"in":31.6,"out":44.6,"fan":100}}
2025/09/12 08:38:29Z TRACE [msg.payload] {"id":506,"hb":1608}
2025/09/12 08:38:29Z TRACE [msg.payload] {"id":506,"comp":1,"evap":{"in":26.6,"out":17.6,"fan":50},"cond":{"in":31.5,"out":44.5,"fan":100}}
2025/09/12 08:38:30Z TRACE [msg.payload] {"id":506,"hb":1609}
2025/09/12 08:38:30Z TRACE [msg.payload] {"id":506,"comp":1,"evap":{"in":26.3,"out":17.4,"fan":50},"cond":{"in":31.5,"out":44.3,"fan":100}}
2025/09/12 08:38:31Z TRACE [msg.payload] {"id":506,"hb":1610}
2025/09/12 08:38:31Z TRACE [msg.payload] {"id":506,"comp":1,"evap":{"in":25.9,"out":17.3,"fan":50},"cond":{"in":31.3,"out":44.3,"fan":100}}
2025/09/12 08:38:32Z TRACE [msg.payload] {"id":506,"hb":1611}
2025/09/12 08:38:32Z TRACE [msg.payload] {"id":506,"comp":1,"evap":{"in":26,"out":17.4,"fan":50},"cond":{"in":31.2,"out":44.4,"fan":100}}
2025/09/12 08:38:33Z TRACE [msg.payload] {"id":506,"hb":1612}
2025/09/12 08:38:33Z TRACE [msg.payload] {"id":506,"comp":1,"evap":{"in":26.3,"out":17.1,"fan":50},"cond":{"in":31.5,"out":44.7,"fan":100}}
2025/09/12 08:38:34Z TRACE [msg.payload] {"id":506,"hb":1613}
2025/09/12 08:38:34Z TRACE [msg.payload] {"id":506,"comp":1,"evap":{"in":26.9,"out":16.9,"fan":50},"cond":{"in":31.5,"out":47.7,"fan":100}}
2025/09/12 08:38:35Z TRACE [msg.payload] {"id":506,"hb":1614}
2025/09/12 08:38:35Z TRACE [msg.payload] {"id":506,"comp":1,"evap":{"in":26.5,"out":17.6,"fan":50},"cond":{"in":31.4,"out":44.3,"fan":100}}
2025/09/12 08:38:36Z TRACE [msg.payload] {"id":506,"hb":1615}
2025/09/12 08:38:36Z TRACE [msg.payload] {"id":506,"comp":1,"evap":{"in":26.3,"out":17.5,"fan":50},"cond":{"in":31.3,"out":44.1,"fan":100}}
2025/09/12 08:38:37Z TRACE [msg.payload] {"id":506,"hb":1616}
2025/09/12 08:38:37Z TRACE [msg.payload] {"id":506,"comp":1,"evap":{"in":26,"out":17.1,"fan":50},"cond":{"in":31.1,"out":44.5,"fan":100}}
2025/09/12 08:38:38Z TRACE [msg.payload] {"id":506,"hb":1617}
2025/09/12 08:38:38Z TRACE [msg.payload] {"id":506,"comp":1,"evap":{"in":26,"out":17.1,"fan":50},"cond":{"in":31.5,"out":45.1,"fan":100}}
2025/09/12 08:38:39Z TRACE [msg.payload] {"id":506,"hb":1618}
2025/09/12 08:38:39Z TRACE [msg.payload] {"id":506,"comp":1,"evap":{"in":26.3,"out":17.4,"fan":50},"cond":{"in":31.1,"out":43.9,"fan":100}}
2025/09/12 08:38:40Z TRACE [msg.payload] {"id":506,"hb":1619}
2025/09/12 08:38:40Z TRACE [msg.payload] {"id":506,"comp":1,"evap":{"in":26.4,"out":17.1,"fan":50},"cond":{"in":31.5,"out":44.4,"fan":100}}
2025/09/12 08:38:41Z TRACE [msg.payload] {"id":506,"hb":1620}
2025/09/12 08:38:41Z TRACE [msg.payload] {"id":506,"comp":1,"evap":{"in":26,"out":17.1,"fan":50},"cond":{"in":31.3,"out":44.3,"fan":100}}
2025/09/12 08:38:42Z TRACE [msg.payload] {"id":506,"hb":1621}
2025/09/12 08:38:42Z TRACE [msg.payload] {"id":506,"comp":1,"evap":{"in":26.2,"out":17.6,"fan":50},"cond":{"in":31.4,"out":44.3,"fan":100}}
2025/09/12 08:38:43Z TRACE [msg.payload] {"id":506,"hb":1622}
2025/09/12 08:38:43Z TRACE [msg.payload] {"id":506,"comp":1,"evap":{"in":26.5,"out":17.2,"fan":50},"cond":{"in":31.3,"out":44.5,"fan":100}}
2025/09/12 08:38:44Z TRACE [msg.payload] {"id":506,"hb":1623}
2025/09/12 08:38:44Z TRACE [msg.payload] {"id":506,"comp":1,"evap":{"in":26.1,"out":17.1,"fan":50},"cond":{"in":31.5,"out":44.5,"fan":100}}
2025/09/12 08:38:45Z TRACE [msg.payload] {"id":506,"hb":1624}
2025/09/12 08:38:45Z TRACE [msg.payload] {"id":506,"comp":1,"evap":{"in":26.3,"out":17.5,"fan":50},"cond":{"in":31.5,"out":44.4,"fan":100}}
2025/09/12 08:38:46Z TRACE [msg.payload] {"id":506,"hb":1625}
2025/09/12 08:38:46Z TRACE [msg.payload] {"id":506,"comp":1,"evap":{"in":26.5,"out":16.9,"fan":50},"cond":{"in":31.2,"out":44.4,"fan":100}}
2025/09/12 08:38:47Z TRACE [msg.payload] {"id":506,"hb":1626}
2025/09/12 08:38:47Z TRACE [msg.payload] {"id":506,"comp":1,"evap":{"in":26.2,"out":17.2,"fan":50},"cond":{"in":31.5,"out":44.5,"fan":100}}
2025/09/12 08:38:48Z TRACE [msg.payload] {"id":506,"hb":1627}
2025/09/12 08:38:48Z TRACE [msg.payload] {"id":506,"comp":1,"evap":{"in":26.1,"out":17.2,"fan":50},"cond":{"in":31.7,"out":44.5,"fan":100}}
2025/09/12 08:38:49Z TRACE [msg.payload] {"id":506,"hb":1628}
2025/09/12 08:38:49Z TRACE [msg.payload] {"id":506,"comp":1,"evap":{"in":26.5,"out":17.6,"fan":50},"cond":{"in":31.4,"out":44.7,"fan":100}}
2025/09/12 08:38:50Z TRACE [msg.payload] {"id":506,"hb":1629}
2025/09/12 08:38:50Z TRACE [msg.payload] {"id":506,"comp":1,"evap":{"in":26.5,"out":17.2,"fan":50},"cond":{"in":31.3,"out":44.6,"fan":100}}
2025/09/12 08:38:51Z TRACE [msg.payload] {"id":506,"hb":1630}
2025/09/12 08:38:51Z TRACE [msg.payload] {"id":506,"comp":1,"evap":{"in":25.9,"out":17.5,"fan":50},"cond":{"in":31.2,"out":44.3,"fan":100}}
2025/09/12 08:38:52Z TRACE [msg.payload] {"id":506,"hb":1631}
2025/09/12 08:38:52Z TRACE [msg.payload] {"id":506,"comp":1,"evap":{"in":26.5,"out":17.6,"fan":50},"cond":{"in":31.1,"out":44.3,"fan":100}}
2025/09/12 08:38:53Z TRACE [msg.payload] {"id":506,"hb":1632}
2025/09/12 08:38:53Z TRACE [msg.payload] {"id":506,"comp":1,"evap":{"in":26.5,"out":17.1,"fan":50},"cond":{"in":31.5,"out":44.4,"fan":100}}
2025/09/12 08:38:54Z TRACE [msg.payload] {"id":506,"hb":1633}
2025/09/12 08:38:54Z TRACE [msg.payload] {"id":506,"comp":1,"evap":{"in":26.4,"out":17.4,"fan":50},"cond":{"in":31.3,"out":44.3,"fan":100}}
2025/09/12 08:38:55Z TRACE [msg.payload] {"id":506,"hb":1634}
2025/09/12 08:38:55Z TRACE [msg.payload] {"id":506,"comp":1,"evap":{"in":26.2,"out":17.6,"fan":50},"cond":{"in":31.5,"out":44.3,"fan":100}}
2025/09/12 08:38:56Z TRACE [msg.payload] {"id":506,"hb":1635}
2025/09/12 08:38:56Z TRACE [msg.payload] {"id":506,"comp":1,"evap":{"in":26,"out":17.6,"fan":50},"cond":{"in":31.4,"out":44.2,"fan":100}}
2025/09/12 08:38:57Z TRACE [msg.payload] {"id":506,"hb":1636}
2025/09/12 08:38:57Z TRACE [msg.payload] {"id":506,"comp":1,"evap":{"in":26.1,"out":17,"fan":50},"cond":{"in":31.2,"out":44.6,"fan":100}}
2025/09/12 08:38:58Z TRACE [msg.payload] {"id":506,"hb":1637}
2025/09/12 08:38:58Z TRACE [msg.payload] {"id":506,"comp":1,"evap":{"in":25.9,"out":17.3,"fan":50},"cond":{"in":31.4,"out":44.3,"fan":100}}
2025/09/12 08:38:59Z TRACE [msg.payload] {"id":506,"hb":1638}
2025/09/12 08:38:59Z TRACE [msg.payload] {"id":506,"comp":1,"evap":{"in":26.6,"out":17.3,"fan":50},"cond":{"in":31.6,"out":44.7,"fan":100}}
2025/09/12 08:39:00Z TRACE [msg.payload] {"id":506,"hb":1639}
2025/09/12 08:39:00Z TRACE [msg.payload] {"id":506,"comp":1,"evap":{"in":26.3,"out":17.1,"fan":50},"cond":{"in":31.8,"out":44.4,"fan":100}}
2025/09/12 08:39:01Z TRACE [msg.payload] {"id":506,"hb":1640}
2025/09/12 08:39:01Z TRACE [msg.payload] {"id":506,"comp":1,"evap":{"in":25.9,"out":17.4,"fan":50},"cond":{"in":31.2,"out":44.3,"fan":100}}
2025/09/12 08:39:02Z TRACE [msg.payload] {"id":506,"hb":1641}
2025/09/12 08:39:02Z TRACE [msg.payload] {"id":506,"comp":1,"evap":{"in":26.4,"out":17.5,"fan":50},"cond":{"in":31,"out":44.3,"fan":100}}
2025/09/12 08:39:03Z TRACE [msg.payload] {"id":506,"hb":1642}
2025/09/12 08:39:03Z TRACE [msg.payload] {"id":506,"comp":1,"evap":{"in":25.9,"out":16.2,"fan":50},"cond":{"in":32.2,"out":44.4,"fan":100}}
2025/09/12 08:39:04Z TRACE [msg.payload] {"id":506,"hb":1643}
2025/09/12 08:39:04Z TRACE [msg.payload] {"id":506,"comp":1,"evap":{"in":26.2,"out":16.9,"fan":50},"cond":{"in":31.4,"out":44.5,"fan":100}}
2025/09/12 08:39:05Z TRACE [msg.payload] {"id":506,"hb":1644}
2025/09/12 08:39:05Z TRACE [msg.payload] {"id":506,"comp":1,"evap":{"in":26.4,"out":17.6,"fan":50},"cond":{"in":31.5,"out":44.4,"fan":100}}
2025/09/12 08:39:06Z TRACE [msg.payload] {"id":506,"hb":1645}
2025/09/12 08:39:06Z TRACE [msg.payload] {"id":506,"comp":1,"evap":{"in":26.6,"out":17.5,"fan":50},"cond":{"in":31.1,"out":44.2,"fan":100}}
2025/09/12 08:39:07Z TRACE [msg.payload] {"id":506,"hb":1646}
2025/09/12 08:39:07Z TRACE [msg.payload] {"id":506,"comp":1,"evap":{"in":26.1,"out":17.4,"fan":50},"cond":{"in":31.4,"out":44.7,"fan":100}}
2025/09/12 08:39:08Z TRACE [msg.payload] {"id":506,"hb":1647}
2025/09/12 08:39:08Z TRACE [msg.payload] {"id":506,"comp":1,"evap":{"in":26.2,"out":19.8,"fan":50},"cond":{"in":31.3,"out":44.3,"fan":100}}
2025/09/12 08:39:09Z TRACE [msg.payload] {"id":506,"hb":1648}
2025/09/12 08:39:09Z TRACE [msg.payload] {"id":506,"comp":1,"evap":{"in":26.5,"out":17,"fan":50},"cond":{"in":31.6,"out":44.5,"fan":100}}
2025/09/12 08:39:10Z TRACE [msg.payload] {"id":506,"hb":1649}
2025/09/12 08:39:10Z TRACE [msg.payload] {"id":506,"comp":1,"evap":{"in":26.7,"out":17.1,"fan":50},"cond":{"in":31.5,"out":44.5,"fan":100}}
2025/09/12 08:39:11Z TRACE [msg.payload] {"id":506,"hb":1650}
2025/09/12 08:39:11Z TRACE [msg.payload] {"id":506,"comp":1,"evap":{"in":26.2,"out":17.6,"fan":50},"cond":{"in":31.3,"out":44.4,"fan":100}}
2025/09/12 08:39:12Z TRACE [msg.payload] {"id":506,"hb":1651}
2025/09/12 08:39:12Z TRACE [msg.payload] {"id":506,"comp":1,"evap":{"in":26.3,"out":17.4,"fan":50},"cond":{"in":31.1,"out":44.2,"fan":100}}
2025/09/12 08:39:13Z TRACE [msg.payload] {"id":506,"hb":1652}
2025/09/12 08:39:13Z TRACE [msg.payload] {"id":506,"comp":1,"evap":{"in":26.1,"out":17.2,"fan":50},"cond":{"in":31.2,"out":44.7,"fan":100}}
2025/09/12 08:39:14Z TRACE [msg.payload] {"id":506,"hb":1653}
2025/09/12 08:39:14Z TRACE [msg.payload] {"id":506,"comp":1,"evap":{"in":26.1,"out":17,"fan":50},"cond":{"in":31.5,"out":44.3,"fan":100}}
2025/09/12 08:39:15Z TRACE [msg.payload] {"id":506,"hb":1654}
2025/09/12 08:39:15Z TRACE [msg.payload] {"id":506,"comp":1,"evap":{"in":26.4,"out":17.6,"fan":50},"cond":{"in":31.6,"out":44.3,"fan":100}}
2025/09/12 08:39:16Z TRACE [msg.payload] {"id":506,"hb":1655}
2025/09/12 08:39:16Z TRACE [msg.payload] {"id":506,"comp":1,"evap":{"in":26.2,"out":17.3,"fan":50},"cond":{"in":31.2,"out":44.7,"fan":100}}
2025/09/12 08:39:17Z TRACE [msg.payload] {"id":506,"hb":1656}
2025/09/12 08:39:17Z TRACE [msg.payload] {"id":506,"comp":1,"evap":{"in":26.2,"out":16.7,"fan":50},"cond":{"in":31.3,"out":44.7,"fan":100}}
2025/09/12 08:39:18Z TRACE [msg.payload] {"id":506,"hb":1657}
2025/09/12 08:39:18Z TRACE [msg.payload] {"id":506,"comp":1,"evap":{"in":26.1,"out":17.4,"fan":50},"cond":{"in":31.3,"out":44.3,"fan":100}}
2025/09/12 08:39:19Z TRACE [msg.payload] {"id":506,"hb":1658}
2025/09/12 08:39:19Z TRACE [msg.payload] {"id":506,"comp":1,"evap":{"in":26.5,"out":17.2,"fan":50},"cond":{"in":31.5,"out":44.3,"fan":100}}
2025/09/12 08:39:20Z TRACE [msg.payload] {"id":506,"hb":1659}
2025/09/12 08:39:20Z TRACE [msg.payload] {"id":506,"comp":1,"evap":{"in":26.2,"out":17.2,"fan":50},"cond":{"in":31.5,"out":44.7,"fan":100}}
2025/09/12 08:39:21Z TRACE [msg.payload] {"id":506,"hb":1660}
2025/09/12 08:39:21Z TRACE [msg.payload] {"id":506,"comp":1,"evap":{"in":26.4,"out":17.6,"fan":50},"cond":{"in":31.2,"out":44.4,"fan":100}}
2025/09/12 08:39:22Z TRACE [msg.payload] {"id":506,"hb":1661}
2025/09/12 08:39:22Z TRACE [msg.payload] {"id":506,"comp":1,"evap":{"in":26.5,"out":17.5,"fan":50},"cond":{"in":31.2,"out":44.3,"fan":100}}
2025/09/12 08:39:23Z TRACE [msg.payload] {"id":506,"hb":1662}
2025/09/12 08:39:23Z TRACE [msg.payload] {"id":506,"comp":1,"evap":{"in":26.3,"out":17.2,"fan":50},"cond":{"in":31.2,"out":44.6,"fan":100}}
2025/09/12 08:39:24Z TRACE [msg.payload] {"id":506,"hb":1663}
2025/09/12 08:39:24Z TRACE [msg.payload] {"id":506,"comp":1,"evap":{"in":26,"out":17.1,"fan":50},"cond":{"in":31.5,"out":44.6,"fan":100}}
2025/09/12 08:39:25Z TRACE [msg.payload] {"id":506,"hb":1664}
2025/09/12 08:39:25Z TRACE [msg.payload] {"id":506,"comp":1,"evap":{"in":26.4,"out":16.4,"fan":50},"cond":{"in":31.4,"out":44.7,"fan":100}}
2025/09/12 08:39:26Z TRACE [msg.payload] {"id":506,"hb":1665}
2025/09/12 08:39:26Z TRACE [msg.payload] {"id":506,"comp":1,"evap":{"in":26.5,"out":17.6,"fan":50},"cond":{"in":31.2,"out":44.3,"fan":100}}
2025/09/12 08:39:27Z TRACE [msg.payload] {"id":506,"hb":1666}
2025/09/12 08:39:27Z TRACE [msg.payload] {"id":506,"comp":1,"evap":{"in":26.1,"out":17,"fan":50},"cond":{"in":31.2,"out":44.4,"fan":100}}
2025/09/12 08:39:28Z TRACE [msg.payload] {"id":506,"hb":1667}
2025/09/12 08:39:28Z TRACE [msg.payload] {"id":506,"comp":1,"evap":{"in":26.2,"out":17.5,"fan":50},"cond":{"in":31.2,"out":44.4,"fan":100}}
2025/09/12 08:39:29Z TRACE [msg.payload] {"id":506,"hb":1668}
2025/09/12 08:39:29Z TRACE [msg.payload] {"id":506,"comp":1,"evap":{"in":26.6,"out":17.1,"fan":50},"cond":{"in":31.5,"out":44.6,"fan":100}}
2025/09/12 08:39:30Z TRACE [msg.payload] {"id":506,"hb":1669}
2025/09/12 08:39:30Z TRACE [msg.payload] {"id":506,"comp":1,"evap":{"in":26.2,"out":17.1,"fan":50},"cond":{"in":31.5,"out":44.5,"fan":100}}
2025/09/12 08:39:31Z TRACE [msg.payload] {"id":506,"hb":1670}
2025/09/12 08:39:31Z TRACE [msg.payload] {"id":506,"comp":1,"evap":{"in":26.6,"out":17.5,"fan":50},"cond":{"in":31.2,"out":44.3,"fan":100}}
2025/09/12 08:39:32Z TRACE [msg.payload] {"id":506,"hb":1671}
2025/09/12 08:39:32Z TRACE [msg.payload] {"id":506,"comp":1,"evap":{"in":26.5,"out":17,"fan":50},"cond":{"in":29.7,"out":44.3,"fan":100}}
2025/09/12 08:39:33Z TRACE [msg.payload] {"id":506,"hb":1672}
2025/09/12 08:39:33Z TRACE [msg.payload] {"id":506,"comp":1,"evap":{"in":26.2,"out":17,"fan":50},"cond":{"in":31.3,"out":44.6,"fan":100}}
2025/09/12 08:39:34Z TRACE [msg.payload] {"id":506,"hb":1673}
2025/09/12 08:39:34Z TRACE [msg.payload] {"id":506,"comp":1,"evap":{"in":26,"out":17.1,"fan":50},"cond":{"in":31.6,"out":44.7,"fan":100}}
2025/09/12 08:39:35Z TRACE [msg.payload] {"id":506,"hb":1674}
2025/09/12 08:39:35Z TRACE [msg.payload] {"id":506,"comp":1,"evap":{"in":26.5,"out":17.6,"fan":50},"cond":{"in":31.5,"out":44.4,"fan":100}}
2025/09/12 08:39:36Z TRACE [msg.payload] {"id":506,"hb":1675}
2025/09/12 08:39:36Z TRACE [msg.payload] {"id":506,"comp":1,"evap":{"in":26,"out":17,"fan":50},"cond":{"in":31.3,"out":43.9,"fan":100}}
2025/09/12 08:39:37Z TRACE [msg.payload] {"id":506,"hb":1676}
2025/09/12 08:39:37Z TRACE [msg.payload] {"id":506,"comp":1,"evap":{"in":26,"out":15,"fan":50},"cond":{"in":31.2,"out":44.3,"fan":100}}
2025/09/12 08:39:38Z TRACE [msg.payload] {"id":506,"hb":1677}
2025/09/12 08:39:38Z TRACE [msg.payload] {"id":506,"comp":1,"evap":{"in":26.2,"out":17.1,"fan":50},"cond":{"in":31.3,"out":44.2,"fan":100}}
2025/09/12 08:39:39Z TRACE [msg.payload] {"id":506,"hb":1678}
2025/09/12 08:39:39Z TRACE [msg.payload] {"id":506,"comp":1,"evap":{"in":26.2,"out":17.2,"fan":50},"cond":{"in":31.5,"out":44.6,"fan":100}}
2025/09/12 08:39:40Z TRACE [msg.payload] {"id":506,"hb":1679}
2025/09/12 08:39:40Z TRACE [msg.payload] {"id":506,"comp":1,"evap":{"in":27.4,"out":16.9,"fan":50},"cond":{"in":31.5,"out":44.5,"fan":100}}
2025/09/12 08:39:41Z TRACE [msg.payload] {"id":506,"hb":1680}
2025/09/12 08:39:41Z TRACE [msg.payload] {"id":506,"comp":1,"evap":{"in":26.3,"out":17.4,"fan":50},"cond":{"in":31.2,"out":44.5,"fan":100}}
2025/09/12 08:39:42Z TRACE [msg.payload] {"id":506,"hb":1681}
2025/09/12 08:39:42Z TRACE [msg.payload] {"id":506,"comp":1,"evap":{"in":26.4,"out":17.6,"fan":50},"cond":{"in":31.4,"out":44.4,"fan":100}}
2025/09/12 08:39:43Z TRACE [msg.payload] {"id":506,"hb":1682}
2025/09/12 08:39:43Z TRACE [msg.payload] {"id":506,"comp":1,"evap":{"in":26.1,"out":17,"fan":50},"cond":{"in":31.1,"out":44.6,"fan":100}}
2025/09/12 08:39:44Z TRACE [msg.payload] {"id":506,"hb":1683}
2025/09/12 08:39:44Z TRACE [msg.payload] {"id":506,"comp":1,"evap":{"in":26.1,"out":17.2,"fan":50},"cond":{"in":31.3,"out":44.5,"fan":100}}
2025/09/12 08:39:45Z TRACE [msg.payload] {"id":506,"hb":1684}
2025/09/12 08:39:45Z TRACE [msg.payload] {"id":506,"comp":1,"evap":{"in":26.3,"out":17.6,"fan":50},"cond":{"in":31.5,"out":44.6,"fan":100}}
2025/09/12 08:39:46Z TRACE [msg.payload] {"id":506,"hb":1685}
2025/09/12 08:39:46Z TRACE [msg.payload] {"id":506,"comp":1,"evap":{"in":26.2,"out":17,"fan":50},"cond":{"in":31.3,"out":44.6,"fan":100}}
2025/09/12 08:39:47Z TRACE [msg.payload] {"id":506,"hb":1686}
2025/09/12 08:39:47Z TRACE [msg.payload] {"id":506,"comp":1,"evap":{"in":26.2,"out":17.5,"fan":50},"cond":{"in":31.3,"out":44.3,"fan":100}}
2025/09/12 08:39:48Z TRACE [msg.payload] {"id":506,"hb":1687}
2025/09/12 08:39:48Z TRACE [msg.payload] {"id":506,"comp":1,"evap":{"in":26.2,"out":17.6,"fan":50},"cond":{"in":31.1,"out":44.3,"fan":100}}
2025/09/12 08:39:49Z TRACE [msg.payload] {"id":506,"hb":1688}
2025/09/12 08:39:49Z TRACE [msg.payload] {"id":506,"comp":1,"evap":{"in":26,"out":17,"fan":50},"cond":{"in":31,"out":44.5,"fan":100}}
2025/09/12 08:39:50Z TRACE [msg.payload] {"id":506,"hb":1689}
2025/09/12 08:39:50Z TRACE [msg.payload] {"id":506,"comp":1,"evap":{"in":26.3,"out":17.3,"fan":50},"cond":{"in":31.5,"out":44.6,"fan":100}}
2025/09/12 08:39:51Z TRACE [msg.payload] {"id":506,"hb":1690}
2025/09/12 08:39:51Z TRACE [msg.payload] {"id":506,"comp":1,"evap":{"in":26.5,"out":17.6,"fan":50},"cond":{"in":31.5,"out":44.5,"fan":100}}
2025/09/12 08:39:52Z TRACE [msg.payload] {"id":506,"hb":1691}
2025/09/12 08:39:52Z TRACE [msg.payload] {"id":506,"comp":1,"evap":{"in":26.3,"out":17.5,"fan":50},"cond":{"in":31.5,"out":44.5,"fan":100}}
2025/09/12 08:39:53Z TRACE [msg.payload] {"id":506,"hb":1692}
2025/09/12 08:39:53Z TRACE [msg.payload] {"id":506,"comp":1,"evap":{"in":26.2,"out":17.1,"fan":50},"cond":{"in":31.3,"out":44.7,"fan":100}}
2025/09/12 08:39:54Z TRACE [msg.payload] {"id":506,"hb":1693}
2025/09/12 08:39:54Z TRACE [msg.payload] {"id":506,"comp":1,"evap":{"in":26.6,"out":17.6,"fan":50},"cond":{"in":31.5,"out":44.5,"fan":100}}
2025/09/12 08:39:55Z TRACE [msg.payload] {"id":506,"hb":1694}
2025/09/12 08:39:55Z TRACE [msg.payload] {"id":506,"comp":1,"evap":{"in":26.3,"out":17,"fan":50},"cond":{"in":31.6,"out":44.5,"fan":100}}
2025/09/12 08:39:56Z TRACE [msg.payload] {"id":506,"hb":1695}
2025/09/12 08:39:56Z TRACE [msg.payload] {"id":506,"comp":1,"evap":{"in":26.5,"out":13.9,"fan":50},"cond":{"in":31.5,"out":44.6,"fan":100}}
2025/09/12 08:39:57Z TRACE [msg.payload] {"id":506,"hb":1696}
2025/09/12 08:39:57Z TRACE [msg.payload] {"id":506,"comp":1,"evap":{"in":26.2,"out":17.5,"fan":50},"cond":{"in":31.4,"out":44.5,"fan":100}}
2025/09/12 08:39:58Z TRACE [msg.payload] {"id":506,"hb":1697}
2025/09/12 08:39:58Z TRACE [msg.payload] {"id":506,"comp":1,"evap":{"in":26.4,"out":17.6,"fan":50},"cond":{"in":31.2,"out":44.4,"fan":100}}
2025/09/12 08:39:59Z TRACE [msg.payload] {"id":506,"hb":1698}
2025/09/12 08:39:59Z TRACE [msg.payload] {"id":506,"comp":1,"evap":{"in":26.2,"out":17.1,"fan":50},"cond":{"in":31.4,"out":44.4,"fan":100}}
2025/09/12 08:40:00Z TRACE [msg.payload] {"id":506,"hb":1699}
2025/09/12 08:40:00Z TRACE [msg.payload] {"id":506,"comp":1,"evap":{"in":26.6,"out":17,"fan":50},"cond":{"in":31.5,"out":44.5,"fan":100}}
2025/09/12 08:40:01Z TRACE [msg.payload] {"id":506,"hb":1700}
2025/09/12 08:40:01Z TRACE [msg.payload] {"id":506,"comp":1,"evap":{"in":26.5,"out":17.5,"fan":50},"cond":{"in":31.6,"out":44.5,"fan":100}}
2025/09/12 08:40:02Z TRACE [msg.payload] {"id":506,"hb":1701}
2025/09/12 08:40:02Z TRACE [msg.payload] {"id":506,"comp":1,"evap":{"in":26,"out":17.2,"fan":50},"cond":{"in":31.4,"out":44.7,"fan":100}}
2025/09/12 08:40:03Z TRACE [msg.payload] {"id":506,"hb":1702}
2025/09/12 08:40:03Z TRACE [msg.payload] {"id":506,"comp":1,"evap":{"in":26.2,"out":18.4,"fan":50},"cond":{"in":31.3,"out":44.7,"fan":100}}
2025/09/12 08:40:04Z TRACE [msg.payload] {"id":506,"hb":1703}
2025/09/12 08:40:04Z TRACE [msg.payload] {"id":506,"comp":1,"evap":{"in":26.2,"out":17.7,"fan":50},"cond":{"in":31.3,"out":44.4,"fan":100}}
2025/09/12 08:40:05Z TRACE [msg.payload] {"id":506,"hb":1704}
2025/09/12 08:40:05Z TRACE [msg.payload] {"id":506,"comp":1,"evap":{"in":26.4,"out":17.5,"fan":50},"cond":{"in":31.5,"out":44.4,"fan":100}}
2025/09/12 08:40:06Z TRACE [msg.payload] {"id":506,"hb":1705}
2025/09/12 08:40:06Z TRACE [msg.payload] {"id":506,"comp":1,"evap":{"in":26.6,"out":17.2,"fan":50},"cond":{"in":31.6,"out":44.6,"fan":100}}
2025/09/12 08:40:07Z TRACE [msg.payload] {"id":506,"hb":1706}
2025/09/12 08:40:07Z TRACE [msg.payload] {"id":506,"comp":1,"evap":{"in":26,"out":17.6,"fan":50},"cond":{"in":31.1,"out":45.6,"fan":100}}
2025/09/12 08:40:08Z TRACE [msg.payload] {"id":506,"hb":1707}
2025/09/12 08:40:08Z TRACE [msg.payload] {"id":506,"comp":1,"evap":{"in":26.5,"out":17.5,"fan":50},"cond":{"in":31.2,"out":44.4,"fan":100}}
2025/09/12 08:40:09Z TRACE [msg.payload] {"id":506,"hb":1708}
2025/09/12 08:40:09Z TRACE [msg.payload] {"id":506,"comp":1,"evap":{"in":26.1,"out":17.2,"fan":50},"cond":{"in":31.3,"out":44.7,"fan":100}}
2025/09/12 08:40:10Z TRACE [msg.payload] {"id":506,"hb":1709}
2025/09/12 08:40:10Z TRACE [msg.payload] {"id":506,"comp":1,"evap":{"in":26.3,"out":17.3,"fan":50},"cond":{"in":31.5,"out":44.8,"fan":100}}
2025/09/12 08:40:11Z TRACE [msg.payload] {"id":506,"hb":1710}
2025/09/12 08:40:11Z TRACE [msg.payload] {"id":506,"comp":1,"evap":{"in":26.3,"out":17.6,"fan":50},"cond":{"in":31.6,"out":44.3,"fan":100}}
2025/09/12 08:40:12Z TRACE [msg.payload] {"id":506,"hb":1711}
2025/09/12 08:40:12Z TRACE [msg.payload] {"id":506,"comp":1,"evap":{"in":26.5,"out":16.6,"fan":50},"cond":{"in":31.6,"out":44.8,"fan":100}}
2025/09/12 08:40:13Z TRACE [msg.payload] {"id":506,"hb":1712}
2025/09/12 08:40:13Z TRACE [msg.payload] {"id":506,"comp":1,"evap":{"in":26.2,"out":17.4,"fan":50},"cond":{"in":31.3,"out":44.3,"fan":100}}
2025/09/12 08:40:14Z TRACE [msg.payload] {"id":506,"hb":1713}
2025/09/12 08:40:14Z TRACE [msg.payload] {"id":506,"comp":1,"evap":{"in":26.1,"out":17.6,"fan":50},"cond":{"in":31.2,"out":44.4,"fan":100}}
2025/09/12 08:40:15Z TRACE [msg.payload] {"id":506,"hb":1714}
2025/09/12 08:40:15Z TRACE [msg.payload] {"id":506,"comp":1,"evap":{"in":26.7,"out":17,"fan":50},"cond":{"in":31.5,"out":44.6,"fan":100}}
2025/09/12 08:40:16Z TRACE [msg.payload] {"id":506,"hb":1715}
2025/09/12 08:40:16Z TRACE [msg.payload] {"id":506,"comp":1,"evap":{"in":27.3,"out":17.2,"fan":50},"cond":{"in":31,"out":44.7,"fan":100}}
2025/09/12 08:40:17Z TRACE [msg.payload] {"id":506,"hb":1716}
2025/09/12 08:40:17Z TRACE [msg.payload] {"id":506,"comp":1,"evap":{"in":26.3,"out":17.6,"fan":50},"cond":{"in":32.6,"out":44.5,"fan":100}}
2025/09/12 08:40:18Z TRACE [msg.payload] {"id":506,"hb":1717}
2025/09/12 08:40:18Z TRACE [msg.payload] {"id":506,"comp":1,"evap":{"in":26.5,"out":17.7,"fan":50},"cond":{"in":31.3,"out":44.3,"fan":100}}
2025/09/12 08:40:19Z TRACE [msg.payload] {"id":506,"hb":1718}
2025/09/12 08:40:19Z TRACE [msg.payload] {"id":506,"comp":1,"evap":{"in":25.9,"out":17.1,"fan":50},"cond":{"in":31.3,"out":44.3,"fan":100}}
2025/09/12 08:40:20Z TRACE [msg.payload] {"id":506,"hb":1719}
2025/09/12 08:40:20Z TRACE [msg.payload] {"id":506,"comp":1,"evap":{"in":26.2,"out":17.3,"fan":50},"cond":{"in":31.3,"out":45.8,"fan":100}}
2025/09/12 08:40:21Z TRACE [msg.payload] {"id":506,"hb":1720}
2025/09/12 08:40:21Z TRACE [msg.payload] {"id":506,"comp":1,"evap":{"in":25.9,"out":17.6,"fan":50},"cond":{"in":31.5,"out":44.4,"fan":100}}
2025/09/12 08:40:22Z TRACE [msg.payload] {"id":506,"hb":1721}
2025/09/12 08:40:22Z TRACE [msg.payload] {"id":506,"comp":1,"evap":{"in":26.8,"out":17.6,"fan":50},"cond":{"in":31.5,"out":44.6,"fan":100}}
2025/09/12 08:40:23Z TRACE [msg.payload] {"id":506,"hb":1722}
2025/09/12 08:40:23Z TRACE [msg.payload] {"id":506,"comp":1,"evap":{"in":26.1,"out":17.3,"fan":50},"cond":{"in":31.2,"out":44.3,"fan":100}}
2025/09/12 08:40:24Z TRACE [msg.payload] {"id":506,"hb":1723}
2025/09/12 08:40:24Z TRACE [msg.payload] {"id":506,"comp":1,"evap":{"in":26.2,"out":17.5,"fan":50},"cond":{"in":31.1,"out":44.5,"fan":100}}
2025/09/12 08:40:25Z TRACE [msg.payload] {"id":506,"hb":1724}
2025/09/12 08:40:25Z TRACE [msg.payload] {"id":506,"comp":1,"evap":{"in":26.2,"out":17.3,"fan":50},"cond":{"in":31.5,"out":44.4,"fan":100}}
2025/09/12 08:40:26Z TRACE [msg.payload] {"id":506,"hb":1725}
2025/09/12 08:40:26Z TRACE [msg.payload] {"id":506,"comp":1,"evap":{"in":26.1,"out":17.4,"fan":50},"cond":{"in":31.7,"out":44.6,"fan":100}}
2025/09/12 08:40:27Z TRACE [msg.payload] {"id":506,"hb":1726}
2025/09/12 08:40:27Z TRACE [msg.payload] {"id":506,"comp":1,"evap":{"in":26.5,"out":17.6,"fan":50},"cond":{"in":31.5,"out":44.6,"fan":100}}
2025/09/12 08:40:28Z TRACE [msg.payload] {"id":506,"hb":1727}
2025/09/12 08:40:28Z TRACE [msg.payload] {"id":506,"comp":1,"evap":{"in":26.5,"out":17.6,"fan":50},"cond":{"in":31.2,"out":44.2,"fan":100}}
2025/09/12 08:40:29Z TRACE [msg.payload] {"id":506,"hb":1728}
2025/09/12 08:40:29Z TRACE [msg.payload] {"id":506,"comp":1,"evap":{"in":26.1,"out":17.1,"fan":50},"cond":{"in":30.8,"out":44.7,"fan":100}}
2025/09/12 08:40:30Z TRACE [msg.payload] {"id":506,"hb":1729}
2025/09/12 08:40:30Z TRACE [msg.payload] {"id":506,"comp":1,"evap":{"in":26.2,"out":17.2,"fan":50},"cond":{"in":31.3,"out":44.4,"fan":100}}
2025/09/12 08:40:31Z TRACE [msg.payload] {"id":506,"hb":1730}
2025/09/12 08:40:31Z TRACE [msg.payload] {"id":506,"comp":1,"evap":{"in":26.3,"out":17.6,"fan":50},"cond":{"in":31.6,"out":44.4,"fan":100}}
2025/09/12 08:40:32Z TRACE [msg.payload] {"id":506,"hb":1731}
2025/09/12 08:40:32Z TRACE [msg.payload] {"id":506,"comp":1,"evap":{"in":26.5,"out":17.7,"fan":50},"cond":{"in":31.4,"out":44.6,"fan":100}}
2025/09/12 08:40:33Z TRACE [msg.payload] {"id":506,"hb":1732}
2025/09/12 08:40:33Z TRACE [msg.payload] {"id":506,"comp":1,"evap":{"in":26.2,"out":17.2,"fan":50},"cond":{"in":31.3,"out":44.5,"fan":100}}
2025/09/12 08:40:34Z TRACE [msg.payload] {"id":506,"hb":1733}
2025/09/12 08:40:34Z TRACE [msg.payload] {"id":506,"comp":1,"evap":{"in":25.9,"out":17.3,"fan":50},"cond":{"in":31.4,"out":43.8,"fan":100}}
2025/09/12 08:40:35Z TRACE [msg.payload] {"id":506,"hb":1734}
2025/09/12 08:40:35Z TRACE [msg.payload] {"id":506,"comp":1,"evap":{"in":26.6,"out":17.4,"fan":50},"cond":{"in":31.5,"out":44.7,"fan":100}}
2025/09/12 08:40:36Z TRACE [msg.payload] {"id":506,"hb":1735}
2025/09/12 08:40:36Z TRACE [msg.payload] {"id":506,"comp":1,"evap":{"in":26.2,"out":17.4,"fan":50},"cond":{"in":31.7,"out":44.6,"fan":100}}
2025/09/12 08:40:37Z TRACE [msg.payload] {"id":506,"hb":1736}
2025/09/12 08:40:37Z TRACE [msg.payload] {"id":506,"comp":1,"evap":{"in":26.4,"out":17.6,"fan":50},"cond":{"in":31.5,"out":44.7,"fan":100}}
2025/09/12 08:40:38Z TRACE [msg.payload] {"id":506,"hb":1737}
2025/09/12 08:40:38Z TRACE [msg.payload] {"id":506,"comp":1,"evap":{"in":26.5,"out":17.7,"fan":50},"cond":{"in":31,"out":44.5,"fan":100}}
2025/09/12 08:40:39Z TRACE [msg.payload] {"id":506,"hb":1738}
2025/09/12 08:40:39Z TRACE [msg.payload] {"id":506,"comp":1,"evap":{"in":26.2,"out":17.1,"fan":50},"cond":{"in":31.2,"out":44.7,"fan":100}}
2025/09/12 08:40:40Z TRACE [msg.payload] {"id":506,"hb":1739}
2025/09/12 08:40:40Z TRACE [msg.payload] {"id":506,"comp":1,"evap":{"in":26.1,"out":16.9,"fan":50},"cond":{"in":31.3,"out":44.5,"fan":100}}
2025/09/12 08:40:41Z TRACE [msg.payload] {"id":506,"hb":1740}
2025/09/12 08:40:41Z TRACE [msg.payload] {"id":506,"comp":1,"evap":{"in":26.5,"out":17.4,"fan":50},"cond":{"in":31.5,"out":44.7,"fan":100}}
2025/09/12 08:40:42Z TRACE [msg.payload] {"id":506,"hb":1741}
2025/09/12 08:40:42Z TRACE [msg.payload] {"id":506,"comp":1,"evap":{"in":26.6,"out":17.4,"fan":50},"cond":{"in":31.6,"out":44.7,"fan":100}}
2025/09/12 08:40:43Z TRACE [msg.payload] {"id":506,"hb":1742}
2025/09/12 08:40:43Z TRACE [msg.payload] {"id":506,"comp":1,"evap":{"in":27.9,"out":17.6,"fan":50},"cond":{"in":31.3,"out":44.2,"fan":100}}
2025/09/12 08:40:44Z TRACE [msg.payload] {"id":506,"hb":1743}
2025/09/12 08:40:44Z TRACE [msg.payload] {"id":506,"comp":1,"evap":{"in":26.2,"out":17.6,"fan":50},"cond":{"in":31.5,"out":44.5,"fan":100}}
2025/09/12 08:40:45Z TRACE [msg.payload] {"id":506,"hb":1744}
2025/09/12 08:40:45Z TRACE [msg.payload] {"id":506,"comp":1,"evap":{"in":26,"out":17.4,"fan":50},"cond":{"in":31.6,"out":44.6,"fan":100}}
2025/09/12 08:40:46Z TRACE [msg.payload] {"id":506,"hb":1745}
2025/09/12 08:40:46Z TRACE [msg.payload] {"id":506,"comp":1,"evap":{"in":25.9,"out":17.3,"fan":50},"cond":{"in":31.7,"out":44.7,"fan":100}}
2025/09/12 08:40:47Z TRACE [msg.payload] {"id":506,"hb":1746}
2025/09/12 08:40:47Z TRACE [msg.payload] {"id":506,"comp":1,"evap":{"in":26.2,"out":17.4,"fan":50},"cond":{"in":31.6,"out":44.3,"fan":100}}
2025/09/12 08:40:48Z TRACE [msg.payload] {"id":506,"hb":1747}
2025/09/12 08:40:48Z TRACE [msg.payload] {"id":506,"comp":1,"evap":{"in":26,"out":17.5,"fan":50},"cond":{"in":31.5,"out":44.5,"fan":100}}
2025/09/12 08:40:49Z TRACE [msg.payload] {"id":506,"hb":1748}
2025/09/12 08:40:49Z TRACE [msg.payload] {"id":506,"comp":1,"evap":{"in":26.2,"out":16.9,"fan":50},"cond":{"in":31.4,"out":44.7,"fan":100}}
2025/09/12 08:40:50Z TRACE [msg.payload] {"id":506,"hb":1749}
2025/09/12 08:40:50Z TRACE [msg.payload] {"id":506,"comp":1,"evap":{"in":26.3,"out":17.6,"fan":50},"cond":{"in":31.1,"out":44.7,"fan":100}}
2025/09/12 08:40:51Z TRACE [msg.payload] {"id":506,"hb":1750}
2025/09/12 08:40:51Z TRACE [msg.payload] {"id":506,"comp":1,"evap":{"in":27.5,"out":17.7,"fan":50},"cond":{"in":31.5,"out":44.8,"fan":100}}
2025/09/12 08:40:52Z TRACE [msg.payload] {"id":506,"hb":1751}
2025/09/12 08:40:52Z TRACE [msg.payload] {"id":506,"comp":1,"evap":{"in":26.4,"out":17.4,"fan":50},"cond":{"in":31.5,"out":44.4,"fan":100}}
2025/09/12 08:40:53Z TRACE [msg.payload] {"id":506,"hb":1752}
2025/09/12 08:40:53Z TRACE [msg.payload] {"id":506,"comp":1,"evap":{"in":26.2,"out":17.4,"fan":50},"cond":{"in":31.1,"out":44.2,"fan":100}}
2025/09/12 08:40:54Z TRACE [msg.payload] {"id":506,"hb":1753}
2025/09/12 08:40:54Z TRACE [msg.payload] {"id":506,"comp":1,"evap":{"in":26.2,"out":17.2,"fan":50},"cond":{"in":31.6,"out":44.7,"fan":100}}
2025/09/12 08:40:55Z TRACE [msg.payload] {"id":506,"hb":1754}
2025/09/12 08:40:55Z TRACE [msg.payload] {"id":506,"comp":1,"evap":{"in":26.2,"out":17.4,"fan":50},"cond":{"in":31.4,"out":44.7,"fan":100}}
2025/09/12 08:40:56Z TRACE [msg.payload] {"id":506,"hb":1755}
2025/09/12 08:40:56Z TRACE [msg.payload] {"id":506,"comp":1,"evap":{"in":26.1,"out":17.1,"fan":50},"cond":{"in":31.5,"out":44.7,"fan":100}}
2025/09/12 08:40:57Z TRACE [msg.payload] {"id":506,"hb":1756}
2025/09/12 08:40:57Z TRACE [msg.payload] {"id":506,"comp":1,"evap":{"in":26.6,"out":17.6,"fan":50},"cond":{"in":31.5,"out":44.4,"fan":100}}
2025/09/12 08:40:58Z TRACE [msg.payload] {"id":506,"hb":1757}
2025/09/12 08:40:58Z TRACE [msg.payload] {"id":506,"comp":1,"evap":{"in":26.5,"out":17.9,"fan":50},"cond":{"in":31.5,"out":44.5,"fan":100}}
2025/09/12 08:40:59Z TRACE [msg.payload] {"id":506,"hb":1758}
2025/09/12 08:40:59Z TRACE [msg.payload] {"id":506,"comp":1,"evap":{"in":26,"out":17.3,"fan":50},"cond":{"in":31.2,"out":44.6,"fan":100}}
2025/09/12 08:41:00Z TRACE [msg.payload] {"id":506,"hb":1759}
2025/09/12 08:41:00Z TRACE [msg.payload] {"id":506,"comp":1,"evap":{"in":26.3,"out":17.5,"fan":50},"cond":{"in":31.4,"out":44.4,"fan":100}}
2025/09/12 08:41:01Z TRACE [msg.payload] {"id":506,"hb":1760}
2025/09/12 08:41:01Z TRACE [msg.payload] {"id":506,"comp":1,"evap":{"in":26.6,"out":17.6,"fan":50},"cond":{"in":31.6,"out":44.6,"fan":100}}
2025/09/12 08:41:02Z TRACE [msg.payload] {"id":506,"hb":1761}
2025/09/12 08:41:02Z TRACE [msg.payload] {"id":506,"comp":1,"evap":{"in":26.5,"out":17.3,"fan":50},"cond":{"in":31.6,"out":44.7,"fan":100}}
2025/09/12 08:41:03Z TRACE [msg.payload] {"id":506,"hb":1762}
2025/09/12 08:41:03Z TRACE [msg.payload] {"id":506,"comp":1,"evap":{"in":25.5,"out":17.7,"fan":50},"cond":{"in":31.2,"out":44.2,"fan":100}}
2025/09/12 08:41:04Z TRACE [msg.payload] {"id":506,"hb":1763}
2025/09/12 08:41:04Z TRACE [msg.payload] {"id":506,"comp":1,"evap":{"in":26.5,"out":17.6,"fan":50},"cond":{"in":31.2,"out":44.4,"fan":100}}
2025/09/12 08:41:05Z TRACE [msg.payload] {"id":506,"hb":1764}
2025/09/12 08:41:05Z TRACE [msg.payload] {"id":506,"comp":1,"evap":{"in":26.2,"out":17.5,"fan":50},"cond":{"in":31.1,"out":44.7,"fan":100}}
2025/09/12 08:41:06Z TRACE [msg.payload] {"id":506,"hb":1765}
2025/09/12 08:41:06Z TRACE [msg.payload] {"id":506,"comp":1,"evap":{"in":26.3,"out":17.5,"fan":50},"cond":{"in":31.7,"out":44.7,"fan":100}}
2025/09/12 08:41:07Z TRACE [msg.payload] {"id":506,"hb":1766}
2025/09/12 08:41:07Z TRACE [msg.payload] {"id":506,"comp":1,"evap":{"in":26.5,"out":17.6,"fan":50},"cond":{"in":31.5,"out":44.5,"fan":100}}
2025/09/12 08:41:08Z TRACE [msg.payload] {"id":506,"hb":1767}
2025/09/12 08:41:08Z TRACE [msg.payload] {"id":506,"comp":1,"evap":{"in":26.4,"out":17.7,"fan":50},"cond":{"in":31.5,"out":44.6,"fan":100}}
2025/09/12 08:41:09Z TRACE [msg.payload] {"id":506,"hb":1768}
2025/09/12 08:41:09Z TRACE [msg.payload] {"id":506,"comp":1,"evap":{"in":26.2,"out":17.6,"fan":50},"cond":{"in":31.5,"out":44.4,"fan":100}}
2025/09/12 08:41:10Z TRACE [msg.payload] {"id":506,"hb":1769}
2025/09/12 08:41:10Z TRACE [msg.payload] {"id":506,"comp":1,"evap":{"in":26.1,"out":17.6,"fan":50},"cond":{"in":31.1,"out":44.2,"fan":100}}
2025/09/12 08:41:11Z TRACE [msg.payload] {"id":506,"hb":1770}
2025/09/12 08:41:11Z TRACE [msg.payload] {"id":506,"comp":1,"evap":{"in":26.6,"out":17.4,"fan":50},"cond":{"in":31.7,"out":44.7,"fan":100}}
2025/09/12 08:41:12Z TRACE [msg.payload] {"id":506,"hb":1771}
2025/09/12 08:41:12Z TRACE [msg.payload] {"id":506,"comp":1,"evap":{"in":26.6,"out":17.5,"fan":50},"cond":{"in":31.9,"out":44.7,"fan":100}}
2025/09/12 08:41:13Z TRACE [msg.payload] {"id":506,"hb":1772}
2025/09/12 08:41:13Z TRACE [msg.payload] {"id":506,"comp":1,"evap":{"in":26.6,"out":17.7,"fan":50},"cond":{"in":31.4,"out":44.6,"fan":100}}
2025/09/12 08:41:14Z TRACE [msg.payload] {"id":506,"hb":1773}
2025/09/12 08:41:14Z TRACE [msg.payload] {"id":506,"comp":1,"evap":{"in":26.3,"out":17.6,"fan":50},"cond":{"in":31.5,"out":44.5,"fan":100}}
2025/09/12 08:41:15Z TRACE [msg.payload] {"id":506,"hb":1774}
2025/09/12 08:41:15Z TRACE [msg.payload] {"id":506,"comp":1,"evap":{"in":26.4,"out":17.2,"fan":50},"cond":{"in":31.2,"out":44.6,"fan":100}}
2025/09/12 08:41:16Z TRACE [msg.payload] {"id":506,"hb":1775}
2025/09/12 08:41:16Z TRACE [msg.payload] {"id":506,"comp":1,"evap":{"in":26.3,"out":17.1,"fan":50},"cond":{"in":31.7,"out":44.7,"fan":100}}
2025/09/12 08:41:17Z TRACE [msg.payload] {"id":506,"hb":1776}
2025/09/12 08:41:17Z TRACE [msg.payload] {"id":506,"comp":1,"evap":{"in":26.4,"out":17.7,"fan":50},"cond":{"in":31.8,"out":44.9,"fan":100}}
2025/09/12 08:41:18Z TRACE [msg.payload] {"id":506,"hb":1777}
2025/09/12 08:41:18Z TRACE [msg.payload] {"id":506,"comp":1,"evap":{"in":26.1,"out":17.8,"fan":50},"cond":{"in":31.6,"out":44.6,"fan":100}}
2025/09/12 08:41:19Z TRACE [msg.payload] {"id":506,"hb":1778}
2025/09/12 08:41:19Z TRACE [msg.payload] {"id":506,"comp":1,"evap":{"in":26.3,"out":17.6,"fan":50},"cond":{"in":31.4,"out":44.5,"fan":100}}
2025/09/12 08:41:20Z TRACE [msg.payload] {"id":506,"hb":1779}
2025/09/12 08:41:20Z TRACE [msg.payload] {"id":506,"comp":1,"evap":{"in":26.5,"out":17.9,"fan":50},"cond":{"in":31.7,"out":44.5,"fan":100}}
2025/09/12 08:41:21Z TRACE [msg.payload] {"id":506,"hb":1780}
2025/09/12 08:41:21Z TRACE [msg.payload] {"id":506,"comp":1,"evap":{"in":26.5,"out":17.4,"fan":50},"cond":{"in":31.5,"out":44.9,"fan":100}}
2025/09/12 08:41:22Z TRACE [msg.payload] {"id":506,"hb":1781}
2025/09/12 08:41:22Z TRACE [msg.payload] {"id":506,"comp":1,"evap":{"in":26.5,"out":17.2,"fan":50},"cond":{"in":31.5,"out":44.6,"fan":100}}
2025/09/12 08:41:23Z TRACE [msg.payload] {"id":506,"hb":1782}
2025/09/12 08:41:23Z TRACE [msg.payload] {"id":506,"comp":1,"evap":{"in":26.4,"out":17.8,"fan":50},"cond":{"in":31.6,"out":44.3,"fan":100}}
2025/09/12 08:41:24Z TRACE [msg.payload] {"id":506,"hb":1783}
2025/09/12 08:41:24Z TRACE [msg.payload] {"id":506,"comp":1,"evap":{"in":26.5,"out":17.7,"fan":50},"cond":{"in":31.4,"out":44.6,"fan":100}}
2025/09/12 08:41:25Z TRACE [msg.payload] {"id":506,"hb":1784}
2025/09/12 08:41:25Z TRACE [msg.payload] {"id":506,"comp":1,"evap":{"in":26,"out":17.5,"fan":50},"cond":{"in":31.5,"out":44.7,"fan":100}}
2025/09/12 08:41:26Z TRACE [msg.payload] {"id":506,"hb":1785}
2025/09/12 08:41:26Z TRACE [msg.payload] {"id":506,"comp":1,"evap":{"in":26.6,"out":17.8,"fan":50},"cond":{"in":31.7,"out":44.5,"fan":100}}
2025/09/12 08:41:27Z TRACE [msg.payload] {"id":506,"hb":1786}
2025/09/12 08:41:27Z TRACE [msg.payload] {"id":506,"comp":1,"evap":{"in":26.6,"out":17.8,"fan":50},"cond":{"in":31.6,"out":44.7,"fan":100}}
2025/09/12 08:41:28Z TRACE [msg.payload] {"id":506,"hb":1787}
2025/09/12 08:41:28Z TRACE [msg.payload] {"id":506,"comp":1,"evap":{"in":26.5,"out":17.9,"fan":50},"cond":{"in":31.6,"out":44.6,"fan":100}}
2025/09/12 08:41:29Z TRACE [msg.payload] {"id":506,"hb":1788}
2025/09/12 08:41:29Z TRACE [msg.payload] {"id":506,"comp":1,"evap":{"in":26.2,"out":17.6,"fan":50},"cond":{"in":31.2,"out":44.3,"fan":100}}
2025/09/12 08:41:30Z TRACE [msg.payload] {"id":506,"hb":1789}
2025/09/12 08:41:30Z TRACE [msg.payload] {"id":506,"comp":1,"evap":{"in":26.6,"out":17.6,"fan":50},"cond":{"in":31.4,"out":44.5,"fan":100}}
2025/09/12 08:41:31Z TRACE [msg.payload] {"id":506,"hb":1790}
2025/09/12 08:41:31Z TRACE [msg.payload] {"id":506,"comp":1,"evap":{"in":26.5,"out":17.3,"fan":50},"cond":{"in":31.6,"out":44.7,"fan":100}}
2025/09/12 08:41:32Z TRACE [msg.payload] {"id":506,"hb":1791}
2025/09/12 08:41:32Z TRACE [msg.payload] {"id":506,"comp":1,"evap":{"in":25.9,"out":17.4,"fan":50},"cond":{"in":31.6,"out":44.6,"fan":100}}
2025/09/12 08:41:33Z TRACE [msg.payload] {"id":506,"hb":1792}
2025/09/12 08:41:33Z TRACE [msg.payload] {"id":506,"comp":1,"evap":{"in":26.4,"out":17.8,"fan":50},"cond":{"in":31.6,"out":44.4,"fan":100}}
2025/09/12 08:41:34Z TRACE [msg.payload] {"id":506,"hb":1793}
2025/09/12 08:41:34Z TRACE [msg.payload] {"id":506,"comp":1,"evap":{"in":26.6,"out":17.6,"fan":50},"cond":{"in":31.5,"out":46.6,"fan":100}}
2025/09/12 08:41:35Z TRACE [msg.payload] {"id":506,"hb":1794}
2025/09/12 08:41:35Z TRACE [msg.payload] {"id":506,"comp":1,"evap":{"in":26.3,"out":17.5,"fan":50},"cond":{"in":31.5,"out":44.6,"fan":100}}
2025/09/12 08:41:36Z TRACE [msg.payload] {"id":506,"hb":1795}
2025/09/12 08:41:36Z TRACE [msg.payload] {"id":506,"comp":1,"evap":{"in":26.1,"out":17.7,"fan":50},"cond":{"in":31.4,"out":44.3,"fan":100}}
2025/09/12 08:41:37Z TRACE [msg.payload] {"id":506,"hb":1796}
2025/09/12 08:41:37Z TRACE [msg.payload] {"id":506,"comp":1,"evap":{"in":26.6,"out":17.7,"fan":50},"cond":{"in":31.6,"out":44.7,"fan":100}}
2025/09/12 08:41:38Z TRACE [msg.payload] {"id":506,"hb":1797}
2025/09/12 08:41:38Z TRACE [msg.payload] {"id":506,"comp":1,"evap":{"in":26.5,"out":17.3,"fan":50},"cond":{"in":31.5,"out":44.6,"fan":100}}
2025/09/12 08:41:39Z TRACE [msg.payload] {"id":506,"hb":1798}
2025/09/12 08:41:39Z TRACE [msg.payload] {"id":506,"comp":1,"evap":{"in":28.3,"out":17.7,"fan":50},"cond":{"in":31.3,"out":43.1,"fan":100}}
2025/09/12 08:41:40Z TRACE [msg.payload] {"id":506,"hb":1799}
2025/09/12 08:41:40Z TRACE [msg.payload] {"id":506,"comp":1,"evap":{"in":26.5,"out":17.7,"fan":50},"cond":{"in":31.5,"out":44.6,"fan":100}}
2025/09/12 08:41:41Z TRACE [msg.payload] {"id":506,"hb":1800}
2025/09/12 08:41:41Z TRACE [msg.payload] {"id":506,"comp":1,"evap":{"in":26.2,"out":17.5,"fan":50},"cond":{"in":31.5,"out":44.6,"fan":100}}
2025/09/12 08:41:42Z TRACE [msg.payload] {"id":506,"hb":1801}
2025/09/12 08:41:42Z TRACE [msg.payload] {"id":506,"comp":1,"evap":{"in":26.2,"out":17.2,"fan":50},"cond":{"in":31.6,"out":44.9,"fan":100}}
2025/09/12 08:41:43Z TRACE [msg.payload] {"id":506,"hb":1802}
2025/09/12 08:41:43Z TRACE [msg.payload] {"id":506,"comp":1,"evap":{"in":26.5,"out":17.7,"fan":50},"cond":{"in":31.5,"out":44.4,"fan":100}}
2025/09/12 08:41:44Z TRACE [msg.payload] {"id":506,"hb":1803}
2025/09/12 08:41:44Z TRACE [msg.payload] {"id":506,"comp":1,"evap":{"in":26.6,"out":17.7,"fan":50},"cond":{"in":31.4,"out":44.5,"fan":100}}
2025/09/12 08:41:45Z TRACE [msg.payload] {"id":506,"hb":1804}
2025/09/12 08:41:45Z TRACE [msg.payload] {"id":506,"comp":1,"evap":{"in":26.5,"out":17.4,"fan":50},"cond":{"in":31.4,"out":44.5,"fan":100}}
2025/09/12 08:41:46Z TRACE [msg.payload] {"id":506,"hb":1805}
2025/09/12 08:41:46Z TRACE [msg.payload] {"id":506,"comp":1,"evap":{"in":26.8,"out":17.9,"fan":50},"cond":{"in":31.8,"out":44.3,"fan":100}}
2025/09/12 08:41:47Z TRACE [msg.payload] {"id":506,"hb":1806}
2025/09/12 08:41:47Z TRACE [msg.payload] {"id":506,"comp":1,"evap":{"in":26.7,"out":17.9,"fan":50},"cond":{"in":31.7,"out":44.8,"fan":100}}
2025/09/12 08:41:48Z TRACE [msg.payload] {"id":506,"hb":1807}
2025/09/12 08:41:48Z TRACE [msg.payload] {"id":506,"comp":1,"evap":{"in":26.9,"out":17.9,"fan":50},"cond":{"in":31.6,"out":44.4,"fan":100}}
2025/09/12 08:41:49Z TRACE [msg.payload] {"id":506,"hb":1808}
2025/09/12 08:41:49Z TRACE [msg.payload] {"id":506,"comp":1,"evap":{"in":24.6,"out":17.9,"fan":50},"cond":{"in":29.3,"out":44.4,"fan":100}}
2025/09/12 08:41:50Z TRACE [msg.payload] {"id":506,"hb":1809}
2025/09/12 08:41:50Z TRACE [msg.payload] {"id":506,"comp":1,"evap":{"in":27,"out":17.8,"fan":50},"cond":{"in":31.5,"out":44.5,"fan":100}}
2025/09/12 08:41:51Z TRACE [msg.payload] {"id":506,"hb":1810}
2025/09/12 08:41:51Z TRACE [msg.payload] {"id":506,"comp":1,"evap":{"in":26.8,"out":17.6,"fan":50},"cond":{"in":31.6,"out":44.7,"fan":100}}
2025/09/12 08:41:52Z TRACE [msg.payload] {"id":506,"hb":1811}
2025/09/12 08:41:52Z TRACE [msg.payload] {"id":506,"comp":1,"evap":{"in":26.6,"out":17.7,"fan":50},"cond":{"in":31.5,"out":44.7,"fan":100}}
2025/09/12 08:41:53Z TRACE [msg.payload] {"id":506,"hb":1812}
2025/09/12 08:41:53Z TRACE [msg.payload] {"id":506,"comp":1,"evap":{"in":27.1,"out":17.9,"fan":50},"cond":{"in":32.2,"out":44.3,"fan":100}}
2025/09/12 08:41:54Z TRACE [msg.payload] {"id":506,"hb":1813}
2025/09/12 08:41:54Z TRACE [msg.payload] {"id":506,"comp":1,"evap":{"in":27,"out":17.5,"fan":50},"cond":{"in":31.2,"out":42.9,"fan":100}}
2025/09/12 08:41:55Z TRACE [msg.payload] {"id":506,"hb":1814}
2025/09/12 08:41:55Z TRACE [msg.payload] {"id":506,"comp":1,"evap":{"in":26.9,"out":17.9,"fan":50},"cond":{"in":31.5,"out":44.5,"fan":100}}
2025/09/12 08:41:56Z TRACE [msg.payload] {"id":506,"hb":1815}
2025/09/12 08:41:56Z TRACE [msg.payload] {"id":506,"comp":1,"evap":{"in":27,"out":17.9,"fan":50},"cond":{"in":31.7,"out":44.3,"fan":100}}
2025/09/12 08:41:57Z TRACE [msg.payload] {"id":506,"hb":1816}
2025/09/12 08:41:57Z TRACE [msg.payload] {"id":506,"comp":1,"evap":{"in":27.5,"out":17.9,"fan":50},"cond":{"in":31.7,"out":44.7,"fan":100}}
2025/09/12 08:41:58Z TRACE [msg.payload] {"id":506,"hb":1817}
2025/09/12 08:41:58Z TRACE [msg.payload] {"id":506,"comp":1,"evap":{"in":27.3,"out":17.9,"fan":50},"cond":{"in":31.6,"out":44.6,"fan":100}}
2025/09/12 08:41:59Z TRACE [msg.payload] {"id":506,"hb":1818}
2025/09/12 08:41:59Z TRACE [msg.payload] {"id":506,"comp":1,"evap":{"in":27.2,"out":17.7,"fan":50},"cond":{"in":31.5,"out":44.5,"fan":100}}
2025/09/12 08:42:00Z TRACE [msg.payload] {"id":506,"hb":1819}
2025/09/12 08:42:00Z TRACE [msg.payload] {"id":506,"comp":1,"evap":{"in":27.3,"out":17.9,"fan":50},"cond":{"in":31.5,"out":44.7,"fan":100}}
2025/09/12 08:42:01Z TRACE [msg.payload] {"id":506,"hb":1820}
2025/09/12 08:42:01Z TRACE [msg.payload] {"id":506,"comp":1,"evap":{"in":27,"out":17.6,"fan":50},"cond":{"in":31.9,"out":44.7,"fan":100}}
2025/09/12 08:42:02Z TRACE [msg.payload] {"id":506,"hb":1821}
2025/09/12 08:42:02Z TRACE [msg.payload] {"id":506,"comp":1,"evap":{"in":26.9,"out":17.8,"fan":50},"cond":{"in":31.8,"out":44.9,"fan":100}}
2025/09/12 08:42:03Z TRACE [msg.payload] {"id":506,"hb":1822}
2025/09/12 08:42:03Z TRACE [msg.payload] {"id":506,"comp":1,"evap":{"in":27.5,"out":18.7,"fan":50},"cond":{"in":31.7,"out":44.4,"fan":100}}
2025/09/12 08:42:04Z TRACE [msg.payload] {"id":506,"hb":1823}
2025/09/12 08:42:04Z TRACE [msg.payload] {"id":506,"comp":1,"evap":{"in":27.5,"out":18.5,"fan":50},"cond":{"in":31.7,"out":44.4,"fan":100}}
2025/09/12 08:42:05Z TRACE [msg.payload] {"id":506,"hb":1824}
2025/09/12 08:42:05Z TRACE [msg.payload] {"id":506,"comp":1,"evap":{"in":27.2,"out":17.9,"fan":50},"cond":{"in":31.5,"out":45.6,"fan":100}}
2025/09/12 08:42:06Z TRACE [msg.payload] {"id":506,"hb":1825}
2025/09/12 08:42:06Z TRACE [msg.payload] {"id":506,"comp":1,"evap":{"in":27.2,"out":17.9,"fan":50},"cond":{"in":31.5,"out":44.7,"fan":100}}
2025/09/12 08:42:07Z TRACE [msg.payload] {"id":506,"hb":1826}
2025/09/12 08:42:07Z TRACE [msg.payload] {"id":506,"comp":1,"evap":{"in":27.2,"out":17.9,"fan":50},"cond":{"in":31.5,"out":44.5,"fan":100}}
2025/09/12 08:42:08Z TRACE [msg.payload] {"id":506,"hb":1827}
2025/09/12 08:42:08Z TRACE [msg.payload] {"id":506,"comp":1,"evap":{"in":26.8,"out":17.7,"fan":50},"cond":{"in":31.5,"out":44.6,"fan":100}}
2025/09/12 08:42:09Z TRACE [msg.payload] {"id":506,"hb":1828}
2025/09/12 08:42:09Z TRACE [msg.payload] {"id":506,"comp":1,"evap":{"in":29.4,"out":18.3,"fan":50},"cond":{"in":31.8,"out":44.5,"fan":100}}
2025/09/12 08:42:10Z TRACE [msg.payload] {"id":506,"hb":1829}
2025/09/12 08:42:10Z TRACE [msg.payload] {"id":506,"comp":1,"evap":{"in":27.5,"out":18.4,"fan":50},"cond":{"in":31.5,"out":44.6,"fan":100}}
2025/09/12 08:42:11Z TRACE [msg.payload] {"id":506,"hb":1830}
2025/09/12 08:42:11Z TRACE [msg.payload] {"id":506,"comp":1,"evap":{"in":27.1,"out":17.9,"fan":50},"cond":{"in":31.4,"out":44.7,"fan":100}}
2025/09/12 08:42:12Z TRACE [msg.payload] {"id":506,"hb":1831}
2025/09/12 08:42:12Z TRACE [msg.payload] {"id":506,"comp":1,"evap":{"in":27.3,"out":17.9,"fan":50},"cond":{"in":32,"out":44.5,"fan":100}}
2025/09/12 08:42:13Z TRACE [msg.payload] {"id":506,"hb":1832}
2025/09/12 08:42:13Z TRACE [msg.payload] {"id":506,"comp":1,"evap":{"in":27.4,"out":18.5,"fan":50},"cond":{"in":31.6,"out":44.5,"fan":100}}
2025/09/12 08:42:14Z TRACE [msg.payload] {"id":506,"hb":1833}
2025/09/12 08:42:14Z TRACE [msg.payload] {"id":506,"comp":1,"evap":{"in":27.3,"out":18.5,"fan":50},"cond":{"in":32.6,"out":44.7,"fan":100}}
2025/09/12 08:42:15Z TRACE [msg.payload] {"id":506,"hb":1834}
2025/09/12 08:42:15Z TRACE [msg.payload] {"id":506,"comp":1,"evap":{"in":27.3,"out":17.7,"fan":50},"cond":{"in":31.4,"out":44.6,"fan":100}}
2025/09/12 08:42:16Z TRACE [msg.payload] {"id":506,"hb":1835}
2025/09/12 08:42:16Z TRACE [msg.payload] {"id":506,"comp":1,"evap":{"in":27.3,"out":18.4,"fan":50},"cond":{"in":32,"out":44.6,"fan":100}}
2025/09/12 08:42:17Z TRACE [msg.payload] {"id":506,"hb":1836}
2025/09/12 08:42:17Z TRACE [msg.payload] {"id":506,"comp":1,"evap":{"in":27.3,"out":17.2,"fan":50},"cond":{"in":31.9,"out":44.7,"fan":100}}
2025/09/12 08:42:18Z TRACE [msg.payload] {"id":506,"hb":1837}
2025/09/12 08:42:18Z TRACE [msg.payload] {"id":506,"comp":1,"evap":{"in":27.4,"out":17.9,"fan":50},"cond":{"in":31.9,"out":44.7,"fan":100}}
2025/09/12 08:42:19Z TRACE [msg.payload] {"id":506,"hb":1838}
2025/09/12 08:42:20Z TRACE [msg.payload] {"id":506,"comp":1,"evap":{"in":27.5,"out":18.6,"fan":50},"cond":{"in":31.6,"out":44.5,"fan":100}}
2025/09/12 08:42:20Z TRACE [msg.payload] {"id":506,"hb":1839}
2025/09/12 08:42:20Z TRACE [msg.payload] {"id":506,"comp":1,"evap":{"in":27.6,"out":19.5,"fan":50},"cond":{"in":31.4,"out":44.6,"fan":100}}
2025/09/12 08:42:21Z TRACE [msg.payload] {"id":506,"hb":1840}
2025/09/12 08:42:21Z TRACE [msg.payload] {"id":506,"comp":1,"evap":{"in":27.3,"out":17.9,"fan":50},"cond":{"in":31.5,"out":44.7,"fan":100}}
2025/09/12 08:42:22Z TRACE [msg.payload] {"id":506,"hb":1841}
2025/09/12 08:42:23Z TRACE [msg.payload] {"id":506,"comp":1,"evap":{"in":27.4,"out":17.9,"fan":50},"cond":{"in":31.1,"out":45.6,"fan":100}}
2025/09/12 08:42:23Z TRACE [msg.payload] {"id":506,"hb":1842}
2025/09/12 08:42:24Z TRACE [msg.payload] {"id":506,"comp":1,"evap":{"in":27.7,"out":18.7,"fan":50},"cond":{"in":31.7,"out":44.7,"fan":100}}
2025/09/12 08:42:24Z TRACE [msg.payload] {"id":506,"hb":1843}
2025/09/12 08:42:25Z TRACE [msg.payload] {"id":506,"comp":1,"evap":{"in":27.7,"out":18.8,"fan":50},"cond":{"in":31.7,"out":44.7,"fan":100}}
2025/09/12 08:42:25Z TRACE [msg.payload] {"id":506,"hb":1844}
2025/09/12 08:42:26Z TRACE [msg.payload] {"id":506,"comp":1,"evap":{"in":27.6,"out":18.6,"fan":50},"cond":{"in":31.5,"out":44.6,"fan":100}}
2025/09/12 08:42:26Z TRACE [msg.payload] {"id":506,"hb":1845}
2025/09/12 08:42:27Z TRACE [msg.payload] {"id":506,"comp":1,"evap":{"in":27.4,"out":18.5,"fan":50},"cond":{"in":31.4,"out":45,"fan":100}}
2025/09/12 08:42:27Z TRACE [msg.payload] {"id":506,"hb":1846}
2025/09/12 08:42:28Z TRACE [msg.payload] {"id":506,"comp":1,"evap":{"in":27.5,"out":18.3,"fan":50},"cond":{"in":31.8,"out":44.9,"fan":100}}
2025/09/12 08:42:28Z TRACE [msg.payload] {"id":506,"hb":1847}
2025/09/12 08:42:29Z TRACE [msg.payload] {"id":506,"comp":1,"evap":{"in":27.4,"out":17.9,"fan":50},"cond":{"in":31.7,"out":44.8,"fan":100}}
2025/09/12 08:42:29Z TRACE [msg.payload] {"id":506,"hb":1848}
2025/09/12 08:42:30Z TRACE [msg.payload] {"id":506,"comp":1,"evap":{"in":27.7,"out":18.3,"fan":50},"cond":{"in":31.5,"out":44.6,"fan":100}}
2025/09/12 08:42:30Z TRACE [msg.payload] {"id":506,"hb":1849}
2025/09/12 08:42:31Z TRACE [msg.payload] {"id":506,"comp":1,"evap":{"in":27.7,"out":18.7,"fan":50},"cond":{"in":31.6,"out":44.7,"fan":100}}
2025/09/12 08:42:31Z TRACE [msg.payload] {"id":506,"hb":1850}
2025/09/12 08:42:32Z TRACE [msg.payload] {"id":506,"comp":1,"evap":{"in":27.5,"out":18.4,"fan":50},"cond":{"in":31.5,"out":42.9,"fan":100}}
2025/09/12 08:42:32Z TRACE [msg.payload] {"id":506,"hb":1851}
2025/09/12 08:42:33Z TRACE [msg.payload] {"id":506,"comp":1,"evap":{"in":27.4,"out":17.9,"fan":50},"cond":{"in":31.5,"out":44.8,"fan":100}}
2025/09/12 08:42:33Z TRACE [msg.payload] {"id":506,"hb":1852}
2025/09/12 08:42:34Z TRACE [msg.payload] {"id":506,"comp":1,"evap":{"in":27.7,"out":17.9,"fan":50},"cond":{"in":31.8,"out":44.9,"fan":100}}
2025/09/12 08:42:34Z TRACE [msg.payload] {"id":506,"hb":1853}
2025/09/12 08:42:35Z TRACE [msg.payload] {"id":506,"comp":1,"evap":{"in":27.7,"out":18.7,"fan":50},"cond":{"in":31.6,"out":44.7,"fan":100}}
2025/09/12 08:42:35Z TRACE [msg.payload] {"id":506,"hb":1854}
2025/09/12 08:42:36Z TRACE [msg.payload] {"id":506,"comp":1,"evap":{"in":27.7,"out":18.4,"fan":50},"cond":{"in":31.5,"out":44.7,"fan":100}}
2025/09/12 08:42:36Z TRACE [msg.payload] {"id":506,"hb":1855}
2025/09/12 08:42:37Z TRACE [msg.payload] {"id":506,"comp":1,"evap":{"in":27.5,"out":18.5,"fan":50},"cond":{"in":31.4,"out":44.6,"fan":100}}
2025/09/12 08:42:37Z TRACE [msg.payload] {"id":506,"hb":1856}
2025/09/12 08:42:38Z TRACE [msg.payload] {"id":506,"comp":1,"evap":{"in":27.4,"out":17.9,"fan":50},"cond":{"in":31.7,"out":44.7,"fan":100}}
2025/09/12 08:42:38Z TRACE [msg.payload] {"id":506,"hb":1857}
2025/09/12 08:42:39Z TRACE [msg.payload] {"id":506,"comp":1,"evap":{"in":27.6,"out":18.4,"fan":50},"cond":{"in":31.6,"out":44.9,"fan":100}}
2025/09/12 08:42:39Z TRACE [msg.payload] {"id":506,"hb":1858}
2025/09/12 08:42:40Z TRACE [msg.payload] {"id":506,"comp":1,"evap":{"in":27.8,"out":18.9,"fan":50},"cond":{"in":31.7,"out":44.8,"fan":100}}
2025/09/12 08:42:40Z TRACE [msg.payload] {"id":506,"hb":1859}
2025/09/12 08:42:41Z TRACE [msg.payload] {"id":506,"comp":1,"evap":{"in":27.8,"out":18.7,"fan":50},"cond":{"in":31.6,"out":44.6,"fan":100}}
2025/09/12 08:42:41Z TRACE [msg.payload] {"id":506,"hb":1860}
2025/09/12 08:42:42Z TRACE [msg.payload] {"id":506,"comp":1,"evap":{"in":27.5,"out":18.5,"fan":50},"cond":{"in":31.5,"out":44.8,"fan":100}}
2025/09/12 08:42:42Z TRACE [msg.payload] {"id":506,"hb":1861}
2025/09/12 08:42:43Z TRACE [msg.payload] {"id":506,"comp":1,"evap":{"in":27.6,"out":18.4,"fan":50},"cond":{"in":31.4,"out":45.1,"fan":100}}
2025/09/12 08:42:43Z TRACE [msg.payload] {"id":506,"hb":1862}
2025/09/12 08:42:44Z TRACE [msg.payload] {"id":506,"comp":1,"evap":{"in":27.9,"out":18.5,"fan":50},"cond":{"in":31.6,"out":44.7,"fan":100}}
2025/09/12 08:42:44Z TRACE [msg.payload] {"id":506,"hb":1863}
2025/09/12 08:42:45Z TRACE [msg.payload] {"id":506,"comp":1,"evap":{"in":28,"out":18.4,"fan":50},"cond":{"in":31.7,"out":44.8,"fan":100}}
2025/09/12 08:42:45Z TRACE [msg.payload] {"id":506,"hb":1864}
2025/09/12 08:42:46Z TRACE [msg.payload] {"id":506,"comp":1,"evap":{"in":27.8,"out":18.7,"fan":50},"cond":{"in":31.5,"out":44.6,"fan":100}}
2025/09/12 08:42:46Z TRACE [msg.payload] {"id":506,"hb":1865}
2025/09/12 08:42:47Z TRACE [msg.payload] {"id":506,"comp":1,"evap":{"in":27.5,"out":18.7,"fan":50},"cond":{"in":31.6,"out":44.7,"fan":100}}
2025/09/12 08:42:47Z TRACE [msg.payload] {"id":506,"hb":1866}
2025/09/12 08:42:48Z TRACE [msg.payload] {"id":506,"comp":1,"evap":{"in":27.7,"out":18.4,"fan":50},"cond":{"in":31.5,"out":45,"fan":100}}
2025/09/12 08:42:48Z TRACE [msg.payload] {"id":506,"hb":1867}
2025/09/12 08:42:49Z TRACE [msg.payload] {"id":506,"comp":1,"evap":{"in":27,"out":18.4,"fan":50},"cond":{"in":31.6,"out":44.9,"fan":100}}
2025/09/12 08:42:49Z TRACE [msg.payload] {"id":506,"hb":1868}
2025/09/12 08:42:50Z TRACE [msg.payload] {"id":506,"comp":1,"evap":{"in":27.3,"out":19,"fan":50},"cond":{"in":31.8,"out":44.8,"fan":100}}
2025/09/12 08:42:50Z TRACE [msg.payload] {"id":506,"hb":1869}
2025/09/12 08:42:51Z TRACE [msg.payload] {"id":506,"comp":1,"evap":{"in":27.7,"out":18.7,"fan":50},"cond":{"in":31.5,"out":46,"fan":100}}
2025/09/12 08:42:51Z TRACE [msg.payload] {"id":506,"hb":1870}
2025/09/12 08:42:52Z TRACE [msg.payload] {"id":506,"comp":1,"evap":{"in":27.5,"out":17.7,"fan":50},"cond":{"in":31.4,"out":44.8,"fan":100}}
2025/09/12 08:42:52Z TRACE [msg.payload] {"id":506,"hb":1871}
2025/09/12 08:42:53Z TRACE [msg.payload] {"id":506,"comp":1,"evap":{"in":27.5,"out":18.4,"fan":50},"cond":{"in":31.7,"out":45,"fan":100}}
2025/09/12 08:42:53Z TRACE [msg.payload] {"id":506,"hb":1872}
2025/09/12 08:42:54Z TRACE [msg.payload] {"id":506,"comp":1,"evap":{"in":28,"out":18.8,"fan":50},"cond":{"in":31.4,"out":44.6,"fan":100}}
2025/09/12 08:42:54Z TRACE [msg.payload] {"id":506,"hb":1873}
2025/09/12 08:42:55Z TRACE [msg.payload] {"id":506,"comp":1,"evap":{"in":27.2,"out":18.4,"fan":50},"cond":{"in":31.7,"out":45.2,"fan":100}}
2025/09/12 08:42:55Z TRACE [msg.payload] {"id":506,"hb":1874}
2025/09/12 08:42:56Z TRACE [msg.payload] {"id":506,"comp":1,"evap":{"in":27.7,"out":18.7,"fan":50},"cond":{"in":31.5,"out":44.7,"fan":100}}
2025/09/12 08:42:56Z TRACE [msg.payload] {"id":506,"hb":1875}
2025/09/12 08:42:57Z TRACE [msg.payload] {"id":506,"comp":1,"evap":{"in":27.9,"out":18.8,"fan":50},"cond":{"in":31.5,"out":44.7,"fan":100}}
2025/09/12 08:42:57Z TRACE [msg.payload] {"id":506,"hb":1876}
2025/09/12 08:42:58Z TRACE [msg.payload] {"id":506,"comp":1,"evap":{"in":27.5,"out":17.9,"fan":50},"cond":{"in":31.6,"out":44.9,"fan":100}}
2025/09/12 08:42:58Z TRACE [msg.payload] {"id":506,"hb":1877}
2025/09/12 08:42:59Z TRACE [msg.payload] {"id":506,"comp":1,"evap":{"in":27.6,"out":17.9,"fan":50},"cond":{"in":31.7,"out":44.9,"fan":100}}
2025/09/12 08:42:59Z TRACE [msg.payload] {"id":506,"hb":1878}
2025/09/12 08:43:00Z TRACE [msg.payload] {"id":506,"comp":1,"evap":{"in":27.7,"out":18.8,"fan":50},"cond":{"in":31.6,"out":44.7,"fan":100}}
2025/09/12 08:43:00Z TRACE [msg.payload] {"id":506,"hb":1879}
2025/09/12 08:43:01Z TRACE [msg.payload] {"id":506,"comp":1,"evap":{"in":27.9,"out":18.6,"fan":50},"cond":{"in":31.8,"out":44.9,"fan":100}}
2025/09/12 08:43:01Z TRACE [msg.payload] {"id":506,"hb":1880}
2025/09/12 08:43:02Z TRACE [msg.payload] {"id":506,"comp":1,"evap":{"in":27.4,"out":18.3,"fan":50},"cond":{"in":31.6,"out":44.8,"fan":100}}
2025/09/12 08:43:02Z TRACE [msg.payload] {"id":506,"hb":1881}
2025/09/12 08:43:03Z TRACE [msg.payload] {"id":506,"comp":1,"evap":{"in":27.5,"out":18.8,"fan":50},"cond":{"in":31.5,"out":44.7,"fan":100}}
2025/09/12 08:43:03Z TRACE [msg.payload] {"id":506,"hb":1882}
2025/09/12 08:43:04Z TRACE [msg.payload] {"id":506,"comp":1,"evap":{"in":27.7,"out":18.4,"fan":50},"cond":{"in":31.6,"out":44.9,"fan":100}}
2025/09/12 08:43:04Z TRACE [msg.payload] {"id":506,"hb":1883}
2025/09/12 08:43:05Z TRACE [msg.payload] {"id":506,"comp":1,"evap":{"in":27.5,"out":17.9,"fan":50},"cond":{"in":31.7,"out":44.8,"fan":100}}
2025/09/12 08:43:05Z TRACE [msg.payload] {"id":506,"hb":1884}
2025/09/12 08:43:06Z TRACE [msg.payload] {"id":506,"comp":1,"evap":{"in":27.8,"out":18.9,"fan":50},"cond":{"in":31.9,"out":44.8,"fan":100}}
2025/09/12 08:43:06Z TRACE [msg.payload] {"id":506,"hb":1885}
2025/09/12 08:43:07Z TRACE [msg.payload] {"id":506,"comp":1,"evap":{"in":27.8,"out":19,"fan":50},"cond":{"in":31.5,"out":44.7,"fan":100}}
2025/09/12 08:43:07Z TRACE [msg.payload] {"id":506,"hb":1886}
2025/09/12 08:43:08Z TRACE [msg.payload] {"id":506,"comp":1,"evap":{"in":27.4,"out":18.7,"fan":50},"cond":{"in":31.4,"out":45,"fan":100}}
2025/09/12 08:43:08Z TRACE [msg.payload] {"id":506,"hb":1887}
2025/09/12 08:43:09Z TRACE [msg.payload] {"id":506,"comp":1,"evap":{"in":27.5,"out":18.5,"fan":50},"cond":{"in":31.7,"out":44.9,"fan":100}}
2025/09/12 08:43:09Z TRACE [msg.payload] {"id":506,"hb":1888}
2025/09/12 08:43:10Z TRACE [msg.payload] {"id":506,"comp":1,"evap":{"in":27.8,"out":18.9,"fan":50},"cond":{"in":31.6,"out":44.7,"fan":100}}
2025/09/12 08:43:10Z TRACE [msg.payload] {"id":506,"hb":1889}
2025/09/12 08:43:11Z TRACE [msg.payload] {"id":506,"comp":1,"evap":{"in":27.7,"out":18.9,"fan":50},"cond":{"in":31.4,"out":44.8,"fan":100}}
2025/09/12 08:43:11Z TRACE [msg.payload] {"id":506,"hb":1890}
2025/09/12 08:43:12Z TRACE [msg.payload] {"id":506,"comp":1,"evap":{"in":27.6,"out":18.8,"fan":50},"cond":{"in":31.5,"out":44.7,"fan":100}}
2025/09/12 08:43:12Z TRACE [msg.payload] {"id":506,"hb":1891}
2025/09/12 08:43:13Z TRACE [msg.payload] {"id":506,"comp":1,"evap":{"in":27.5,"out":18.8,"fan":50},"cond":{"in":31.5,"out":44.8,"fan":100}}
2025/09/12 08:43:13Z TRACE [msg.payload] {"id":506,"hb":1892}
2025/09/12 08:43:14Z TRACE [msg.payload] {"id":506,"comp":1,"evap":{"in":27.7,"out":17.9,"fan":50},"cond":{"in":31.6,"out":44.9,"fan":100}}
2025/09/12 08:43:14Z TRACE [msg.payload] {"id":506,"hb":1893}
2025/09/12 08:43:15Z TRACE [msg.payload] {"id":506,"comp":1,"evap":{"in":28,"out":18.6,"fan":50},"cond":{"in":31.7,"out":45,"fan":100}}
2025/09/12 08:43:15Z TRACE [msg.payload] {"id":506,"hb":1894}
2025/09/12 08:43:16Z TRACE [msg.payload] {"id":506,"comp":1,"evap":{"in":27.8,"out":18.8,"fan":50},"cond":{"in":32.8,"out":44.9,"fan":100}}
2025/09/12 08:43:16Z TRACE [msg.payload] {"id":506,"hb":1895}
2025/09/12 08:43:17Z TRACE [msg.payload] {"id":506,"comp":1,"evap":{"in":27.8,"out":18.9,"fan":50},"cond":{"in":31.5,"out":44.6,"fan":100}}
2025/09/12 08:43:17Z TRACE [msg.payload] {"id":506,"hb":1896}
2025/09/12 08:43:18Z TRACE [msg.payload] {"id":506,"comp":1,"evap":{"in":27.5,"out":18.4,"fan":50},"cond":{"in":31.5,"out":44.8,"fan":100}}
2025/09/12 08:43:18Z TRACE [msg.payload] {"id":506,"hb":1897}
2025/09/12 08:43:19Z TRACE [msg.payload] {"id":506,"comp":1,"evap":{"in":27.3,"out":18.6,"fan":50},"cond":{"in":31.5,"out":45,"fan":100}}
2025/09/12 08:43:19Z TRACE [msg.payload] {"id":506,"hb":1898}
2025/09/12 08:43:20Z TRACE [msg.payload] {"id":506,"comp":1,"evap":{"in":27.9,"out":17.9,"fan":50},"cond":{"in":31.6,"out":44.9,"fan":100}}
2025/09/12 08:43:20Z TRACE [msg.payload] {"id":506,"hb":1899}
2025/09/12 08:43:21Z TRACE [msg.payload] {"id":506,"comp":1,"evap":{"in":28.1,"out":18.6,"fan":50},"cond":{"in":32.1,"out":45,"fan":100}}
2025/09/12 08:43:21Z TRACE [msg.payload] {"id":506,"hb":1900}
2025/09/12 08:43:22Z TRACE [msg.payload] {"id":506,"comp":1,"evap":{"in":27.7,"out":18.9,"fan":50},"cond":{"in":31.6,"out":44.7,"fan":100}}
2025/09/12 08:43:22Z TRACE [msg.payload] {"id":506,"hb":1901}
2025/09/12 08:43:23Z TRACE [msg.payload] {"id":506,"comp":1,"evap":{"in":25.9,"out":18.8,"fan":50},"cond":{"in":31.5,"out":44.7,"fan":100}}
2025/09/12 08:43:23Z TRACE [msg.payload] {"id":506,"hb":1902}
2025/09/12 08:43:24Z TRACE [msg.payload] {"id":506,"comp":1,"evap":{"in":26.6,"out":18.6,"fan":50},"cond":{"in":31.9,"out":44.8,"fan":100}}
2025/09/12 08:43:24Z TRACE [msg.payload] {"id":506,"hb":1903}
2025/09/12 08:43:25Z TRACE [msg.payload] {"id":506,"comp":1,"evap":{"in":27.6,"out":18.6,"fan":50},"cond":{"in":31.8,"out":45.2,"fan":100}}
2025/09/12 08:43:25Z TRACE [msg.payload] {"id":506,"hb":1904}
2025/09/12 08:43:26Z TRACE [msg.payload] {"id":506,"comp":1,"evap":{"in":27.9,"out":18.9,"fan":50},"cond":{"in":31.6,"out":44.8,"fan":100}}
2025/09/12 08:43:26Z TRACE [msg.payload] {"id":506,"hb":1905}
2025/09/12 08:43:27Z TRACE [msg.payload] {"id":506,"comp":1,"evap":{"in":28,"out":18.9,"fan":50},"cond":{"in":31.6,"out":44.9,"fan":100}}
2025/09/12 08:43:27Z TRACE [msg.payload] {"id":506,"hb":1906}
2025/09/12 08:43:28Z TRACE [msg.payload] {"id":506,"comp":1,"evap":{"in":27.8,"out":18.7,"fan":50},"cond":{"in":31.6,"out":45.1,"fan":100}}
2025/09/12 08:43:28Z TRACE [msg.payload] {"id":506,"hb":1907}
2025/09/12 08:43:29Z TRACE [msg.payload] {"id":506,"comp":1,"evap":{"in":27.4,"out":18.7,"fan":50},"cond":{"in":31.5,"out":44.9,"fan":100}}
2025/09/12 08:43:29Z TRACE [msg.payload] {"id":506,"hb":1908}
2025/09/12 08:43:30Z TRACE [msg.payload] {"id":506,"comp":1,"evap":{"in":27.9,"out":18.7,"fan":50},"cond":{"in":31.7,"out":45,"fan":100}}
2025/09/12 08:43:30Z TRACE [msg.payload] {"id":506,"hb":1909}
2025/09/12 08:43:31Z TRACE [msg.payload] {"id":506,"comp":1,"evap":{"in":28.3,"out":18.4,"fan":50},"cond":{"in":31.9,"out":45.2,"fan":100}}
2025/09/12 08:43:31Z TRACE [msg.payload] {"id":506,"hb":1910}
2025/09/12 08:43:32Z TRACE [msg.payload] {"id":506,"comp":1,"evap":{"in":27.7,"out":18.9,"fan":50},"cond":{"in":31.7,"out":44.9,"fan":100}}
2025/09/12 08:43:32Z TRACE [msg.payload] {"id":506,"hb":1911}
2025/09/12 08:43:33Z TRACE [msg.payload] {"id":506,"comp":1,"evap":{"in":27.9,"out":19,"fan":50},"cond":{"in":31.5,"out":44.7,"fan":100}}
2025/09/12 08:43:33Z TRACE [msg.payload] {"id":506,"hb":1912}
2025/09/12 08:43:34Z TRACE [msg.payload] {"id":506,"comp":1,"evap":{"in":27.6,"out":18.6,"fan":50},"cond":{"in":31.5,"out":45.2,"fan":100}}
2025/09/12 08:43:34Z TRACE [msg.payload] {"id":506,"hb":1913}
2025/09/12 08:43:35Z TRACE [msg.payload] {"id":506,"comp":1,"evap":{"in":27.7,"out":18.6,"fan":50},"cond":{"in":31.9,"out":45.2,"fan":100}}
2025/09/12 08:43:35Z TRACE [msg.payload] {"id":506,"hb":1914}
2025/09/12 08:43:36Z TRACE [msg.payload] {"id":506,"comp":1,"evap":{"in":27.8,"out":19,"fan":50},"cond":{"in":31.7,"out":44.9,"fan":100}}
2025/09/12 08:43:36Z TRACE [msg.payload] {"id":506,"hb":1915}
2025/09/12 08:43:37Z TRACE [msg.payload] {"id":506,"comp":1,"evap":{"in":27.7,"out":19,"fan":50},"cond":{"in":31.6,"out":44.8,"fan":100}}
2025/09/12 08:43:37Z TRACE [msg.payload] {"id":506,"hb":1916}
2025/09/12 08:43:38Z TRACE [msg.payload] {"id":506,"comp":1,"evap":{"in":27.7,"out":18.7,"fan":50},"cond":{"in":31.7,"out":46.1,"fan":100}}
2025/09/12 08:43:38Z TRACE [msg.payload] {"id":506,"hb":1917}
2025/09/12 08:43:39Z TRACE [msg.payload] {"id":506,"comp":1,"evap":{"in":27.8,"out":18.8,"fan":50},"cond":{"in":31.6,"out":44.7,"fan":100}}
2025/09/12 08:43:39Z TRACE [msg.payload] {"id":506,"hb":1918}
2025/09/12 08:43:40Z TRACE [msg.payload] {"id":506,"comp":1,"evap":{"in":28.1,"out":20.7,"fan":50},"cond":{"in":32,"out":45.1,"fan":100}}
2025/09/12 08:43:40Z TRACE [msg.payload] {"id":506,"hb":1919}
2025/09/12 08:43:41Z TRACE [msg.payload] {"id":506,"comp":1,"evap":{"in":27.7,"out":18.9,"fan":50},"cond":{"in":31.9,"out":45.2,"fan":100}}
2025/09/12 08:43:41Z TRACE [msg.payload] {"id":506,"hb":1920}
2025/09/12 08:43:42Z TRACE [msg.payload] {"id":506,"comp":1,"evap":{"in":27.7,"out":19,"fan":50},"cond":{"in":31.4,"out":44.7,"fan":100}}
2025/09/12 08:43:42Z TRACE [msg.payload] {"id":506,"hb":1921}
2025/09/12 08:43:43Z TRACE [msg.payload] {"id":506,"comp":1,"evap":{"in":28,"out":18.9,"fan":50},"cond":{"in":31.5,"out":44.8,"fan":100}}
2025/09/12 08:43:43Z TRACE [msg.payload] {"id":506,"hb":1922}
2025/09/12 08:43:44Z TRACE [msg.payload] {"id":506,"comp":1,"evap":{"in":27.6,"out":18.7,"fan":50},"cond":{"in":31.5,"out":44.9,"fan":100}}
2025/09/12 08:43:44Z TRACE [msg.payload] {"id":506,"hb":1923}
2025/09/12 08:43:45Z TRACE [msg.payload] {"id":506,"comp":1,"evap":{"in":27.6,"out":18.7,"fan":50},"cond":{"in":32,"out":45.2,"fan":100}}
2025/09/12 08:43:45Z TRACE [msg.payload] {"id":506,"hb":1924}
2025/09/12 08:43:46Z TRACE [msg.payload] {"id":506,"comp":1,"evap":{"in":28,"out":19.1,"fan":50},"cond":{"in":31.8,"out":44.8,"fan":100}}
2025/09/12 08:43:46Z TRACE [msg.payload] {"id":506,"hb":1925}
2025/09/12 08:43:47Z TRACE [msg.payload] {"id":506,"comp":1,"evap":{"in":28,"out":19,"fan":50},"cond":{"in":31.8,"out":44.9,"fan":100}}
2025/09/12 08:43:47Z TRACE [msg.payload] {"id":506,"hb":1926}
2025/09/12 08:43:48Z TRACE [msg.payload] {"id":506,"comp":1,"evap":{"in":27.8,"out":18.6,"fan":50},"cond":{"in":31.5,"out":45.2,"fan":100}}
2025/09/12 08:43:48Z TRACE [msg.payload] {"id":506,"hb":1927}
2025/09/12 08:43:49Z TRACE [msg.payload] {"id":506,"comp":1,"evap":{"in":27.6,"out":18.9,"fan":50},"cond":{"in":31.5,"out":44.9,"fan":100}}
2025/09/12 08:43:49Z TRACE [msg.payload] {"id":506,"hb":1928}
2025/09/12 08:43:50Z TRACE [msg.payload] {"id":506,"comp":1,"evap":{"in":28,"out":18.7,"fan":50},"cond":{"in":31.9,"out":44.6,"fan":100}}
2025/09/12 08:43:50Z TRACE [msg.payload] {"id":506,"hb":1929}
2025/09/12 08:43:51Z TRACE [msg.payload] {"id":506,"comp":1,"evap":{"in":27.6,"out":18.7,"fan":50},"cond":{"in":31.8,"out":45.2,"fan":100}}
2025/09/12 08:43:51Z TRACE [msg.payload] {"id":506,"hb":1930}
2025/09/12 08:43:52Z TRACE [msg.payload] {"id":506,"comp":1,"evap":{"in":28.1,"out":19,"fan":50},"cond":{"in":31.6,"out":44.8,"fan":100}}
2025/09/12 08:43:52Z TRACE [msg.payload] {"id":506,"hb":1931}
2025/09/12 08:43:53Z TRACE [msg.payload] {"id":506,"comp":1,"evap":{"in":27.6,"out":19,"fan":50},"cond":{"in":31.6,"out":44.7,"fan":100}}
2025/09/12 08:43:53Z TRACE [msg.payload] {"id":506,"hb":1932}
2025/09/12 08:43:54Z TRACE [msg.payload] {"id":506,"comp":1,"evap":{"in":28,"out":19.3,"fan":50},"cond":{"in":31.9,"out":44.9,"fan":100}}
2025/09/12 08:43:54Z TRACE [msg.payload] {"id":506,"hb":1933}
2025/09/12 08:43:55Z TRACE [msg.payload] {"id":506,"comp":1,"evap":{"in":28,"out":18.7,"fan":50},"cond":{"in":32,"out":44.3,"fan":100}}
2025/09/12 08:43:55Z TRACE [msg.payload] {"id":506,"hb":1934}
2025/09/12 08:43:56Z TRACE [msg.payload] {"id":506,"comp":1,"evap":{"in":28.2,"out":19.1,"fan":50},"cond":{"in":32,"out":44.8,"fan":100}}
2025/09/12 08:43:56Z TRACE [msg.payload] {"id":506,"hb":1935}
2025/09/12 08:43:57Z TRACE [msg.payload] {"id":506,"comp":1,"evap":{"in":27.8,"out":18.5,"fan":50},"cond":{"in":31.8,"out":45,"fan":100}}
2025/09/12 08:43:57Z TRACE [msg.payload] {"id":506,"hb":1936}
2025/09/12 08:43:58Z TRACE [msg.payload] {"id":506,"comp":1,"evap":{"in":27.8,"out":19,"fan":50},"cond":{"in":31.7,"out":44.6,"fan":100}}
2025/09/12 08:43:58Z TRACE [msg.payload] {"id":506,"hb":1937}
2025/09/12 08:43:59Z TRACE [msg.payload] {"id":506,"comp":1,"evap":{"in":27.5,"out":19,"fan":50},"cond":{"in":31.7,"out":44.7,"fan":100}}
2025/09/12 08:43:59Z TRACE [msg.payload] {"id":506,"hb":1938}
2025/09/12 08:44:00Z TRACE [msg.payload] {"id":506,"comp":1,"evap":{"in":27.6,"out":18.6,"fan":50},"cond":{"in":32.1,"out":45,"fan":100}}
2025/09/12 08:44:00Z TRACE [msg.payload] {"id":506,"hb":1939}
2025/09/12 08:44:01Z TRACE [msg.payload] {"id":506,"comp":1,"evap":{"in":27.7,"out":18.8,"fan":50},"cond":{"in":31.9,"out":45.2,"fan":100}}
2025/09/12 08:44:01Z TRACE [msg.payload] {"id":506,"hb":1940}
2025/09/12 08:44:02Z TRACE [msg.payload] {"id":506,"comp":1,"evap":{"in":28,"out":19.2,"fan":50},"cond":{"in":31.7,"out":44.7,"fan":100}}
2025/09/12 08:44:02Z TRACE [msg.payload] {"id":506,"hb":1941}
2025/09/12 08:44:03Z TRACE [msg.payload] {"id":506,"comp":1,"evap":{"in":28,"out":19.6,"fan":50},"cond":{"in":31.7,"out":44.8,"fan":100}}
2025/09/12 08:44:03Z TRACE [msg.payload] {"id":506,"hb":1942}
2025/09/12 08:44:04Z TRACE [msg.payload] {"id":506,"comp":1,"evap":{"in":27.5,"out":18.5,"fan":50},"cond":{"in":31.5,"out":45.2,"fan":100}}
2025/09/12 08:44:04Z TRACE [msg.payload] {"id":506,"hb":1943}
2025/09/12 08:44:05Z TRACE [msg.payload] {"id":506,"comp":1,"evap":{"in":27.7,"out":18.9,"fan":50},"cond":{"in":31.8,"out":44.9,"fan":100}}
2025/09/12 08:44:05Z TRACE [msg.payload] {"id":506,"hb":1944}
2025/09/12 08:44:06Z TRACE [msg.payload] {"id":506,"comp":1,"evap":{"in":28,"out":19.3,"fan":50},"cond":{"in":31.9,"out":45.1,"fan":100}}
2025/09/12 08:44:06Z TRACE [msg.payload] {"id":506,"hb":1945}
2025/09/12 08:44:07Z TRACE [msg.payload] {"id":506,"comp":1,"evap":{"in":27.9,"out":19.1,"fan":50},"cond":{"in":31.9,"out":45.2,"fan":100}}
2025/09/12 08:44:07Z TRACE [msg.payload] {"id":506,"hb":1946}
2025/09/12 08:44:08Z TRACE [msg.payload] {"id":506,"comp":1,"evap":{"in":27.4,"out":19.3,"fan":50},"cond":{"in":31.5,"out":44.8,"fan":100}}
2025/09/12 08:44:08Z TRACE [msg.payload] {"id":506,"hb":1947}
2025/09/12 08:44:09Z TRACE [msg.payload] {"id":506,"comp":1,"evap":{"in":27.6,"out":19,"fan":50},"cond":{"in":31.2,"out":44.9,"fan":100}}
2025/09/12 08:44:09Z TRACE [msg.payload] {"id":506,"hb":1948}
2025/09/12 08:44:10Z TRACE [msg.payload] {"id":506,"comp":1,"evap":{"in":27.7,"out":18.8,"fan":50},"cond":{"in":31.5,"out":45.2,"fan":100}}
2025/09/12 08:44:10Z TRACE [msg.payload] {"id":506,"hb":1949}
2025/09/12 08:44:11Z TRACE [msg.payload] {"id":506,"comp":1,"evap":{"in":27.6,"out":18.7,"fan":50},"cond":{"in":31.8,"out":45.1,"fan":100}}
2025/09/12 08:44:11Z TRACE [msg.payload] {"id":506,"hb":1950}
2025/09/12 08:44:12Z TRACE [msg.payload] {"id":506,"comp":1,"evap":{"in":28,"out":19,"fan":50},"cond":{"in":31.9,"out":44.9,"fan":100}}
2025/09/12 08:44:12Z TRACE [msg.payload] {"id":506,"hb":1951}
2025/09/12 08:44:13Z TRACE [msg.payload] {"id":506,"comp":1,"evap":{"in":28.1,"out":19.1,"fan":50},"cond":{"in":31.7,"out":45,"fan":100}}
2025/09/12 08:44:13Z TRACE [msg.payload] {"id":506,"hb":1952}
2025/09/12 08:44:14Z TRACE [msg.payload] {"id":506,"comp":1,"evap":{"in":27.7,"out":18.8,"fan":50},"cond":{"in":31.6,"out":45.2,"fan":100}}
2025/09/12 08:44:14Z TRACE [msg.payload] {"id":506,"hb":1953}
2025/09/12 08:44:15Z TRACE [msg.payload] {"id":506,"comp":1,"evap":{"in":27.6,"out":18.8,"fan":50},"cond":{"in":31.5,"out":45.2,"fan":100}}
2025/09/12 08:44:15Z TRACE [msg.payload] {"id":506,"hb":1954}
2025/09/12 08:44:16Z TRACE [msg.payload] {"id":506,"comp":1,"evap":{"in":27.9,"out":19,"fan":50},"cond":{"in":31.9,"out":45.3,"fan":100}}
2025/09/12 08:44:16Z TRACE [msg.payload] {"id":506,"hb":1955}
2025/09/12 08:44:17Z TRACE [msg.payload] {"id":506,"comp":1,"evap":{"in":28.1,"out":18.7,"fan":50},"cond":{"in":31.9,"out":45,"fan":100}}
2025/09/12 08:44:17Z TRACE [msg.payload] {"id":506,"hb":1956}
2025/09/12 08:44:18Z TRACE [msg.payload] {"id":506,"comp":1,"evap":{"in":27.9,"out":19,"fan":50},"cond":{"in":31.6,"out":44.7,"fan":100}}
2025/09/12 08:44:18Z TRACE [msg.payload] {"id":506,"hb":1957}
2025/09/12 08:44:19Z TRACE [msg.payload] {"id":506,"comp":1,"evap":{"in":27.9,"out":19,"fan":50},"cond":{"in":31.7,"out":44.8,"fan":100}}
2025/09/12 08:44:19Z TRACE [msg.payload] {"id":506,"hb":1958}
2025/09/12 08:44:20Z TRACE [msg.payload] {"id":506,"comp":1,"evap":{"in":27.7,"out":18.7,"fan":50},"cond":{"in":31.9,"out":45.2,"fan":100}}
2025/09/12 08:44:20Z TRACE [msg.payload] {"id":506,"hb":1959}
2025/09/12 08:44:21Z TRACE [msg.payload] {"id":506,"comp":1,"evap":{"in":27.9,"out":18.8,"fan":50},"cond":{"in":31.5,"out":45.3,"fan":100}}
2025/09/12 08:44:21Z TRACE [msg.payload] {"id":506,"hb":1960}
2025/09/12 08:44:22Z TRACE [msg.payload] {"id":506,"comp":1,"evap":{"in":28.1,"out":19.1,"fan":50},"cond":{"in":31.9,"out":45.4,"fan":100}}
2025/09/12 08:44:22Z TRACE [msg.payload] {"id":506,"hb":1961}
2025/09/12 08:44:23Z TRACE [msg.payload] {"id":506,"comp":1,"evap":{"in":28,"out":19,"fan":50},"cond":{"in":31.7,"out":44.9,"fan":100}}
2025/09/12 08:44:23Z TRACE [msg.payload] {"id":506,"hb":1962}
2025/09/12 08:44:24Z TRACE [msg.payload] {"id":506,"comp":1,"evap":{"in":27.9,"out":18.9,"fan":50},"cond":{"in":31.7,"out":44.9,"fan":100}}
2025/09/12 08:44:24Z TRACE [msg.payload] {"id":506,"hb":1963}
2025/09/12 08:44:25Z TRACE [msg.payload] {"id":506,"comp":1,"evap":{"in":27.9,"out":18.7,"fan":50},"cond":{"in":31.7,"out":45.2,"fan":100}}
2025/09/12 08:44:25Z TRACE [msg.payload] {"id":506,"hb":1964}
2025/09/12 08:44:26Z TRACE [msg.payload] {"id":506,"comp":1,"evap":{"in":28,"out":18.8,"fan":50},"cond":{"in":32.1,"out":45.1,"fan":100}}
2025/09/12 08:44:26Z TRACE [msg.payload] {"id":506,"hb":1965}
2025/09/12 08:44:27Z TRACE [msg.payload] {"id":506,"comp":1,"evap":{"in":28,"out":19,"fan":50},"cond":{"in":31.9,"out":45.2,"fan":100}}
2025/09/12 08:44:27Z TRACE [msg.payload] {"id":506,"hb":1966}
2025/09/12 08:44:28Z TRACE [msg.payload] {"id":506,"comp":1,"evap":{"in":27.7,"out":19,"fan":50},"cond":{"in":31.7,"out":44.8,"fan":100}}
2025/09/12 08:44:28Z TRACE [msg.payload] {"id":506,"hb":1967}
2025/09/12 08:44:29Z TRACE [msg.payload] {"id":506,"comp":1,"evap":{"in":27.7,"out":19.1,"fan":50},"cond":{"in":31.5,"out":44.7,"fan":100}}
2025/09/12 08:44:29Z TRACE [msg.payload] {"id":506,"hb":1968}
2025/09/12 08:44:30Z TRACE [msg.payload] {"id":506,"comp":1,"evap":{"in":27.6,"out":18.8,"fan":50},"cond":{"in":31.7,"out":45.2,"fan":100}}
2025/09/12 08:44:30Z TRACE [msg.payload] {"id":506,"hb":1969}
2025/09/12 08:44:31Z TRACE [msg.payload] {"id":506,"comp":1,"evap":{"in":28.8,"out":18.9,"fan":50},"cond":{"in":32.6,"out":45.2,"fan":100}}
2025/09/12 08:44:31Z TRACE [msg.payload] {"id":506,"hb":1970}
2025/09/12 08:44:32Z TRACE [msg.payload] {"id":506,"comp":1,"evap":{"in":28,"out":19,"fan":50},"cond":{"in":32,"out":44.9,"fan":100}}
2025/09/12 08:44:32Z TRACE [msg.payload] {"id":506,"hb":1971}
2025/09/12 08:44:33Z TRACE [msg.payload] {"id":506,"comp":1,"evap":{"in":28,"out":19.2,"fan":50},"cond":{"in":31.9,"out":45.1,"fan":100}}
2025/09/12 08:44:33Z TRACE [msg.payload] {"id":506,"hb":1972}
2025/09/12 08:44:34Z TRACE [msg.payload] {"id":506,"comp":1,"evap":{"in":27.7,"out":18.8,"fan":50},"cond":{"in":31.7,"out":45.1,"fan":100}}
2025/09/12 08:44:34Z TRACE [msg.payload] {"id":506,"hb":1973}
2025/09/12 08:44:35Z TRACE [msg.payload] {"id":506,"comp":1,"evap":{"in":27.7,"out":18.9,"fan":50},"cond":{"in":31.7,"out":45,"fan":100}}
2025/09/12 08:44:35Z TRACE [msg.payload] {"id":506,"hb":1974}
2025/09/12 08:44:36Z TRACE [msg.payload] {"id":506,"comp":1,"evap":{"in":28.1,"out":18.6,"fan":50},"cond":{"in":31.9,"out":45.1,"fan":100}}
2025/09/12 08:44:36Z TRACE [msg.payload] {"id":506,"hb":1975}
2025/09/12 08:44:37Z TRACE [msg.payload] {"id":506,"comp":1,"evap":{"in":28.2,"out":19,"fan":50},"cond":{"in":31.7,"out":45.1,"fan":100}}
2025/09/12 08:44:37Z TRACE [msg.payload] {"id":506,"hb":1976}
2025/09/12 08:44:38Z TRACE [msg.payload] {"id":506,"comp":1,"evap":{"in":28,"out":19,"fan":50},"cond":{"in":31.8,"out":44.9,"fan":100}}
2025/09/12 08:44:38Z TRACE [msg.payload] {"id":506,"hb":1977}
2025/09/12 08:44:39Z TRACE [msg.payload] {"id":506,"comp":1,"evap":{"in":28,"out":19.2,"fan":50},"cond":{"in":31.6,"out":44.8,"fan":100}}
2025/09/12 08:44:39Z TRACE [msg.payload] {"id":506,"hb":1978}
2025/09/12 08:44:40Z TRACE [msg.payload] {"id":506,"comp":1,"evap":{"in":28,"out":19,"fan":50},"cond":{"in":31.7,"out":45.4,"fan":100}}
2025/09/12 08:44:40Z TRACE [msg.payload] {"id":506,"hb":1979}
2025/09/12 08:44:41Z TRACE [msg.payload] {"id":506,"comp":1,"evap":{"in":27.7,"out":18.6,"fan":50},"cond":{"in":33.1,"out":45.3,"fan":100}}
2025/09/12 08:44:41Z TRACE [msg.payload] {"id":506,"hb":1980}
2025/09/12 08:44:42Z TRACE [msg.payload] {"id":506,"comp":1,"evap":{"in":28,"out":19.3,"fan":50},"cond":{"in":31.9,"out":45.5,"fan":100}}
2025/09/12 08:44:42Z TRACE [msg.payload] {"id":506,"hb":1981}
2025/09/12 08:44:43Z TRACE [msg.payload] {"id":506,"comp":1,"evap":{"in":28.1,"out":19.1,"fan":50},"cond":{"in":31.9,"out":44.7,"fan":100}}
2025/09/12 08:44:43Z TRACE [msg.payload] {"id":506,"hb":1982}
2025/09/12 08:44:44Z TRACE [msg.payload] {"id":506,"comp":1,"evap":{"in":27.8,"out":18.9,"fan":50},"cond":{"in":31.7,"out":44.8,"fan":100}}
2025/09/12 08:44:44Z TRACE [msg.payload] {"id":506,"hb":1983}
2025/09/12 08:44:45Z TRACE [msg.payload] {"id":506,"comp":1,"evap":{"in":27.6,"out":18.7,"fan":50},"cond":{"in":31.7,"out":46.6,"fan":100}}
2025/09/12 08:44:45Z TRACE [msg.payload] {"id":506,"hb":1984}
2025/09/12 08:44:46Z TRACE [msg.payload] {"id":506,"comp":1,"evap":{"in":28.1,"out":18.6,"fan":50},"cond":{"in":32,"out":45.3,"fan":100}}
2025/09/12 08:44:46Z TRACE [msg.payload] {"id":506,"hb":1985}
2025/09/12 08:44:47Z TRACE [msg.payload] {"id":506,"comp":1,"evap":{"in":27.5,"out":18.9,"fan":50},"cond":{"in":31.9,"out":44.8,"fan":100}}
2025/09/12 08:44:47Z TRACE [msg.payload] {"id":506,"hb":1986}
2025/09/12 08:44:48Z TRACE [msg.payload] {"id":506,"comp":1,"evap":{"in":28.1,"out":19.1,"fan":50},"cond":{"in":30.9,"out":45.1,"fan":100}}
2025/09/12 08:44:48Z TRACE [msg.payload] {"id":506,"hb":1987}
2025/09/12 08:44:49Z TRACE [msg.payload] {"id":506,"comp":1,"evap":{"in":27.7,"out":19,"fan":50},"cond":{"in":29.7,"out":44.8,"fan":100}}
2025/09/12 08:44:49Z TRACE [msg.payload] {"id":506,"hb":1988}
2025/09/12 08:44:50Z TRACE [msg.payload] {"id":506,"comp":1,"evap":{"in":27.9,"out":19,"fan":50},"cond":{"in":31.7,"out":44.9,"fan":100}}
2025/09/12 08:44:50Z TRACE [msg.payload] {"id":506,"hb":1989}
2025/09/12 08:44:51Z TRACE [msg.payload] {"id":506,"comp":1,"evap":{"in":27.8,"out":18.7,"fan":50},"cond":{"in":31.8,"out":45.2,"fan":100}}
2025/09/12 08:44:51Z TRACE [msg.payload] {"id":506,"hb":1990}
2025/09/12 08:44:52Z TRACE [msg.payload] {"id":506,"comp":1,"evap":{"in":28.1,"out":18.6,"fan":50},"cond":{"in":31.9,"out":45.2,"fan":100}}
2025/09/12 08:44:52Z TRACE [msg.payload] {"id":506,"hb":1991}
2025/09/12 08:44:53Z TRACE [msg.payload] {"id":506,"comp":1,"evap":{"in":28,"out":19,"fan":50},"cond":{"in":31.7,"out":45,"fan":100}}
2025/09/12 08:44:53Z TRACE [msg.payload] {"id":506,"hb":1992}
2025/09/12 08:44:54Z TRACE [msg.payload] {"id":506,"comp":1,"evap":{"in":27.8,"out":18.8,"fan":50},"cond":{"in":32,"out":45.3,"fan":100}}
2025/09/12 08:44:54Z TRACE [msg.payload] {"id":506,"hb":1993}
2025/09/12 08:44:55Z TRACE [msg.payload] {"id":506,"comp":1,"evap":{"in":27.6,"out":18.7,"fan":50},"cond":{"in":31.6,"out":44.8,"fan":100}}
2025/09/12 08:44:55Z TRACE [msg.payload] {"id":506,"hb":1994}
2025/09/12 08:44:56Z TRACE [msg.payload] {"id":506,"comp":1,"evap":{"in":27.8,"out":18.7,"fan":50},"cond":{"in":32,"out":45.3,"fan":100}}
2025/09/12 08:44:56Z TRACE [msg.payload] {"id":506,"hb":1995}
2025/09/12 08:44:57Z TRACE [msg.payload] {"id":506,"comp":1,"evap":{"in":28,"out":19,"fan":50},"cond":{"in":31.9,"out":45.2,"fan":100}}
2025/09/12 08:44:57Z TRACE [msg.payload] {"id":506,"hb":1996}
2025/09/12 08:44:58Z TRACE [msg.payload] {"id":506,"comp":1,"evap":{"in":28.2,"out":19.2,"fan":50},"cond":{"in":31.9,"out":45.1,"fan":100}}
2025/09/12 08:44:58Z TRACE [msg.payload] {"id":506,"hb":1997}
2025/09/12 08:44:59Z TRACE [msg.payload] {"id":506,"comp":1,"evap":{"in":28,"out":19.2,"fan":50},"cond":{"in":31.7,"out":45,"fan":100}}
2025/09/12 08:44:59Z TRACE [msg.payload] {"id":506,"hb":1998}
2025/09/12 08:45:00Z TRACE [msg.payload] {"id":506,"comp":1,"evap":{"in":27.7,"out":19.1,"fan":50},"cond":{"in":31.7,"out":44.9,"fan":100}}
2025/09/12 08:45:00Z TRACE [msg.payload] {"id":506,"hb":1999}
2025/09/12 08:45:01Z TRACE [msg.payload] {"id":506,"comp":1,"evap":{"in":27.8,"out":18.9,"fan":50},"cond":{"in":31.7,"out":45.3,"fan":100}}
2025/09/12 08:45:01Z TRACE [msg.payload] {"id":506,"hb":2000}
2025/09/12 08:45:02Z TRACE [msg.payload] {"id":506,"comp":1,"evap":{"in":28.2,"out":18.7,"fan":50},"cond":{"in":32,"out":45.3,"fan":100}}
2025/09/12 08:45:02Z TRACE [msg.payload] {"id":506,"hb":2001}
2025/09/12 08:45:03Z TRACE [msg.payload] {"id":506,"comp":1,"evap":{"in":27.8,"out":19.3,"fan":50},"cond":{"in":32,"out":45,"fan":100}}
2025/09/12 08:45:03Z TRACE [msg.payload] {"id":506,"hb":2002}
2025/09/12 08:45:04Z TRACE [msg.payload] {"id":506,"hb":2003}
2025/09/12 08:45:04Z TRACE [msg.payload] {"id":506,"comp":1,"evap":{"in":27.9,"out":19.1,"fan":50},"cond":{"in":31.9,"out":44.9,"fan":100}}
2025/09/12 08:45:05Z TRACE [msg.payload] {"id":506,"hb":2004}
2025/09/12 08:45:05Z TRACE [msg.payload] {"id":506,"comp":1,"evap":{"in":27.7,"out":18.7,"fan":50},"cond":{"in":31.8,"out":45,"fan":100}}
2025/09/12 08:45:06Z TRACE [msg.payload] {"id":506,"hb":2005}
2025/09/12 08:45:06Z TRACE [msg.payload] {"id":506,"comp":1,"evap":{"in":27.9,"out":18.9,"fan":50},"cond":{"in":32.1,"out":45.4,"fan":100}}
2025/09/12 08:45:07Z TRACE [msg.payload] {"id":506,"hb":2006}
2025/09/12 08:45:07Z TRACE [msg.payload] {"id":506,"comp":1,"evap":{"in":27.5,"out":18.9,"fan":50},"cond":{"in":32.2,"out":45.4,"fan":100}}
2025/09/12 08:45:08Z TRACE [msg.payload] {"id":506,"hb":2007}
2025/09/12 08:45:08Z TRACE [msg.payload] {"id":506,"comp":1,"evap":{"in":28,"out":19.3,"fan":50},"cond":{"in":32,"out":44.8,"fan":100}}
2025/09/12 08:45:09Z TRACE [msg.payload] {"id":506,"hb":2008}
2025/09/12 08:45:09Z TRACE [msg.payload] {"id":506,"comp":1,"evap":{"in":27.9,"out":19.3,"fan":50},"cond":{"in":31.7,"out":45,"fan":100}}
2025/09/12 08:45:10Z TRACE [msg.payload] {"id":506,"hb":2009}
2025/09/12 08:45:10Z TRACE [msg.payload] {"id":506,"comp":1,"evap":{"in":27.7,"out":19.1,"fan":50},"cond":{"in":31.6,"out":45.3,"fan":100}}
2025/09/12 08:45:11Z TRACE [msg.payload] {"id":506,"hb":2010}
2025/09/12 08:45:11Z TRACE [msg.payload] {"id":506,"comp":1,"evap":{"in":27.7,"out":18.9,"fan":50},"cond":{"in":31.6,"out":45.5,"fan":100}}
2025/09/12 08:45:12Z TRACE [msg.payload] {"id":506,"hb":2011}
2025/09/12 08:45:12Z TRACE [msg.payload] {"id":506,"comp":1,"evap":{"in":28.1,"out":19,"fan":50},"cond":{"in":32.2,"out":45.5,"fan":100}}
2025/09/12 08:45:13Z TRACE [msg.payload] {"id":506,"hb":2012}
2025/09/12 08:45:13Z TRACE [msg.payload] {"id":506,"comp":1,"evap":{"in":28,"out":19.1,"fan":50},"cond":{"in":32.3,"out":45.2,"fan":100}}
2025/09/12 08:45:14Z TRACE [msg.payload] {"id":506,"hb":2013}
2025/09/12 08:45:14Z TRACE [msg.payload] {"id":506,"comp":1,"evap":{"in":28,"out":19,"fan":50},"cond":{"in":31.5,"out":45.2,"fan":100}}
2025/09/12 08:45:15Z TRACE [msg.payload] {"id":506,"hb":2014}
2025/09/12 08:45:15Z TRACE [msg.payload] {"id":506,"comp":1,"evap":{"in":27.6,"out":19,"fan":50},"cond":{"in":31.8,"out":45.2,"fan":100}}
2025/09/12 08:45:16Z TRACE [msg.payload] {"id":506,"hb":2015}
2025/09/12 08:45:16Z TRACE [msg.payload] {"id":506,"comp":1,"evap":{"in":27.8,"out":18.8,"fan":50},"cond":{"in":32.2,"out":45.5,"fan":100}}
2025/09/12 08:45:17Z TRACE [msg.payload] {"id":506,"hb":2016}
2025/09/12 08:45:17Z TRACE [msg.payload] {"id":506,"comp":1,"evap":{"in":28,"out":19,"fan":50},"cond":{"in":32,"out":45.2,"fan":100}}
2025/09/12 08:45:18Z TRACE [msg.payload] {"id":506,"hb":2017}
2025/09/12 08:45:18Z TRACE [msg.payload] {"id":506,"comp":1,"evap":{"in":28,"out":19.1,"fan":50},"cond":{"in":32.1,"out":45.2,"fan":100}}
2025/09/12 08:45:19Z TRACE [msg.payload] {"id":506,"hb":2018}
2025/09/12 08:45:19Z TRACE [msg.payload] {"id":506,"comp":1,"evap":{"in":28,"out":19.4,"fan":50},"cond":{"in":31.9,"out":45.1,"fan":100}}
2025/09/12 08:45:20Z TRACE [msg.payload] {"id":506,"hb":2019}
2025/09/12 08:45:20Z TRACE [msg.payload] {"id":506,"comp":1,"evap":{"in":27.7,"out":19.1,"fan":50},"cond":{"in":31.7,"out":44.9,"fan":100}}
2025/09/12 08:45:21Z TRACE [msg.payload] {"id":506,"hb":2020}
2025/09/12 08:45:21Z TRACE [msg.payload] {"id":506,"comp":1,"evap":{"in":27.7,"out":18.9,"fan":50},"cond":{"in":32,"out":45.3,"fan":100}}
2025/09/12 08:45:22Z TRACE [msg.payload] {"id":506,"hb":2021}
2025/09/12 08:45:22Z TRACE [msg.payload] {"id":506,"comp":1,"evap":{"in":28.1,"out":18.4,"fan":50},"cond":{"in":31.6,"out":45.3,"fan":100}}
2025/09/12 08:45:23Z TRACE [msg.payload] {"id":506,"hb":2022}
2025/09/12 08:45:23Z TRACE [msg.payload] {"id":506,"comp":1,"evap":{"in":28,"out":19.1,"fan":50},"cond":{"in":32.2,"out":45.3,"fan":100}}
2025/09/12 08:45:24Z TRACE [msg.payload] {"id":506,"hb":2023}
2025/09/12 08:45:24Z TRACE [msg.payload] {"id":506,"comp":1,"evap":{"in":27.8,"out":19.3,"fan":50},"cond":{"in":31.9,"out":45.2,"fan":100}}
2025/09/12 08:45:25Z TRACE [msg.payload] {"id":506,"hb":2024}
2025/09/12 08:45:25Z TRACE [msg.payload] {"id":506,"comp":1,"evap":{"in":27.9,"out":19,"fan":50},"cond":{"in":31.7,"out":45.2,"fan":100}}
2025/09/12 08:45:26Z TRACE [msg.payload] {"id":506,"hb":2025}
2025/09/12 08:45:26Z TRACE [msg.payload] {"id":506,"comp":1,"evap":{"in":27.9,"out":18.8,"fan":50},"cond":{"in":31.9,"out":45.4,"fan":100}}
2025/09/12 08:45:27Z TRACE [msg.payload] {"id":506,"hb":2026}
2025/09/12 08:45:27Z TRACE [msg.payload] {"id":506,"comp":1,"evap":{"in":27.5,"out":18.7,"fan":50},"cond":{"in":31.8,"out":45.3,"fan":100}}
2025/09/12 08:45:28Z TRACE [msg.payload] {"id":506,"hb":2027}
2025/09/12 08:45:28Z TRACE [msg.payload] {"id":506,"comp":1,"evap":{"in":27.9,"out":19.3,"fan":50},"cond":{"in":32.1,"out":45.4,"fan":100}}
2025/09/12 08:45:29Z TRACE [msg.payload] {"id":506,"hb":2028}
2025/09/12 08:45:29Z TRACE [msg.payload] {"id":506,"comp":1,"evap":{"in":27.9,"out":19.1,"fan":50},"cond":{"in":32,"out":44.8,"fan":100}}
2025/09/12 08:45:30Z TRACE [msg.payload] {"id":506,"hb":2029}
2025/09/12 08:45:30Z TRACE [msg.payload] {"id":506,"comp":1,"evap":{"in":27.8,"out":19.3,"fan":50},"cond":{"in":31.8,"out":44.9,"fan":100}}
2025/09/12 08:45:31Z TRACE [msg.payload] {"id":506,"hb":2030}
2025/09/12 08:45:31Z TRACE [msg.payload] {"id":506,"comp":1,"evap":{"in":27.9,"out":18.9,"fan":50},"cond":{"in":31.4,"out":45.1,"fan":100}}
2025/09/12 08:45:32Z TRACE [msg.payload] {"id":506,"hb":2031}
2025/09/12 08:45:32Z TRACE [msg.payload] {"id":506,"comp":1,"evap":{"in":27.6,"out":18.5,"fan":50},"cond":{"in":31.9,"out":45.3,"fan":100}}
2025/09/12 08:45:33Z TRACE [msg.payload] {"id":506,"hb":2032}
2025/09/12 08:45:33Z TRACE [msg.payload] {"id":506,"comp":1,"evap":{"in":28,"out":19.1,"fan":50},"cond":{"in":35.3,"out":45.2,"fan":100}}
2025/09/12 08:45:34Z TRACE [msg.payload] {"id":506,"hb":2033}
2025/09/12 08:45:34Z TRACE [msg.payload] {"id":506,"comp":1,"evap":{"in":28,"out":19,"fan":50},"cond":{"in":31.9,"out":44.9,"fan":100}}
2025/09/12 08:45:35Z TRACE [msg.payload] {"id":506,"hb":2034}
2025/09/12 08:45:35Z TRACE [msg.payload] {"id":506,"comp":1,"evap":{"in":27.8,"out":19,"fan":50},"cond":{"in":31.8,"out":45.2,"fan":100}}
2025/09/12 08:45:36Z TRACE [msg.payload] {"id":506,"hb":2035}
2025/09/12 08:45:36Z TRACE [msg.payload] {"id":506,"comp":1,"evap":{"in":27.7,"out":18.9,"fan":50},"cond":{"in":31.7,"out":45.5,"fan":100}}
2025/09/12 08:45:37Z TRACE [msg.payload] {"id":506,"hb":2036}
2025/09/12 08:45:37Z TRACE [msg.payload] {"id":506,"comp":1,"evap":{"in":28,"out":18.9,"fan":50},"cond":{"in":32.6,"out":45.5,"fan":100}}
2025/09/12 08:45:38Z TRACE [msg.payload] {"id":506,"hb":2037}
2025/09/12 08:45:38Z TRACE [msg.payload] {"id":506,"comp":1,"evap":{"in":28,"out":19.4,"fan":50},"cond":{"in":32.1,"out":45.4,"fan":100}}
2025/09/12 08:45:39Z TRACE [msg.payload] {"id":506,"hb":2038}
2025/09/12 08:45:39Z TRACE [msg.payload] {"id":506,"comp":1,"evap":{"in":28,"out":19,"fan":50},"cond":{"in":32,"out":45.2,"fan":100}}
2025/09/12 08:45:40Z TRACE [msg.payload] {"id":506,"hb":2039}
2025/09/12 08:45:40Z TRACE [msg.payload] {"id":506,"comp":1,"evap":{"in":28,"out":19.2,"fan":50},"cond":{"in":31.7,"out":45.1,"fan":100}}
2025/09/12 08:45:41Z TRACE [msg.payload] {"id":506,"hb":2040}
2025/09/12 08:45:41Z TRACE [msg.payload] {"id":506,"comp":1,"evap":{"in":27.8,"out":18.9,"fan":50},"cond":{"in":31.8,"out":45.1,"fan":100}}
2025/09/12 08:45:42Z TRACE [msg.payload] {"id":506,"hb":2041}
2025/09/12 08:45:42Z TRACE [msg.payload] {"id":506,"comp":1,"evap":{"in":27.8,"out":19,"fan":50},"cond":{"in":32.1,"out":45.5,"fan":100}}
2025/09/12 08:45:43Z TRACE [msg.payload] {"id":506,"hb":2042}
2025/09/12 08:45:43Z TRACE [msg.payload] {"id":506,"comp":1,"evap":{"in":28.1,"out":18.9,"fan":50},"cond":{"in":32.2,"out":45.3,"fan":100}}
2025/09/12 08:45:44Z TRACE [msg.payload] {"id":506,"hb":2043}
2025/09/12 08:45:44Z TRACE [msg.payload] {"id":506,"comp":1,"evap":{"in":28,"out":19,"fan":50},"cond":{"in":32.1,"out":45.3,"fan":100}}
2025/09/12 08:45:45Z TRACE [msg.payload] {"id":506,"hb":2044}
2025/09/12 08:45:45Z TRACE [msg.payload] {"id":506,"comp":1,"evap":{"in":27.8,"out":19.3,"fan":50},"cond":{"in":31.8,"out":45.2,"fan":100}}
2025/09/12 08:45:46Z TRACE [msg.payload] {"id":506,"hb":2045}
2025/09/12 08:45:46Z TRACE [msg.payload] {"id":506,"comp":1,"evap":{"in":27.9,"out":19,"fan":50},"cond":{"in":31.9,"out":45,"fan":100}}
2025/09/12 08:45:47Z TRACE [msg.payload] {"id":506,"hb":2046}
2025/09/12 08:45:47Z TRACE [msg.payload] {"id":506,"comp":1,"evap":{"in":27.8,"out":18.9,"fan":50},"cond":{"in":32.1,"out":45.6,"fan":100}}
2025/09/12 08:45:48Z TRACE [msg.payload] {"id":506,"hb":2047}
2025/09/12 08:45:48Z TRACE [msg.payload] {"id":506,"comp":1,"evap":{"in":28,"out":19,"fan":50},"cond":{"in":32.1,"out":45.5,"fan":100}}
2025/09/12 08:45:49Z TRACE [msg.payload] {"id":506,"hb":2048}
2025/09/12 08:45:49Z TRACE [msg.payload] {"id":506,"comp":1,"evap":{"in":28.1,"out":19.2,"fan":50},"cond":{"in":32,"out":44.5,"fan":100}}
2025/09/12 08:45:50Z TRACE [msg.payload] {"id":506,"hb":2049}
2025/09/12 08:45:50Z TRACE [msg.payload] {"id":506,"comp":1,"evap":{"in":28,"out":19.2,"fan":50},"cond":{"in":31.9,"out":45.2,"fan":100}}
2025/09/12 08:45:51Z TRACE [msg.payload] {"id":506,"hb":2050}
2025/09/12 08:45:51Z TRACE [msg.payload] {"id":506,"comp":1,"evap":{"in":27.7,"out":25.5,"fan":50},"cond":{"in":31.6,"out":47.1,"fan":100}}
2025/09/12 08:45:52Z TRACE [msg.payload] {"id":506,"hb":2051}
2025/09/12 08:45:52Z TRACE [msg.payload] {"id":506,"comp":1,"evap":{"in":27.7,"out":19,"fan":50},"cond":{"in":32.3,"out":45.2,"fan":100}}
2025/09/12 08:45:53Z TRACE [msg.payload] {"id":506,"hb":2052}
2025/09/12 08:45:53Z TRACE [msg.payload] {"id":506,"comp":1,"evap":{"in":28,"out":18.8,"fan":50},"cond":{"in":31.9,"out":45.5,"fan":100}}
2025/09/12 08:45:54Z TRACE [msg.payload] {"id":506,"hb":2053}
2025/09/12 08:45:54Z TRACE [msg.payload] {"id":506,"comp":1,"evap":{"in":27.8,"out":18.9,"fan":50},"cond":{"in":32.1,"out":45.2,"fan":100}}
2025/09/12 08:45:55Z TRACE [msg.payload] {"id":506,"hb":2054}
2025/09/12 08:45:55Z TRACE [msg.payload] {"id":506,"comp":1,"evap":{"in":28,"out":19.3,"fan":50},"cond":{"in":33.1,"out":45.2,"fan":100}}
2025/09/12 08:45:56Z TRACE [msg.payload] {"id":506,"hb":2055}
2025/09/12 08:45:56Z TRACE [msg.payload] {"id":506,"comp":1,"evap":{"in":27.8,"out":19.3,"fan":50},"cond":{"in":31.8,"out":45.1,"fan":100}}
2025/09/12 08:45:57Z TRACE [msg.payload] {"id":506,"hb":2056}
2025/09/12 08:45:57Z TRACE [msg.payload] {"id":506,"comp":1,"evap":{"in":27.9,"out":18.9,"fan":50},"cond":{"in":31.7,"out":45.4,"fan":100}}
2025/09/12 08:45:58Z TRACE [msg.payload] {"id":506,"hb":2057}
2025/09/12 08:45:58Z TRACE [msg.payload] {"id":506,"comp":1,"evap":{"in":27.6,"out":18.9,"fan":50},"cond":{"in":32.1,"out":45.3,"fan":100}}
2025/09/12 08:45:59Z TRACE [msg.payload] {"id":506,"hb":2058}
2025/09/12 08:45:59Z TRACE [msg.payload] {"id":506,"comp":1,"evap":{"in":28.2,"out":19.3,"fan":50},"cond":{"in":32.1,"out":45.3,"fan":100}}
2025/09/12 08:46:00Z TRACE [msg.payload] {"id":506,"hb":2059}
2025/09/12 08:46:00Z TRACE [msg.payload] {"id":506,"comp":1,"evap":{"in":28,"out":19.2,"fan":50},"cond":{"in":31.7,"out":44.4,"fan":100}}
2025/09/12 08:46:01Z TRACE [msg.payload] {"id":506,"hb":2060}
2025/09/12 08:46:01Z TRACE [msg.payload] {"id":506,"comp":1,"evap":{"in":27.8,"out":17.9,"fan":50},"cond":{"in":31.9,"out":45.6,"fan":100}}
2025/09/12 08:46:02Z TRACE [msg.payload] {"id":506,"hb":2061}
2025/09/12 08:46:02Z TRACE [msg.payload] {"id":506,"comp":1,"evap":{"in":27.8,"out":18.9,"fan":50},"cond":{"in":32.1,"out":45.5,"fan":100}}
2025/09/12 08:46:03Z TRACE [msg.payload] {"id":506,"hb":2062}
2025/09/12 08:46:03Z TRACE [msg.payload] {"id":506,"comp":1,"evap":{"in":28,"out":18.9,"fan":50},"cond":{"in":32.1,"out":45.6,"fan":100}}
2025/09/12 08:46:04Z TRACE [msg.payload] {"id":506,"hb":2063}
2025/09/12 08:46:04Z TRACE [msg.payload] {"id":506,"comp":1,"evap":{"in":28.1,"out":19.4,"fan":50},"cond":{"in":32.2,"out":45,"fan":100}}
2025/09/12 08:46:05Z TRACE [msg.payload] {"id":506,"hb":2064}
2025/09/12 08:46:05Z TRACE [msg.payload] {"id":506,"comp":1,"evap":{"in":28.2,"out":19.3,"fan":50},"cond":{"in":31.8,"out":45.1,"fan":100}}
2025/09/12 08:46:06Z TRACE [msg.payload] {"id":506,"hb":2065}
2025/09/12 08:46:06Z TRACE [msg.payload] {"id":506,"comp":1,"evap":{"in":27.9,"out":17.6,"fan":50},"cond":{"in":31.7,"out":45.2,"fan":100}}
2025/09/12 08:46:07Z TRACE [msg.payload] {"id":506,"hb":2066}
2025/09/12 08:46:07Z TRACE [msg.payload] {"id":506,"comp":1,"evap":{"in":27.9,"out":18.8,"fan":50},"cond":{"in":31.7,"out":45.4,"fan":100}}
2025/09/12 08:46:08Z TRACE [msg.payload] {"id":506,"hb":2067}
2025/09/12 08:46:08Z TRACE [msg.payload] {"id":506,"comp":1,"evap":{"in":28.2,"out":18.7,"fan":50},"cond":{"in":31.9,"out":45.4,"fan":100}}
2025/09/12 08:46:09Z TRACE [msg.payload] {"id":506,"hb":2068}
2025/09/12 08:46:09Z TRACE [msg.payload] {"id":506,"comp":1,"evap":{"in":28,"out":19.2,"fan":50},"cond":{"in":32,"out":45.4,"fan":100}}
2025/09/12 08:46:10Z TRACE [msg.payload] {"id":506,"hb":2069}
2025/09/12 08:46:10Z TRACE [msg.payload] {"id":506,"comp":1,"evap":{"in":28.1,"out":19.2,"fan":50},"cond":{"in":31.6,"out":44.9,"fan":100}}
2025/09/12 08:46:11Z TRACE [msg.payload] {"id":506,"hb":2070}
2025/09/12 08:46:11Z TRACE [msg.payload] {"id":506,"comp":1,"evap":{"in":27.8,"out":19.1,"fan":50},"cond":{"in":31.9,"out":45,"fan":100}}
2025/09/12 08:46:12Z TRACE [msg.payload] {"id":506,"hb":2071}
2025/09/12 08:46:12Z TRACE [msg.payload] {"id":506,"comp":1,"evap":{"in":27.8,"out":18.9,"fan":50},"cond":{"in":32.1,"out":45.5,"fan":100}}
2025/09/12 08:46:13Z TRACE [msg.payload] {"id":506,"hb":2072}
2025/09/12 08:46:13Z TRACE [msg.payload] {"id":506,"comp":1,"evap":{"in":28,"out":18.9,"fan":50},"cond":{"in":32,"out":45.1,"fan":100}}
2025/09/12 08:46:14Z TRACE [msg.payload] {"id":506,"hb":2073}
2025/09/12 08:46:14Z TRACE [msg.payload] {"id":506,"comp":1,"evap":{"in":28,"out":19.3,"fan":50},"cond":{"in":32,"out":45.4,"fan":100}}
2025/09/12 08:46:15Z TRACE [msg.payload] {"id":506,"hb":2074}
2025/09/12 08:46:15Z TRACE [msg.payload] {"id":506,"comp":1,"evap":{"in":28,"out":19.3,"fan":50},"cond":{"in":31.1,"out":45.1,"fan":100}}
2025/09/12 08:46:16Z TRACE [msg.payload] {"id":506,"hb":2075}
2025/09/12 08:46:16Z TRACE [msg.payload] {"id":506,"comp":1,"evap":{"in":27.8,"out":24.6,"fan":50},"cond":{"in":32.1,"out":45.2,"fan":100}}
2025/09/12 08:46:17Z TRACE [msg.payload] {"id":506,"hb":2076}
2025/09/12 08:46:17Z TRACE [msg.payload] {"id":506,"comp":1,"evap":{"in":27.9,"out":19,"fan":50},"cond":{"in":31.8,"out":45.5,"fan":100}}
2025/09/12 08:46:18Z TRACE [msg.payload] {"id":506,"hb":2077}
2025/09/12 08:46:18Z TRACE [msg.payload] {"id":506,"comp":1,"evap":{"in":27.2,"out":19,"fan":50},"cond":{"in":32.1,"out":45.4,"fan":100}}
2025/09/12 08:46:19Z TRACE [msg.payload] {"id":506,"hb":2078}
2025/09/12 08:46:19Z TRACE [msg.payload] {"id":506,"comp":1,"evap":{"in":28,"out":18.9,"fan":50},"cond":{"in":31.8,"out":45.5,"fan":100}}
2025/09/12 08:46:20Z TRACE [msg.payload] {"id":506,"hb":2079}
2025/09/12 08:46:20Z TRACE [msg.payload] {"id":506,"comp":1,"evap":{"in":28,"out":18.9,"fan":50},"cond":{"in":31.7,"out":45.4,"fan":100}}
2025/09/12 08:46:21Z TRACE [msg.payload] {"id":506,"hb":2080}
2025/09/12 08:46:21Z TRACE [msg.payload] {"id":506,"comp":1,"evap":{"in":27.8,"out":18.7,"fan":50},"cond":{"in":31.3,"out":45.2,"fan":100}}
2025/09/12 08:46:22Z TRACE [msg.payload] {"id":506,"hb":2081}
2025/09/12 08:46:22Z TRACE [msg.payload] {"id":506,"comp":1,"evap":{"in":27.9,"out":18.4,"fan":50},"cond":{"in":31.9,"out":45,"fan":100}}
2025/09/12 08:46:23Z TRACE [msg.payload] {"id":506,"hb":2082}
2025/09/12 08:46:23Z TRACE [msg.payload] {"id":506,"comp":1,"evap":{"in":28.1,"out":19,"fan":50},"cond":{"in":31.9,"out":45.3,"fan":100}}
2025/09/12 08:46:24Z TRACE [msg.payload] {"id":506,"hb":2083}
2025/09/12 08:46:24Z TRACE [msg.payload] {"id":506,"comp":1,"evap":{"in":27.9,"out":18.9,"fan":50},"cond":{"in":32.2,"out":45.6,"fan":100}}
2025/09/12 08:46:25Z TRACE [msg.payload] {"id":506,"hb":2084}
2025/09/12 08:46:25Z TRACE [msg.payload] {"id":506,"comp":1,"evap":{"in":28,"out":19.3,"fan":50},"cond":{"in":31.8,"out":45,"fan":100}}
2025/09/12 08:46:26Z TRACE [msg.payload] {"id":506,"hb":2085}
2025/09/12 08:46:26Z TRACE [msg.payload] {"id":506,"comp":1,"evap":{"in":28.1,"out":19.3,"fan":50},"cond":{"in":31.9,"out":45.9,"fan":100}}
2025/09/12 08:46:27Z TRACE [msg.payload] {"id":506,"hb":2086}
2025/09/12 08:46:27Z TRACE [msg.payload] {"id":506,"comp":1,"evap":{"in":29.2,"out":17.8,"fan":50},"cond":{"in":31.7,"out":45.1,"fan":100}}
2025/09/12 08:46:28Z TRACE [msg.payload] {"id":506,"hb":2087}
2025/09/12 08:46:28Z TRACE [msg.payload] {"id":506,"comp":1,"evap":{"in":27.7,"out":18.6,"fan":50},"cond":{"in":32.1,"out":46.4,"fan":100}}
2025/09/12 08:46:29Z TRACE [msg.payload] {"id":506,"hb":2088}
2025/09/12 08:46:29Z TRACE [msg.payload] {"id":506,"comp":1,"evap":{"in":28,"out":19.2,"fan":50},"cond":{"in":31.8,"out":45.3,"fan":100}}
2025/09/12 08:46:30Z TRACE [msg.payload] {"id":506,"hb":2089}
2025/09/12 08:46:30Z TRACE [msg.payload] {"id":506,"comp":1,"evap":{"in":28.1,"out":20.7,"fan":50},"cond":{"in":32.1,"out":45.3,"fan":100}}
2025/09/12 08:46:31Z TRACE [msg.payload] {"id":506,"hb":2090}
2025/09/12 08:46:31Z TRACE [msg.payload] {"id":506,"comp":1,"evap":{"in":27.8,"out":19.2,"fan":50},"cond":{"in":31.9,"out":44.8,"fan":100}}
2025/09/12 08:46:32Z TRACE [msg.payload] {"id":506,"hb":2091}
2025/09/12 08:46:32Z TRACE [msg.payload] {"id":506,"comp":1,"evap":{"in":27.7,"out":19,"fan":50},"cond":{"in":31.7,"out":45,"fan":100}}
2025/09/12 08:46:33Z TRACE [msg.payload] {"id":506,"hb":2092}
2025/09/12 08:46:33Z TRACE [msg.payload] {"id":506,"comp":1,"evap":{"in":28.1,"out":19,"fan":50},"cond":{"in":32.2,"out":45.5,"fan":100}}
2025/09/12 08:46:34Z TRACE [msg.payload] {"id":506,"hb":2093}
2025/09/12 08:46:34Z TRACE [msg.payload] {"id":506,"comp":1,"evap":{"in":28.3,"out":18.8,"fan":50},"cond":{"in":32.1,"out":45.4,"fan":100}}
2025/09/12 08:46:35Z TRACE [msg.payload] {"id":506,"hb":2094}
2025/09/12 08:46:35Z TRACE [msg.payload] {"id":506,"comp":1,"evap":{"in":28.2,"out":19.2,"fan":50},"cond":{"in":31.8,"out":45.2,"fan":100}}
2025/09/12 08:46:36Z TRACE [msg.payload] {"id":506,"hb":2095}
2025/09/12 08:46:36Z TRACE [msg.payload] {"id":506,"comp":1,"evap":{"in":28.1,"out":18.3,"fan":50},"cond":{"in":31.6,"out":45.2,"fan":100}}
2025/09/12 08:46:37Z TRACE [msg.payload] {"id":506,"hb":2096}
2025/09/12 08:46:37Z TRACE [msg.payload] {"id":506,"comp":1,"evap":{"in":27.9,"out":19,"fan":50},"cond":{"in":31.8,"out":45.5,"fan":100}}
2025/09/12 08:46:38Z TRACE [msg.payload] {"id":506,"hb":2097}
2025/09/12 08:46:38Z TRACE [msg.payload] {"id":506,"comp":1,"evap":{"in":27.7,"out":18.9,"fan":50},"cond":{"in":32,"out":45.2,"fan":100}}
2025/09/12 08:46:39Z TRACE [msg.payload] {"id":506,"hb":2098}
2025/09/12 08:46:39Z TRACE [msg.payload] {"id":506,"comp":1,"evap":{"in":28.2,"out":19.3,"fan":50},"cond":{"in":31.8,"out":45.3,"fan":100}}
2025/09/12 08:46:40Z TRACE [msg.payload] {"id":506,"hb":2099}
2025/09/12 08:46:40Z TRACE [msg.payload] {"id":506,"comp":1,"evap":{"in":27.7,"out":19.3,"fan":50},"cond":{"in":32,"out":42.1,"fan":100}}
2025/09/12 08:46:41Z TRACE [msg.payload] {"id":506,"hb":2100}
2025/09/12 08:46:41Z TRACE [msg.payload] {"id":506,"comp":1,"evap":{"in":28,"out":19.2,"fan":50},"cond":{"in":31.9,"out":45.3,"fan":100}}
2025/09/12 08:46:42Z TRACE [msg.payload] {"id":506,"hb":2101}
2025/09/12 08:46:42Z TRACE [msg.payload] {"id":506,"comp":1,"evap":{"in":28,"out":19,"fan":50},"cond":{"in":31.7,"out":45.2,"fan":100}}
2025/09/12 08:46:43Z TRACE [msg.payload] {"id":506,"hb":2102}
2025/09/12 08:46:43Z TRACE [msg.payload] {"id":506,"comp":1,"evap":{"in":27.9,"out":18.9,"fan":50},"cond":{"in":32.1,"out":45.5,"fan":100}}
2025/09/12 08:46:44Z TRACE [msg.payload] {"id":506,"hb":2103}
2025/09/12 08:46:44Z TRACE [msg.payload] {"id":506,"comp":1,"evap":{"in":27.9,"out":18.8,"fan":50},"cond":{"in":32.3,"out":45.5,"fan":100}}
2025/09/12 08:46:45Z TRACE [msg.payload] {"id":506,"hb":2104}
2025/09/12 08:46:45Z TRACE [msg.payload] {"id":506,"comp":1,"evap":{"in":28,"out":19.6,"fan":50},"cond":{"in":32,"out":45.2,"fan":100}}
2025/09/12 08:46:46Z TRACE [msg.payload] {"id":506,"hb":2105}
2025/09/12 08:46:46Z TRACE [msg.payload] {"id":506,"comp":1,"evap":{"in":28.1,"out":19.3,"fan":50},"cond":{"in":31.9,"out":45.3,"fan":100}}
2025/09/12 08:46:47Z TRACE [msg.payload] {"id":506,"hb":2106}
2025/09/12 08:46:47Z TRACE [msg.payload] {"id":506,"comp":1,"evap":{"in":27.8,"out":18.9,"fan":50},"cond":{"in":31.9,"out":45.6,"fan":100}}
2025/09/12 08:46:48Z TRACE [msg.payload] {"id":506,"hb":2107}
2025/09/12 08:46:48Z TRACE [msg.payload] {"id":506,"comp":1,"evap":{"in":27.9,"out":19,"fan":50},"cond":{"in":31.7,"out":45.5,"fan":100}}
2025/09/12 08:46:49Z TRACE [msg.payload] {"id":506,"hb":2108}
2025/09/12 08:46:49Z TRACE [msg.payload] {"id":506,"comp":1,"evap":{"in":28,"out":19.4,"fan":50},"cond":{"in":32,"out":45.6,"fan":100}}
2025/09/12 08:46:50Z TRACE [msg.payload] {"id":506,"hb":2109}
2025/09/12 08:46:50Z TRACE [msg.payload] {"id":506,"comp":1,"evap":{"in":28,"out":18.9,"fan":50},"cond":{"in":32,"out":45.3,"fan":100}}
2025/09/12 08:46:51Z TRACE [msg.payload] {"id":506,"hb":2110}
2025/09/12 08:46:51Z TRACE [msg.payload] {"id":506,"comp":1,"evap":{"in":28.2,"out":19.4,"fan":50},"cond":{"in":31.9,"out":45.3,"fan":100}}
2025/09/12 08:46:52Z TRACE [msg.payload] {"id":506,"hb":2111}
2025/09/12 08:46:52Z TRACE [msg.payload] {"id":506,"comp":1,"evap":{"in":27.9,"out":19.2,"fan":50},"cond":{"in":31.9,"out":45.2,"fan":100}}
2025/09/12 08:46:53Z TRACE [msg.payload] {"id":506,"hb":2112}
2025/09/12 08:46:53Z TRACE [msg.payload] {"id":506,"comp":1,"evap":{"in":27.9,"out":17.6,"fan":50},"cond":{"in":32.2,"out":45.5,"fan":100}}
2025/09/12 08:46:54Z TRACE [msg.payload] {"id":506,"hb":2113}
2025/09/12 08:46:54Z TRACE [msg.payload] {"id":506,"comp":1,"evap":{"in":28,"out":19.5,"fan":50},"cond":{"in":31.9,"out":45.5,"fan":100}}
2025/09/12 08:46:55Z TRACE [msg.payload] {"id":506,"hb":2114}
2025/09/12 08:46:55Z TRACE [msg.payload] {"id":506,"comp":1,"evap":{"in":28.2,"out":19.3,"fan":50},"cond":{"in":32.1,"out":45.4,"fan":100}}
2025/09/12 08:46:56Z TRACE [msg.payload] {"id":506,"hb":2115}
2025/09/12 08:46:56Z TRACE [msg.payload] {"id":506,"comp":1,"evap":{"in":28.4,"out":19.5,"fan":50},"cond":{"in":32,"out":45.2,"fan":100}}
2025/09/12 08:46:57Z TRACE [msg.payload] {"id":506,"hb":2116}
2025/09/12 08:46:57Z TRACE [msg.payload] {"id":506,"comp":1,"evap":{"in":28,"out":19,"fan":50},"cond":{"in":31.9,"out":44.8,"fan":100}}
2025/09/12 08:46:58Z TRACE [msg.payload] {"id":506,"hb":2117}
2025/09/12 08:46:58Z TRACE [msg.payload] {"id":506,"comp":1,"evap":{"in":27.8,"out":19.9,"fan":50},"cond":{"in":31.9,"out":45.3,"fan":100}}
2025/09/12 08:46:59Z TRACE [msg.payload] {"id":506,"hb":2118}
2025/09/12 08:46:59Z TRACE [msg.payload] {"id":506,"comp":1,"evap":{"in":28.2,"out":19,"fan":50},"cond":{"in":32.1,"out":45.6,"fan":100}}
2025/09/12 08:47:00Z TRACE [msg.payload] {"id":506,"hb":2119}
2025/09/12 08:47:00Z TRACE [msg.payload] {"id":506,"comp":1,"evap":{"in":28.3,"out":19,"fan":50},"cond":{"in":32,"out":45.4,"fan":100}}
2025/09/12 08:47:01Z TRACE [msg.payload] {"id":506,"hb":2120}
2025/09/12 08:47:01Z TRACE [msg.payload] {"id":506,"comp":1,"evap":{"in":28.2,"out":19.3,"fan":50},"cond":{"in":31.7,"out":45.2,"fan":100}}
2025/09/12 08:47:02Z TRACE [msg.payload] {"id":506,"hb":2121}
2025/09/12 08:47:02Z TRACE [msg.payload] {"id":506,"comp":1,"evap":{"in":27.9,"out":19.3,"fan":50},"cond":{"in":31.5,"out":45,"fan":100}}
2025/09/12 08:47:03Z TRACE [msg.payload] {"id":506,"hb":2122}
2025/09/12 08:47:03Z TRACE [msg.payload] {"id":506,"comp":1,"evap":{"in":27.8,"out":19,"fan":50},"cond":{"in":32.2,"out":45.6,"fan":100}}
2025/09/12 08:47:04Z TRACE [msg.payload] {"id":506,"hb":2123}
2025/09/12 08:47:04Z TRACE [msg.payload] {"id":506,"comp":1,"evap":{"in":28.1,"out":18.9,"fan":50},"cond":{"in":32,"out":46.2,"fan":100}}
2025/09/12 08:47:05Z TRACE [msg.payload] {"id":506,"hb":2124}
2025/09/12 08:47:05Z TRACE [msg.payload] {"id":506,"comp":1,"evap":{"in":28.2,"out":19.4,"fan":50},"cond":{"in":32.1,"out":45.4,"fan":100}}
2025/09/12 08:47:06Z TRACE [msg.payload] {"id":506,"hb":2125}
2025/09/12 08:47:06Z TRACE [msg.payload] {"id":506,"comp":1,"evap":{"in":28.2,"out":19.2,"fan":50},"cond":{"in":31.9,"out":45.1,"fan":100}}
2025/09/12 08:47:07Z TRACE [msg.payload] {"id":506,"hb":2126}
2025/09/12 08:47:07Z TRACE [msg.payload] {"id":506,"comp":1,"evap":{"in":27.6,"out":19,"fan":50},"cond":{"in":31.7,"out":45.2,"fan":100}}
2025/09/12 08:47:08Z TRACE [msg.payload] {"id":506,"hb":2127}
2025/09/12 08:47:08Z TRACE [msg.payload] {"id":506,"comp":1,"evap":{"in":27.9,"out":19,"fan":50},"cond":{"in":31.9,"out":45.2,"fan":100}}
2025/09/12 08:47:09Z TRACE [msg.payload] {"id":506,"hb":2128}
2025/09/12 08:47:09Z TRACE [msg.payload] {"id":506,"comp":1,"evap":{"in":28.1,"out":19.7,"fan":50},"cond":{"in":32.2,"out":45.5,"fan":100}}
2025/09/12 08:47:10Z TRACE [msg.payload] {"id":506,"hb":2129}
2025/09/12 08:47:10Z TRACE [msg.payload] {"id":506,"comp":1,"evap":{"in":27.8,"out":19,"fan":50},"cond":{"in":32.1,"out":45.5,"fan":100}}
2025/09/12 08:47:11Z TRACE [msg.payload] {"id":506,"hb":2130}
2025/09/12 08:47:11Z TRACE [msg.payload] {"id":506,"comp":1,"evap":{"in":28.1,"out":18.8,"fan":50},"cond":{"in":32.1,"out":45.3,"fan":100}}
2025/09/12 08:47:12Z TRACE [msg.payload] {"id":506,"hb":2131}
2025/09/12 08:47:12Z TRACE [msg.payload] {"id":506,"comp":1,"evap":{"in":28.2,"out":19.3,"fan":50},"cond":{"in":31.8,"out":45.2,"fan":100}}
2025/09/12 08:47:13Z TRACE [msg.payload] {"id":506,"hb":2132}
2025/09/12 08:47:13Z TRACE [msg.payload] {"id":506,"comp":1,"evap":{"in":28,"out":19,"fan":50},"cond":{"in":32,"out":45.5,"fan":100}}
2025/09/12 08:47:14Z TRACE [msg.payload] {"id":506,"hb":2133}
2025/09/12 08:47:14Z TRACE [msg.payload] {"id":506,"comp":1,"evap":{"in":28,"out":19,"fan":50},"cond":{"in":32.1,"out":45.6,"fan":100}}
2025/09/12 08:47:15Z TRACE [msg.payload] {"id":506,"hb":2134}
2025/09/12 08:47:15Z TRACE [msg.payload] {"id":506,"comp":1,"evap":{"in":28.3,"out":19.5,"fan":50},"cond":{"in":32.1,"out":45.1,"fan":100}}
2025/09/12 08:47:16Z TRACE [msg.payload] {"id":506,"hb":2135}
2025/09/12 08:47:16Z TRACE [msg.payload] {"id":506,"comp":1,"evap":{"in":28,"out":19.3,"fan":50},"cond":{"in":32.1,"out":44.8,"fan":100}}
2025/09/12 08:47:17Z TRACE [msg.payload] {"id":506,"hb":2136}
2025/09/12 08:47:17Z TRACE [msg.payload] {"id":506,"comp":1,"evap":{"in":28,"out":18.9,"fan":50},"cond":{"in":32,"out":45.1,"fan":100}}
2025/09/12 08:47:18Z TRACE [msg.payload] {"id":506,"hb":2137}
2025/09/12 08:47:18Z TRACE [msg.payload] {"id":506,"comp":1,"evap":{"in":27.8,"out":19.3,"fan":50},"cond":{"in":31.9,"out":45.2,"fan":100}}
2025/09/12 08:47:19Z TRACE [msg.payload] {"id":506,"hb":2138}
2025/09/12 08:47:19Z TRACE [msg.payload] {"id":506,"comp":1,"evap":{"in":28,"out":18.9,"fan":50},"cond":{"in":32.2,"out":45.3,"fan":100}}
2025/09/12 08:47:20Z TRACE [msg.payload] {"id":506,"hb":2139}
2025/09/12 08:47:20Z TRACE [msg.payload] {"id":506,"comp":1,"evap":{"in":27.9,"out":19,"fan":50},"cond":{"in":32.2,"out":45.6,"fan":100}}
2025/09/12 08:47:21Z TRACE [msg.payload] {"id":506,"hb":2140}
2025/09/12 08:47:21Z TRACE [msg.payload] {"id":506,"comp":1,"evap":{"in":28.2,"out":19.3,"fan":50},"cond":{"in":31.8,"out":45.4,"fan":100}}
2025/09/12 08:47:22Z TRACE [msg.payload] {"id":506,"hb":2141}
2025/09/12 08:47:22Z TRACE [msg.payload] {"id":506,"comp":1,"evap":{"in":28.1,"out":19.4,"fan":50},"cond":{"in":31.5,"out":45.2,"fan":100}}
2025/09/12 08:47:23Z TRACE [msg.payload] {"id":506,"hb":2142}
2025/09/12 08:47:23Z TRACE [msg.payload] {"id":506,"comp":1,"evap":{"in":28,"out":19,"fan":50},"cond":{"in":32,"out":45.5,"fan":100}}
2025/09/12 08:47:24Z TRACE [msg.payload] {"id":506,"hb":2143}
2025/09/12 08:47:24Z TRACE [msg.payload] {"id":506,"comp":1,"evap":{"in":28,"out":19,"fan":50},"cond":{"in":32.2,"out":45.6,"fan":100}}
2025/09/12 08:47:25Z TRACE [msg.payload] {"id":506,"hb":2144}
2025/09/12 08:47:25Z TRACE [msg.payload] {"id":506,"comp":1,"evap":{"in":28,"out":19.3,"fan":50},"cond":{"in":32,"out":45,"fan":100}}
2025/09/12 08:47:26Z TRACE [msg.payload] {"id":506,"hb":2145}
2025/09/12 08:47:26Z TRACE [msg.payload] {"id":506,"comp":1,"evap":{"in":28.2,"out":19.4,"fan":50},"cond":{"in":32.1,"out":45.4,"fan":100}}
2025/09/12 08:47:27Z TRACE [msg.payload] {"id":506,"hb":2146}
2025/09/12 08:47:27Z TRACE [msg.payload] {"id":506,"comp":1,"evap":{"in":27.7,"out":18.8,"fan":50},"cond":{"in":32,"out":45.3,"fan":100}}
2025/09/12 08:47:28Z TRACE [msg.payload] {"id":506,"hb":2147}
2025/09/12 08:47:28Z TRACE [msg.payload] {"id":506,"comp":1,"evap":{"in":28,"out":19,"fan":50},"cond":{"in":33.1,"out":45.3,"fan":100}}
2025/09/12 08:47:29Z TRACE [msg.payload] {"id":506,"hb":2148}
2025/09/12 08:47:29Z TRACE [msg.payload] {"id":506,"comp":1,"evap":{"in":28.1,"out":19.1,"fan":50},"cond":{"in":32.2,"out":45.4,"fan":100}}
2025/09/12 08:47:30Z TRACE [msg.payload] {"id":506,"hb":2149}
2025/09/12 08:47:30Z TRACE [msg.payload] {"id":506,"comp":1,"evap":{"in":27.9,"out":19,"fan":50},"cond":{"in":32,"out":45.6,"fan":100}}
2025/09/12 08:47:31Z TRACE [msg.payload] {"id":506,"hb":2150}
2025/09/12 08:47:31Z TRACE [msg.payload] {"id":506,"comp":1,"evap":{"in":28.3,"out":19.8,"fan":50},"cond":{"in":31.9,"out":45.2,"fan":100}}
2025/09/12 08:47:32Z TRACE [msg.payload] {"id":506,"hb":2151}
2025/09/12 08:47:32Z TRACE [msg.payload] {"id":506,"comp":1,"evap":{"in":28.2,"out":19.3,"fan":50},"cond":{"in":32.2,"out":45.2,"fan":100}}
2025/09/12 08:47:33Z TRACE [msg.payload] {"id":506,"hb":2152}
2025/09/12 08:47:33Z TRACE [msg.payload] {"id":506,"comp":1,"evap":{"in":27.7,"out":18.8,"fan":50},"cond":{"in":31.9,"out":45.5,"fan":100}}
2025/09/12 08:47:34Z TRACE [msg.payload] {"id":506,"hb":2153}
2025/09/12 08:47:34Z TRACE [msg.payload] {"id":506,"comp":1,"evap":{"in":27.6,"out":19,"fan":50},"cond":{"in":32.3,"out":45.6,"fan":100}}
2025/09/12 08:47:35Z TRACE [msg.payload] {"id":506,"hb":2154}
2025/09/12 08:47:35Z TRACE [msg.payload] {"id":506,"comp":1,"evap":{"in":28,"out":19.3,"fan":50},"cond":{"in":32.3,"out":45.6,"fan":100}}
2025/09/12 08:47:36Z TRACE [msg.payload] {"id":506,"hb":2155}
2025/09/12 08:47:36Z TRACE [msg.payload] {"id":506,"comp":1,"evap":{"in":27.7,"out":19.3,"fan":50},"cond":{"in":32.2,"out":45.6,"fan":100}}
2025/09/12 08:47:37Z TRACE [msg.payload] {"id":506,"hb":2156}
2025/09/12 08:47:37Z TRACE [msg.payload] {"id":506,"comp":1,"evap":{"in":28.1,"out":19.4,"fan":50},"cond":{"in":31.9,"out":45.1,"fan":100}}
2025/09/12 08:47:38Z TRACE [msg.payload] {"id":506,"hb":2157}
2025/09/12 08:47:38Z TRACE [msg.payload] {"id":506,"comp":1,"evap":{"in":28,"out":18.9,"fan":50},"cond":{"in":31.8,"out":44.7,"fan":100}}
2025/09/12 08:47:39Z TRACE [msg.payload] {"id":506,"hb":2158}
2025/09/12 08:47:39Z TRACE [msg.payload] {"id":506,"comp":1,"evap":{"in":27.9,"out":19,"fan":50},"cond":{"in":34.1,"out":45.5,"fan":100}}
2025/09/12 08:47:40Z TRACE [msg.payload] {"id":506,"hb":2159}
2025/09/12 08:47:40Z TRACE [msg.payload] {"id":506,"comp":1,"evap":{"in":28,"out":19,"fan":50},"cond":{"in":32,"out":45.5,"fan":100}}
2025/09/12 08:47:41Z TRACE [msg.payload] {"id":506,"hb":2160}
2025/09/12 08:47:41Z TRACE [msg.payload] {"id":506,"comp":1,"evap":{"in":28.2,"out":19.8,"fan":50},"cond":{"in":32.2,"out":45.5,"fan":100}}
2025/09/12 08:47:42Z TRACE [msg.payload] {"id":506,"hb":2161}
2025/09/12 08:47:42Z TRACE [msg.payload] {"id":506,"comp":1,"evap":{"in":27.8,"out":19.3,"fan":50},"cond":{"in":31.9,"out":45.4,"fan":100}}
2025/09/12 08:47:43Z TRACE [msg.payload] {"id":506,"hb":2162}
2025/09/12 08:47:43Z TRACE [msg.payload] {"id":506,"comp":1,"evap":{"in":27.7,"out":19,"fan":50},"cond":{"in":31.8,"out":45.1,"fan":100}}
2025/09/12 08:47:44Z TRACE [msg.payload] {"id":506,"hb":2163}
2025/09/12 08:47:44Z TRACE [msg.payload] {"id":506,"comp":1,"evap":{"in":27.9,"out":18.9,"fan":50},"cond":{"in":32.1,"out":45.4,"fan":100}}
2025/09/12 08:47:45Z TRACE [msg.payload] {"id":506,"hb":2164}
2025/09/12 08:47:45Z TRACE [msg.payload] {"id":506,"comp":1,"evap":{"in":27.8,"out":18.9,"fan":50},"cond":{"in":32.1,"out":45.6,"fan":100}}
2025/09/12 08:47:46Z TRACE [msg.payload] {"id":506,"hb":2165}
2025/09/12 08:47:46Z TRACE [msg.payload] {"id":506,"comp":1,"evap":{"in":28.4,"out":19.3,"fan":50},"cond":{"in":32.1,"out":45.2,"fan":100}}
2025/09/12 08:47:47Z TRACE [msg.payload] {"id":506,"hb":2166}
2025/09/12 08:47:47Z TRACE [msg.payload] {"id":506,"comp":1,"evap":{"in":28.1,"out":19.3,"fan":50},"cond":{"in":32,"out":45.3,"fan":100}}
2025/09/12 08:47:48Z TRACE [msg.payload] {"id":506,"hb":2167}
2025/09/12 08:47:48Z TRACE [msg.payload] {"id":506,"comp":1,"evap":{"in":28,"out":19,"fan":50},"cond":{"in":31.8,"out":45.8,"fan":100}}
2025/09/12 08:47:49Z TRACE [msg.payload] {"id":506,"hb":2168}
2025/09/12 08:47:49Z TRACE [msg.payload] {"id":506,"comp":1,"evap":{"in":27.8,"out":19,"fan":50},"cond":{"in":31.9,"out":45.2,"fan":100}}
2025/09/12 08:47:50Z TRACE [msg.payload] {"id":506,"hb":2169}
2025/09/12 08:47:50Z TRACE [msg.payload] {"id":506,"comp":1,"evap":{"in":28.2,"out":19,"fan":50},"cond":{"in":32.2,"out":45.6,"fan":100}}
2025/09/12 08:47:51Z TRACE [msg.payload] {"id":506,"hb":2170}
2025/09/12 08:47:51Z TRACE [msg.payload] {"id":506,"comp":1,"evap":{"in":28.3,"out":19.2,"fan":50},"cond":{"in":31.9,"out":45.4,"fan":100}}
2025/09/12 08:47:52Z TRACE [msg.payload] {"id":506,"hb":2171}
2025/09/12 08:47:52Z TRACE [msg.payload] {"id":506,"comp":1,"evap":{"in":28,"out":19.5,"fan":50},"cond":{"in":31.8,"out":45.5,"fan":100}}
2025/09/12 08:47:53Z TRACE [msg.payload] {"id":506,"hb":2172}
2025/09/12 08:47:53Z TRACE [msg.payload] {"id":506,"comp":1,"evap":{"in":28,"out":17,"fan":50},"cond":{"in":31.9,"out":45.3,"fan":100}}
2025/09/12 08:47:54Z TRACE [msg.payload] {"id":506,"hb":2173}
2025/09/12 08:47:54Z TRACE [msg.payload] {"id":506,"comp":1,"evap":{"in":28.1,"out":19.4,"fan":50},"cond":{"in":31.7,"out":45.3,"fan":100}}
2025/09/12 08:47:55Z TRACE [msg.payload] {"id":506,"hb":2174}
2025/09/12 08:47:55Z TRACE [msg.payload] {"id":506,"comp":1,"evap":{"in":28,"out":18.9,"fan":50},"cond":{"in":32.2,"out":45.6,"fan":100}}
2025/09/12 08:47:56Z TRACE [msg.payload] {"id":506,"hb":2175}
2025/09/12 08:47:56Z TRACE [msg.payload] {"id":506,"comp":1,"evap":{"in":28.5,"out":19.5,"fan":50},"cond":{"in":32.2,"out":45.3,"fan":100}}
2025/09/12 08:47:57Z TRACE [msg.payload] {"id":506,"hb":2176}
2025/09/12 08:47:57Z TRACE [msg.payload] {"id":506,"comp":1,"evap":{"in":28.5,"out":19.5,"fan":50},"cond":{"in":31.9,"out":45.5,"fan":100}}
2025/09/12 08:47:58Z TRACE [msg.payload] {"id":506,"hb":2177}
2025/09/12 08:47:58Z TRACE [msg.payload] {"id":506,"comp":1,"evap":{"in":27.8,"out":18.5,"fan":50},"cond":{"in":31.9,"out":45.3,"fan":100}}
2025/09/12 08:47:59Z TRACE [msg.payload] {"id":506,"hb":2178}
2025/09/12 08:47:59Z TRACE [msg.payload] {"id":506,"comp":1,"evap":{"in":28,"out":19,"fan":50},"cond":{"in":31.9,"out":45.6,"fan":100}}
2025/09/12 08:48:00Z TRACE [msg.payload] {"id":506,"hb":2179}
2025/09/12 08:48:00Z TRACE [msg.payload] {"id":506,"comp":1,"evap":{"in":27.9,"out":18.4,"fan":50},"cond":{"in":32.2,"out":45.5,"fan":100}}
2025/09/12 08:48:01Z TRACE [msg.payload] {"id":506,"hb":2180}
2025/09/12 08:48:01Z TRACE [msg.payload] {"id":506,"comp":1,"evap":{"in":28.1,"out":19.4,"fan":50},"cond":{"in":32.2,"out":45.6,"fan":100}}
2025/09/12 08:48:02Z TRACE [msg.payload] {"id":506,"hb":2181}
2025/09/12 08:48:02Z TRACE [msg.payload] {"id":506,"comp":1,"evap":{"in":28.2,"out":19.4,"fan":50},"cond":{"in":31.9,"out":45.2,"fan":100}}
2025/09/12 08:48:03Z TRACE [msg.payload] {"id":506,"hb":2182}
2025/09/12 08:48:03Z TRACE [msg.payload] {"id":506,"comp":1,"evap":{"in":27.9,"out":19,"fan":50},"cond":{"in":31.9,"out":45.6,"fan":100}}
2025/09/12 08:48:04Z TRACE [msg.payload] {"id":506,"hb":2183}
2025/09/12 08:48:04Z TRACE [msg.payload] {"id":506,"comp":1,"evap":{"in":27.9,"out":19.1,"fan":50},"cond":{"in":31.9,"out":45.4,"fan":100}}
2025/09/12 08:48:05Z TRACE [msg.payload] {"id":506,"hb":2184}
2025/09/12 08:48:05Z TRACE [msg.payload] {"id":506,"comp":1,"evap":{"in":28.3,"out":20.3,"fan":50},"cond":{"in":32,"out":45.5,"fan":100}}
2025/09/12 08:48:06Z TRACE [msg.payload] {"id":506,"hb":2185}
2025/09/12 08:48:06Z TRACE [msg.payload] {"id":506,"comp":1,"evap":{"in":28.3,"out":19.1,"fan":50},"cond":{"in":32,"out":45.5,"fan":100}}
2025/09/12 08:48:07Z TRACE [msg.payload] {"id":506,"hb":2186}
2025/09/12 08:48:07Z TRACE [msg.payload] {"id":506,"comp":1,"evap":{"in":28.3,"out":19.4,"fan":50},"cond":{"in":32,"out":45.5,"fan":100}}
2025/09/12 08:48:08Z TRACE [msg.payload] {"id":506,"hb":2187}
2025/09/12 08:48:08Z TRACE [msg.payload] {"id":506,"comp":1,"evap":{"in":28.2,"out":19.6,"fan":50},"cond":{"in":31.9,"out":45,"fan":100}}
2025/09/12 08:48:09Z TRACE [msg.payload] {"id":506,"hb":2188}
2025/09/12 08:48:09Z TRACE [msg.payload] {"id":506,"comp":1,"evap":{"in":28.7,"out":18.9,"fan":50},"cond":{"in":31.9,"out":45.6,"fan":100}}
2025/09/12 08:48:10Z TRACE [msg.payload] {"id":506,"hb":2189}
2025/09/12 08:48:10Z TRACE [msg.payload] {"id":506,"comp":1,"evap":{"in":28,"out":19.1,"fan":50},"cond":{"in":32.3,"out":45.6,"fan":100}}
2025/09/12 08:48:11Z TRACE [msg.payload] {"id":506,"hb":2190}
2025/09/12 08:48:11Z TRACE [msg.payload] {"id":506,"comp":1,"evap":{"in":28,"out":19.4,"fan":50},"cond":{"in":32.2,"out":45.5,"fan":100}}
2025/09/12 08:48:12Z TRACE [msg.payload] {"id":506,"hb":2191}
2025/09/12 08:48:12Z TRACE [msg.payload] {"id":506,"comp":1,"evap":{"in":28.2,"out":19.5,"fan":50},"cond":{"in":32,"out":45.5,"fan":100}}
2025/09/12 08:48:13Z TRACE [msg.payload] {"id":506,"hb":2192}
2025/09/12 08:48:13Z TRACE [msg.payload] {"id":506,"comp":1,"evap":{"in":28,"out":19.3,"fan":50},"cond":{"in":32,"out":45.4,"fan":100}}
2025/09/12 08:48:14Z TRACE [msg.payload] {"id":506,"hb":2193}
2025/09/12 08:48:14Z TRACE [msg.payload] {"id":506,"comp":1,"evap":{"in":27.8,"out":19.5,"fan":50},"cond":{"in":31.9,"out":45.1,"fan":100}}
2025/09/12 08:48:15Z TRACE [msg.payload] {"id":506,"hb":2194}
2025/09/12 08:48:15Z TRACE [msg.payload] {"id":506,"comp":1,"evap":{"in":28.3,"out":19.1,"fan":50},"cond":{"in":32.2,"out":45.7,"fan":100}}
2025/09/12 08:48:16Z TRACE [msg.payload] {"id":506,"hb":2195}
2025/09/12 08:48:16Z TRACE [msg.payload] {"id":506,"comp":1,"evap":{"in":27.7,"out":19.2,"fan":50},"cond":{"in":32.2,"out":45.5,"fan":100}}
2025/09/12 08:48:17Z TRACE [msg.payload] {"id":506,"hb":2196}
2025/09/12 08:48:17Z TRACE [msg.payload] {"id":506,"comp":1,"evap":{"in":28.2,"out":19.5,"fan":50},"cond":{"in":32.2,"out":45.3,"fan":100}}
2025/09/12 08:48:18Z TRACE [msg.payload] {"id":506,"hb":2197}
2025/09/12 08:48:18Z TRACE [msg.payload] {"id":506,"comp":1,"evap":{"in":28.1,"out":19.5,"fan":50},"cond":{"in":32.1,"out":45.4,"fan":100}}
2025/09/12 08:48:19Z TRACE [msg.payload] {"id":506,"hb":2198}
2025/09/12 08:48:19Z TRACE [msg.payload] {"id":506,"comp":1,"evap":{"in":27.8,"out":19.2,"fan":50},"cond":{"in":32.2,"out":45.2,"fan":100}}
2025/09/12 08:48:20Z TRACE [msg.payload] {"id":506,"hb":2199}
2025/09/12 08:48:20Z TRACE [msg.payload] {"id":506,"comp":1,"evap":{"in":27.9,"out":19.1,"fan":50},"cond":{"in":32.3,"out":45.5,"fan":100}}
2025/09/12 08:48:21Z TRACE [msg.payload] {"id":506,"hb":2200}
2025/09/12 08:48:21Z TRACE [msg.payload] {"id":506,"comp":1,"evap":{"in":28.2,"out":19,"fan":50},"cond":{"in":32.2,"out":45.6,"fan":100}}
2025/09/12 08:48:22Z TRACE [msg.payload] {"id":506,"hb":2201}
2025/09/12 08:48:22Z TRACE [msg.payload] {"id":506,"comp":1,"evap":{"in":28,"out":19.6,"fan":50},"cond":{"in":31.9,"out":45.3,"fan":100}}
2025/09/12 08:48:23Z TRACE [msg.payload] {"id":506,"hb":2202}
2025/09/12 08:48:23Z TRACE [msg.payload] {"id":506,"comp":1,"evap":{"in":28,"out":19.3,"fan":50},"cond":{"in":31.9,"out":45.3,"fan":100}}
2025/09/12 08:48:24Z TRACE [msg.payload] {"id":506,"hb":2203}
2025/09/12 08:48:24Z TRACE [msg.payload] {"id":506,"comp":1,"evap":{"in":27.7,"out":19.2,"fan":50},"cond":{"in":32,"out":45.6,"fan":100}}
2025/09/12 08:48:25Z TRACE [msg.payload] {"id":506,"hb":2204}
2025/09/12 08:48:25Z TRACE [msg.payload] {"id":506,"comp":1,"evap":{"in":27.7,"out":19,"fan":50},"cond":{"in":32.3,"out":45.5,"fan":100}}
2025/09/12 08:48:26Z TRACE [msg.payload] {"id":506,"hb":2205}
2025/09/12 08:48:26Z TRACE [msg.payload] {"id":506,"comp":1,"evap":{"in":28.2,"out":19,"fan":50},"cond":{"in":32.5,"out":45.6,"fan":100}}
2025/09/12 08:48:27Z TRACE [msg.payload] {"id":506,"hb":2206}
2025/09/12 08:48:27Z TRACE [msg.payload] {"id":506,"comp":1,"evap":{"in":28.1,"out":19.4,"fan":50},"cond":{"in":32.2,"out":45.4,"fan":100}}
2025/09/12 08:48:28Z TRACE [msg.payload] {"id":506,"hb":2207}
2025/09/12 08:48:28Z TRACE [msg.payload] {"id":506,"comp":1,"evap":{"in":28,"out":19.4,"fan":50},"cond":{"in":31.7,"out":45.2,"fan":100}}
2025/09/12 08:48:29Z TRACE [msg.payload] {"id":506,"hb":2208}
2025/09/12 08:48:29Z TRACE [msg.payload] {"id":506,"comp":1,"evap":{"in":27.9,"out":19,"fan":50},"cond":{"in":31.9,"out":45.4,"fan":100}}
2025/09/12 08:48:30Z TRACE [msg.payload] {"id":506,"hb":2209}
2025/09/12 08:48:30Z TRACE [msg.payload] {"id":506,"comp":1,"evap":{"in":27.9,"out":19.2,"fan":50},"cond":{"in":32.3,"out":45.7,"fan":100}}
2025/09/12 08:48:31Z TRACE [msg.payload] {"id":506,"hb":2210}
2025/09/12 08:48:31Z TRACE [msg.payload] {"id":506,"comp":1,"evap":{"in":28.1,"out":19.3,"fan":50},"cond":{"in":32.2,"out":45.6,"fan":100}}
2025/09/12 08:48:32Z TRACE [msg.payload] {"id":506,"hb":2211}
2025/09/12 08:48:32Z TRACE [msg.payload] {"id":506,"comp":1,"evap":{"in":28.1,"out":19.7,"fan":50},"cond":{"in":31.9,"out":45.4,"fan":100}}
2025/09/12 08:48:33Z TRACE [msg.payload] {"id":506,"hb":2212}
2025/09/12 08:48:33Z TRACE [msg.payload] {"id":506,"comp":1,"evap":{"in":28,"out":19.4,"fan":50},"cond":{"in":32.2,"out":46.8,"fan":100}}
2025/09/12 08:48:34Z TRACE [msg.payload] {"id":506,"hb":2213}
2025/09/12 08:48:34Z TRACE [msg.payload] {"id":506,"comp":1,"evap":{"in":27.9,"out":19.2,"fan":50},"cond":{"in":32.1,"out":45.5,"fan":100}}
2025/09/12 08:48:35Z TRACE [msg.payload] {"id":506,"hb":2214}
2025/09/12 08:48:35Z TRACE [msg.payload] {"id":506,"comp":1,"evap":{"in":27.7,"out":19.2,"fan":50},"cond":{"in":31.9,"out":45.4,"fan":100}}
2025/09/12 08:48:36Z TRACE [msg.payload] {"id":506,"hb":2215}
2025/09/12 08:48:36Z TRACE [msg.payload] {"id":506,"comp":1,"evap":{"in":28.1,"out":19.7,"fan":50},"cond":{"in":32.2,"out":45.6,"fan":100}}
2025/09/12 08:48:37Z TRACE [msg.payload] {"id":506,"hb":2216}
2025/09/12 08:48:37Z TRACE [msg.payload] {"id":506,"comp":1,"evap":{"in":28,"out":19.4,"fan":50},"cond":{"in":32.2,"out":45.4,"fan":100}}
2025/09/12 08:48:38Z TRACE [msg.payload] {"id":506,"hb":2217}
2025/09/12 08:48:38Z TRACE [msg.payload] {"id":506,"comp":1,"evap":{"in":28,"out":19.4,"fan":50},"cond":{"in":32.1,"out":46,"fan":100}}
2025/09/12 08:48:39Z TRACE [msg.payload] {"id":506,"hb":2218}
2025/09/12 08:48:39Z TRACE [msg.payload] {"id":506,"comp":1,"evap":{"in":27.9,"out":19.1,"fan":50},"cond":{"in":32,"out":45.2,"fan":100}}
2025/09/12 08:48:40Z TRACE [msg.payload] {"id":506,"hb":2219}
2025/09/12 08:48:40Z TRACE [msg.payload] {"id":506,"comp":1,"evap":{"in":27.7,"out":18.9,"fan":50},"cond":{"in":31.9,"out":44.3,"fan":100}}
2025/09/12 08:48:41Z TRACE [msg.payload] {"id":506,"hb":2220}
2025/09/12 08:48:41Z TRACE [msg.payload] {"id":506,"comp":1,"evap":{"in":27.8,"out":19.2,"fan":50},"cond":{"in":32.2,"out":45.6,"fan":100}}
2025/09/12 08:48:42Z TRACE [msg.payload] {"id":506,"hb":2221}
2025/09/12 08:48:42Z TRACE [msg.payload] {"id":506,"comp":1,"evap":{"in":28,"out":19.4,"fan":50},"cond":{"in":32.2,"out":45,"fan":100}}
2025/09/12 08:48:43Z TRACE [msg.payload] {"id":506,"hb":2222}
2025/09/12 08:48:43Z TRACE [msg.payload] {"id":506,"comp":1,"evap":{"in":28.2,"out":19.6,"fan":50},"cond":{"in":31.8,"out":45.5,"fan":100}}
2025/09/12 08:48:44Z TRACE [msg.payload] {"id":506,"hb":2223}
2025/09/12 08:48:44Z TRACE [msg.payload] {"id":506,"comp":1,"evap":{"in":27.9,"out":19,"fan":50},"cond":{"in":31.9,"out":45.2,"fan":100}}
2025/09/12 08:48:45Z TRACE [msg.payload] {"id":506,"hb":2224}
2025/09/12 08:48:45Z TRACE [msg.payload] {"id":506,"comp":1,"evap":{"in":27.8,"out":19.1,"fan":50},"cond":{"in":31.9,"out":45.6,"fan":100}}
2025/09/12 08:48:46Z TRACE [msg.payload] {"id":506,"hb":2225}
2025/09/12 08:48:46Z TRACE [msg.payload] {"id":506,"comp":1,"evap":{"in":28.3,"out":19.2,"fan":50},"cond":{"in":32.4,"out":45.8,"fan":100}}
2025/09/12 08:48:47Z TRACE [msg.payload] {"id":506,"hb":2226}
2025/09/12 08:48:47Z TRACE [msg.payload] {"id":506,"comp":1,"evap":{"in":28.2,"out":19,"fan":50},"cond":{"in":32.1,"out":45.7,"fan":100}}
2025/09/12 08:48:48Z TRACE [msg.payload] {"id":506,"hb":2227}
2025/09/12 08:48:48Z TRACE [msg.payload] {"id":506,"comp":1,"evap":{"in":28.1,"out":19.4,"fan":50},"cond":{"in":32.1,"out":45.4,"fan":100}}
2025/09/12 08:48:49Z TRACE [msg.payload] {"id":506,"hb":2228}
2025/09/12 08:48:49Z TRACE [msg.payload] {"id":506,"comp":1,"evap":{"in":27.9,"out":19.6,"fan":50},"cond":{"in":32,"out":45.4,"fan":100}}
2025/09/12 08:48:50Z TRACE [msg.payload] {"id":506,"hb":2229}
2025/09/12 08:48:50Z TRACE [msg.payload] {"id":506,"comp":1,"evap":{"in":27.8,"out":19.1,"fan":50},"cond":{"in":32.2,"out":45.6,"fan":100}}
2025/09/12 08:48:51Z TRACE [msg.payload] {"id":506,"hb":2230}
2025/09/12 08:48:51Z TRACE [msg.payload] {"id":506,"comp":1,"evap":{"in":27.7,"out":20,"fan":50},"cond":{"in":32.3,"out":45.6,"fan":100}}
2025/09/12 08:48:52Z TRACE [msg.payload] {"id":506,"hb":2231}
2025/09/12 08:48:52Z TRACE [msg.payload] {"id":506,"comp":1,"evap":{"in":28.1,"out":19.6,"fan":50},"cond":{"in":32.2,"out":44.9,"fan":100}}
2025/09/12 08:48:53Z TRACE [msg.payload] {"id":506,"hb":2232}
2025/09/12 08:48:53Z TRACE [msg.payload] {"id":506,"comp":1,"evap":{"in":28.2,"out":19.5,"fan":50},"cond":{"in":32.2,"out":45.4,"fan":100}}
2025/09/12 08:48:54Z TRACE [msg.payload] {"id":506,"hb":2233}
2025/09/12 08:48:54Z TRACE [msg.payload] {"id":506,"comp":1,"evap":{"in":28.1,"out":19,"fan":50},"cond":{"in":32.3,"out":45.6,"fan":100}}
2025/09/12 08:48:55Z TRACE [msg.payload] {"id":506,"hb":2234}
2025/09/12 08:48:55Z TRACE [msg.payload] {"id":506,"comp":1,"evap":{"in":27.9,"out":19.3,"fan":50},"cond":{"in":32.1,"out":45.8,"fan":100}}
2025/09/12 08:48:56Z TRACE [msg.payload] {"id":506,"hb":2235}
2025/09/12 08:48:56Z TRACE [msg.payload] {"id":506,"comp":1,"evap":{"in":28.1,"out":19,"fan":50},"cond":{"in":32.1,"out":45.6,"fan":100}}
2025/09/12 08:48:57Z TRACE [msg.payload] {"id":506,"hb":2236}
2025/09/12 08:48:57Z TRACE [msg.payload] {"id":506,"comp":1,"evap":{"in":28.3,"out":19.1,"fan":50},"cond":{"in":32.3,"out":45.7,"fan":100}}
2025/09/12 08:48:58Z TRACE [msg.payload] {"id":506,"hb":2237}
2025/09/12 08:48:58Z TRACE [msg.payload] {"id":506,"comp":1,"evap":{"in":28,"out":19.3,"fan":50},"cond":{"in":31.9,"out":45.4,"fan":100}}
2025/09/12 08:48:59Z TRACE [msg.payload] {"id":506,"hb":2238}
2025/09/12 08:48:59Z TRACE [msg.payload] {"id":506,"comp":1,"evap":{"in":28.3,"out":19.4,"fan":50},"cond":{"in":31.9,"out":45.4,"fan":100}}
2025/09/12 08:49:00Z TRACE [msg.payload] {"id":506,"hb":2239}
2025/09/12 08:49:00Z TRACE [msg.payload] {"id":506,"comp":1,"evap":{"in":28,"out":19.1,"fan":50},"cond":{"in":31.9,"out":45.7,"fan":100}}
2025/09/12 08:49:01Z TRACE [msg.payload] {"id":506,"hb":2240}
2025/09/12 08:49:01Z TRACE [msg.payload] {"id":506,"comp":1,"evap":{"in":28.3,"out":19.1,"fan":50},"cond":{"in":31.8,"out":45.7,"fan":100}}
2025/09/12 08:49:02Z TRACE [msg.payload] {"id":506,"hb":2241}
2025/09/12 08:49:02Z TRACE [msg.payload] {"id":506,"comp":1,"evap":{"in":28.5,"out":18.8,"fan":50},"cond":{"in":32.2,"out":45.6,"fan":100}}
2025/09/12 08:49:03Z TRACE [msg.payload] {"id":506,"hb":2242}
2025/09/12 08:49:03Z TRACE [msg.payload] {"id":506,"comp":1,"evap":{"in":28.3,"out":19.3,"fan":50},"cond":{"in":32.2,"out":45.4,"fan":100}}
2025/09/12 08:49:04Z TRACE [msg.payload] {"id":506,"hb":2243}
2025/09/12 08:49:04Z TRACE [msg.payload] {"id":506,"comp":1,"evap":{"in":27.9,"out":19.4,"fan":50},"cond":{"in":32,"out":45.5,"fan":100}}
2025/09/12 08:49:05Z TRACE [msg.payload] {"id":506,"hb":2244}
2025/09/12 08:49:05Z TRACE [msg.payload] {"id":506,"comp":1,"evap":{"in":28.1,"out":19.2,"fan":50},"cond":{"in":32,"out":45.7,"fan":100}}
2025/09/12 08:49:06Z TRACE [msg.payload] {"id":506,"hb":2245}
2025/09/12 08:49:06Z TRACE [msg.payload] {"id":506,"comp":1,"evap":{"in":27.7,"out":19.2,"fan":50},"cond":{"in":32.2,"out":45.4,"fan":100}}
2025/09/12 08:49:07Z TRACE [msg.payload] {"id":506,"hb":2246}
2025/09/12 08:49:07Z TRACE [msg.payload] {"id":506,"comp":1,"evap":{"in":28.1,"out":19.8,"fan":50},"cond":{"in":32.2,"out":45.6,"fan":100}}
2025/09/12 08:49:08Z TRACE [msg.payload] {"id":506,"hb":2247}
2025/09/12 08:49:08Z TRACE [msg.payload] {"id":506,"comp":1,"evap":{"in":28.2,"out":20.4,"fan":50},"cond":{"in":32,"out":45.5,"fan":100}}
2025/09/12 08:49:09Z TRACE [msg.payload] {"id":506,"hb":2248}
2025/09/12 08:49:09Z TRACE [msg.payload] {"id":506,"comp":1,"evap":{"in":28.1,"out":19.5,"fan":50},"cond":{"in":32,"out":45.5,"fan":100}}
2025/09/12 08:49:10Z TRACE [msg.payload] {"id":506,"hb":2249}
2025/09/12 08:49:10Z TRACE [msg.payload] {"id":506,"comp":1,"evap":{"in":28,"out":19.1,"fan":50},"cond":{"in":32.1,"out":45.6,"fan":100}}
2025/09/12 08:49:11Z TRACE [msg.payload] {"id":506,"hb":2250}
2025/09/12 08:49:11Z TRACE [msg.payload] {"id":506,"comp":1,"evap":{"in":28,"out":18.9,"fan":50},"cond":{"in":32,"out":45.6,"fan":100}}
2025/09/12 08:49:12Z TRACE [msg.payload] {"id":506,"hb":2251}
2025/09/12 08:49:12Z TRACE [msg.payload] {"id":506,"comp":1,"evap":{"in":28.2,"out":19.9,"fan":50},"cond":{"in":32.2,"out":45.7,"fan":100}}
2025/09/12 08:49:13Z TRACE [msg.payload] {"id":506,"hb":2252}
2025/09/12 08:49:13Z TRACE [msg.payload] {"id":506,"comp":1,"evap":{"in":28.3,"out":19.6,"fan":50},"cond":{"in":32.2,"out":45.4,"fan":100}}
2025/09/12 08:49:14Z TRACE [msg.payload] {"id":506,"hb":2253}
2025/09/12 08:49:14Z TRACE [msg.payload] {"id":506,"comp":1,"evap":{"in":28,"out":19.5,"fan":50},"cond":{"in":31.9,"out":45.4,"fan":100}}
2025/09/12 08:49:15Z TRACE [msg.payload] {"id":506,"hb":2254}
2025/09/12 08:49:15Z TRACE [msg.payload] {"id":506,"comp":1,"evap":{"in":28,"out":19.1,"fan":50},"cond":{"in":32.1,"out":45.7,"fan":100}}
2025/09/12 08:49:16Z TRACE [msg.payload] {"id":506,"hb":2255}
2025/09/12 08:49:16Z TRACE [msg.payload] {"id":506,"comp":1,"evap":{"in":28,"out":19.2,"fan":50},"cond":{"in":32.1,"out":45.6,"fan":100}}
2025/09/12 08:49:17Z TRACE [msg.payload] {"id":506,"hb":2256}
2025/09/12 08:49:17Z TRACE [msg.payload] {"id":506,"comp":1,"evap":{"in":28.2,"out":19.2,"fan":50},"cond":{"in":32.2,"out":45.6,"fan":100}}
2025/09/12 08:49:18Z TRACE [msg.payload] {"id":506,"hb":2257}
2025/09/12 08:49:18Z TRACE [msg.payload] {"id":506,"comp":1,"evap":{"in":28.2,"out":19.7,"fan":50},"cond":{"in":32.1,"out":45.5,"fan":100}}
2025/09/12 08:49:19Z TRACE [msg.payload] {"id":506,"hb":2258}
2025/09/12 08:49:19Z TRACE [msg.payload] {"id":506,"comp":1,"evap":{"in":28.1,"out":21.1,"fan":50},"cond":{"in":31.8,"out":45.2,"fan":100}}
2025/09/12 08:49:20Z TRACE [msg.payload] {"id":506,"hb":2259}
2025/09/12 08:49:20Z TRACE [msg.payload] {"id":506,"comp":1,"evap":{"in":28,"out":19.5,"fan":50},"cond":{"in":31.9,"out":45.6,"fan":100}}
2025/09/12 08:49:21Z TRACE [msg.payload] {"id":506,"hb":2260}
2025/09/12 08:49:21Z TRACE [msg.payload] {"id":506,"comp":1,"evap":{"in":28.3,"out":19.3,"fan":50},"cond":{"in":32,"out":45.7,"fan":100}}
2025/09/12 08:49:22Z TRACE [msg.payload] {"id":506,"hb":2261}
2025/09/12 08:49:22Z TRACE [msg.payload] {"id":506,"comp":1,"evap":{"in":28.2,"out":19.2,"fan":50},"cond":{"in":32.2,"out":45.7,"fan":100}}
2025/09/12 08:49:23Z TRACE [msg.payload] {"id":506,"hb":2262}
2025/09/12 08:49:23Z TRACE [msg.payload] {"id":506,"comp":1,"evap":{"in":28.4,"out":19.4,"fan":50},"cond":{"in":31.7,"out":45.3,"fan":100}}
2025/09/12 08:49:24Z TRACE [msg.payload] {"id":506,"hb":2263}
2025/09/12 08:49:24Z TRACE [msg.payload] {"id":506,"comp":1,"evap":{"in":28.4,"out":19.6,"fan":50},"cond":{"in":32,"out":45.5,"fan":100}}
2025/09/12 08:49:25Z TRACE [msg.payload] {"id":506,"hb":2264}
2025/09/12 08:49:25Z TRACE [msg.payload] {"id":506,"comp":1,"evap":{"in":28,"out":19.3,"fan":50},"cond":{"in":32,"out":45.7,"fan":100}}
2025/09/12 08:49:26Z TRACE [msg.payload] {"id":506,"hb":2265}
2025/09/12 08:49:26Z TRACE [msg.payload] {"id":506,"comp":1,"evap":{"in":28,"out":19.3,"fan":50},"cond":{"in":32.2,"out":45.6,"fan":100}}
2025/09/12 08:49:27Z TRACE [msg.payload] {"id":506,"hb":2266}
2025/09/12 08:49:27Z TRACE [msg.payload] {"id":506,"comp":1,"evap":{"in":28.3,"out":19.3,"fan":50},"cond":{"in":32.2,"out":45.6,"fan":100}}
2025/09/12 08:49:28Z TRACE [msg.payload] {"id":506,"hb":2267}
2025/09/12 08:49:28Z TRACE [msg.payload] {"id":506,"comp":1,"evap":{"in":28.2,"out":19.6,"fan":50},"cond":{"in":32.4,"out":44.6,"fan":100}}
2025/09/12 08:49:29Z TRACE [msg.payload] {"id":506,"hb":2268}
2025/09/12 08:49:29Z TRACE [msg.payload] {"id":506,"comp":1,"evap":{"in":28.3,"out":19.7,"fan":50},"cond":{"in":32,"out":45.5,"fan":100}}
2025/09/12 08:49:30Z TRACE [msg.payload] {"id":506,"hb":2269}
2025/09/12 08:49:30Z TRACE [msg.payload] {"id":506,"comp":1,"evap":{"in":28,"out":19.7,"fan":50},"cond":{"in":31.9,"out":45.5,"fan":100}}
2025/09/12 08:49:31Z TRACE [msg.payload] {"id":506,"hb":2270}
2025/09/12 08:49:31Z TRACE [msg.payload] {"id":506,"comp":1,"evap":{"in":27.9,"out":19.3,"fan":50},"cond":{"in":32.1,"out":45.6,"fan":100}}
2025/09/12 08:49:32Z TRACE [msg.payload] {"id":506,"hb":2271}
2025/09/12 08:49:32Z TRACE [msg.payload] {"id":506,"comp":1,"evap":{"in":28.3,"out":19.2,"fan":50},"cond":{"in":32.2,"out":45.7,"fan":100}}
2025/09/12 08:49:33Z TRACE [msg.payload] {"id":506,"hb":2272}
2025/09/12 08:49:33Z TRACE [msg.payload] {"id":506,"comp":1,"evap":{"in":28.2,"out":19.5,"fan":50},"cond":{"in":32.2,"out":45.4,"fan":100}}
2025/09/12 08:49:34Z TRACE [msg.payload] {"id":506,"hb":2273}
2025/09/12 08:49:34Z TRACE [msg.payload] {"id":506,"comp":1,"evap":{"in":21.4,"out":19.6,"fan":50},"cond":{"in":32.1,"out":45.6,"fan":100}}
2025/09/12 08:49:35Z TRACE [msg.payload] {"id":506,"hb":2274}
2025/09/12 08:49:35Z TRACE [msg.payload] {"id":506,"comp":1,"evap":{"in":28,"out":19.6,"fan":50},"cond":{"in":32,"out":45.6,"fan":100}}
2025/09/12 08:49:36Z TRACE [msg.payload] {"id":506,"hb":2275}
2025/09/12 08:49:36Z TRACE [msg.payload] {"id":506,"comp":1,"evap":{"in":28,"out":19.3,"fan":50},"cond":{"in":32.4,"out":45.6,"fan":100}}
2025/09/12 08:49:37Z TRACE [msg.payload] {"id":506,"hb":2276}
2025/09/12 08:49:37Z TRACE [msg.payload] {"id":506,"comp":1,"evap":{"in":28,"out":19.3,"fan":50},"cond":{"in":32.4,"out":45.8,"fan":100}}
2025/09/12 08:49:38Z TRACE [msg.payload] {"id":506,"hb":2277}
2025/09/12 08:49:38Z TRACE [msg.payload] {"id":506,"comp":1,"evap":{"in":28.3,"out":19.6,"fan":50},"cond":{"in":32.3,"out":45.6,"fan":100}}
2025/09/12 08:49:39Z TRACE [msg.payload] {"id":506,"hb":2278}
2025/09/12 08:49:39Z TRACE [msg.payload] {"id":506,"comp":1,"evap":{"in":28.2,"out":19.7,"fan":50},"cond":{"in":32,"out":45.5,"fan":100}}
2025/09/12 08:49:40Z TRACE [msg.payload] {"id":506,"hb":2279}
2025/09/12 08:49:40Z TRACE [msg.payload] {"id":506,"comp":1,"evap":{"in":28.1,"out":19.3,"fan":50},"cond":{"in":32.1,"out":45.6,"fan":100}}
2025/09/12 08:49:41Z TRACE [msg.payload] {"id":506,"hb":2280}
2025/09/12 08:49:41Z TRACE [msg.payload] {"id":506,"comp":1,"evap":{"in":28,"out":19.3,"fan":50},"cond":{"in":32.1,"out":45.5,"fan":100}}
2025/09/12 08:49:42Z TRACE [msg.payload] {"id":506,"hb":2281}
2025/09/12 08:49:42Z TRACE [msg.payload] {"id":506,"comp":1,"evap":{"in":28.3,"out":19.3,"fan":50},"cond":{"in":32.3,"out":45.6,"fan":100}}
2025/09/12 08:49:43Z TRACE [msg.payload] {"id":506,"hb":2282}
2025/09/12 08:49:43Z TRACE [msg.payload] {"id":506,"comp":1,"evap":{"in":28.6,"out":19.7,"fan":50},"cond":{"in":32.2,"out":45.7,"fan":100}}
2025/09/12 08:49:44Z TRACE [msg.payload] {"id":506,"hb":2283}
2025/09/12 08:49:44Z TRACE [msg.payload] {"id":506,"comp":1,"evap":{"in":28.3,"out":19.6,"fan":50},"cond":{"in":32,"out":45.5,"fan":100}}
2025/09/12 08:49:45Z TRACE [msg.payload] {"id":506,"hb":2284}
2025/09/12 08:49:45Z TRACE [msg.payload] {"id":506,"comp":1,"evap":{"in":28,"out":19.6,"fan":50},"cond":{"in":32.2,"out":45.6,"fan":100}}
2025/09/12 08:49:46Z TRACE [msg.payload] {"id":506,"hb":2285}
2025/09/12 08:49:46Z TRACE [msg.payload] {"id":506,"comp":1,"evap":{"in":28,"out":19.1,"fan":50},"cond":{"in":32.1,"out":45.4,"fan":100}}
2025/09/12 08:49:47Z TRACE [msg.payload] {"id":506,"hb":2286}
2025/09/12 08:49:47Z TRACE [msg.payload] {"id":506,"comp":1,"evap":{"in":28,"out":19.3,"fan":50},"cond":{"in":32.3,"out":45.6,"fan":100}}
2025/09/12 08:49:48Z TRACE [msg.payload] {"id":506,"hb":2287}
2025/09/12 08:49:48Z TRACE [msg.payload] {"id":506,"comp":1,"evap":{"in":28.4,"out":19.5,"fan":50},"cond":{"in":32.4,"out":45.7,"fan":100}}
2025/09/12 08:49:49Z TRACE [msg.payload] {"id":506,"hb":2288}
2025/09/12 08:49:49Z TRACE [msg.payload] {"id":506,"comp":1,"evap":{"in":28,"out":19.5,"fan":50},"cond":{"in":32.2,"out":45.3,"fan":100}}
2025/09/12 08:49:50Z TRACE [msg.payload] {"id":506,"hb":2289}
2025/09/12 08:49:50Z TRACE [msg.payload] {"id":506,"comp":1,"evap":{"in":27.9,"out":19.5,"fan":50},"cond":{"in":32.1,"out":45.5,"fan":100}}
2025/09/12 08:49:51Z TRACE [msg.payload] {"id":506,"hb":2290}
2025/09/12 08:49:51Z TRACE [msg.payload] {"id":506,"comp":1,"evap":{"in":28.1,"out":19.3,"fan":50},"cond":{"in":32.2,"out":44.3,"fan":100}}
2025/09/12 08:49:52Z TRACE [msg.payload] {"id":506,"hb":2291}
2025/09/12 08:49:52Z TRACE [msg.payload] {"id":506,"comp":1,"evap":{"in":28,"out":19.2,"fan":50},"cond":{"in":32.3,"out":45.7,"fan":100}}
2025/09/12 08:49:53Z TRACE [msg.payload] {"id":506,"hb":2292}
2025/09/12 08:49:53Z TRACE [msg.payload] {"id":506,"comp":1,"evap":{"in":28.3,"out":20.1,"fan":50},"cond":{"in":32.3,"out":45.5,"fan":100}}
2025/09/12 08:49:54Z TRACE [msg.payload] {"id":506,"hb":2293}
2025/09/12 08:49:54Z TRACE [msg.payload] {"id":506,"comp":1,"evap":{"in":28,"out":19.1,"fan":50},"cond":{"in":32.4,"out":45.6,"fan":100}}
2025/09/12 08:49:55Z TRACE [msg.payload] {"id":506,"hb":2294}
2025/09/12 08:49:55Z TRACE [msg.payload] {"id":506,"comp":1,"evap":{"in":28,"out":19.4,"fan":50},"cond":{"in":32.1,"out":45.4,"fan":100}}
2025/09/12 08:49:56Z TRACE [msg.payload] {"id":506,"hb":2295}
2025/09/12 08:49:56Z TRACE [msg.payload] {"id":506,"comp":1,"evap":{"in":27.9,"out":19.7,"fan":50},"cond":{"in":32.1,"out":45.4,"fan":100}}
2025/09/12 08:49:57Z TRACE [msg.payload] {"id":506,"hb":2296}
2025/09/12 08:49:57Z TRACE [msg.payload] {"id":506,"comp":1,"evap":{"in":28.1,"out":19.3,"fan":50},"cond":{"in":32.2,"out":45.8,"fan":100}}
2025/09/12 08:49:58Z TRACE [msg.payload] {"id":506,"hb":2297}
2025/09/12 08:49:58Z TRACE [msg.payload] {"id":506,"comp":1,"evap":{"in":28.5,"out":19.7,"fan":50},"cond":{"in":32.2,"out":45.6,"fan":100}}
2025/09/12 08:49:59Z TRACE [msg.payload] {"id":506,"hb":2298}
2025/09/12 08:49:59Z TRACE [msg.payload] {"id":506,"comp":1,"evap":{"in":28.4,"out":19.5,"fan":50},"cond":{"in":32.3,"out":45.5,"fan":100}}
2025/09/12 08:50:00Z TRACE [msg.payload] {"id":506,"hb":2299}
2025/09/12 08:50:00Z TRACE [msg.payload] {"id":506,"comp":1,"evap":{"in":28.4,"out":21.7,"fan":50},"cond":{"in":31.9,"out":45.6,"fan":100}}
2025/09/12 08:50:01Z TRACE [msg.payload] {"id":506,"hb":2300}
2025/09/12 08:50:01Z TRACE [msg.payload] {"id":506,"comp":1,"evap":{"in":28.7,"out":19.2,"fan":50},"cond":{"in":33.7,"out":45.5,"fan":100}}
2025/09/12 08:50:02Z TRACE [msg.payload] {"id":506,"hb":2301}
2025/09/12 08:50:02Z TRACE [msg.payload] {"id":506,"comp":1,"evap":{"in":28,"out":19.3,"fan":50},"cond":{"in":32.2,"out":45.7,"fan":100}}
2025/09/12 08:50:03Z TRACE [msg.payload] {"id":506,"hb":2302}
2025/09/12 08:50:03Z TRACE [msg.payload] {"id":506,"comp":1,"evap":{"in":28.3,"out":19.6,"fan":50},"cond":{"in":32.3,"out":45.6,"fan":100}}
2025/09/12 08:50:04Z TRACE [msg.payload] {"id":506,"hb":2303}
2025/09/12 08:50:04Z TRACE [msg.payload] {"id":506,"comp":1,"evap":{"in":28.4,"out":19.7,"fan":50},"cond":{"in":32.1,"out":45.5,"fan":100}}
2025/09/12 08:50:05Z TRACE [msg.payload] {"id":506,"hb":2304}
2025/09/12 08:50:05Z TRACE [msg.payload] {"id":506,"comp":1,"evap":{"in":28.2,"out":19.5,"fan":50},"cond":{"in":32.2,"out":45.6,"fan":100}}
2025/09/12 08:50:06Z TRACE [msg.payload] {"id":506,"hb":2305}
2025/09/12 08:50:06Z TRACE [msg.payload] {"id":506,"comp":1,"evap":{"in":28.2,"out":19.3,"fan":50},"cond":{"in":32.2,"out":45.9,"fan":100}}
2025/09/12 08:50:07Z TRACE [msg.payload] {"id":506,"hb":2306}
2025/09/12 08:50:07Z TRACE [msg.payload] {"id":506,"comp":1,"evap":{"in":28.6,"out":19.3,"fan":50},"cond":{"in":32.3,"out":45.7,"fan":100}}
2025/09/12 08:50:08Z TRACE [msg.payload] {"id":506,"hb":2307}
2025/09/12 08:50:08Z TRACE [msg.payload] {"id":506,"comp":1,"evap":{"in":28.6,"out":20.6,"fan":50},"cond":{"in":32.3,"out":45.6,"fan":100}}
2025/09/12 08:50:09Z TRACE [msg.payload] {"id":506,"hb":2308}
2025/09/12 08:50:09Z TRACE [msg.payload] {"id":506,"comp":1,"evap":{"in":28.2,"out":19.5,"fan":50},"cond":{"in":32.2,"out":45.4,"fan":100}}
2025/09/12 08:50:10Z TRACE [msg.payload] {"id":506,"hb":2309}
2025/09/12 08:50:10Z TRACE [msg.payload] {"id":506,"comp":1,"evap":{"in":28,"out":19.7,"fan":50},"cond":{"in":32.1,"out":45.7,"fan":100}}
2025/09/12 08:50:11Z TRACE [msg.payload] {"id":506,"hb":2310}
2025/09/12 08:50:11Z TRACE [msg.payload] {"id":506,"comp":1,"evap":{"in":28.1,"out":19,"fan":50},"cond":{"in":32.1,"out":45.6,"fan":100}}
2025/09/12 08:50:12Z TRACE [msg.payload] {"id":506,"hb":2311}
2025/09/12 08:50:12Z TRACE [msg.payload] {"id":506,"comp":1,"evap":{"in":28.7,"out":19,"fan":50},"cond":{"in":32.2,"out":44,"fan":100}}
2025/09/12 08:50:13Z TRACE [msg.payload] {"id":506,"hb":2312}
2025/09/12 08:50:13Z TRACE [msg.payload] {"id":506,"comp":1,"evap":{"in":28.5,"out":19.3,"fan":50},"cond":{"in":32.2,"out":45.8,"fan":100}}
2025/09/12 08:50:14Z TRACE [msg.payload] {"id":506,"hb":2313}
2025/09/12 08:50:14Z TRACE [msg.payload] {"id":506,"comp":1,"evap":{"in":28.2,"out":19.6,"fan":50},"cond":{"in":32.2,"out":45.4,"fan":100}}
2025/09/12 08:50:15Z TRACE [msg.payload] {"id":506,"hb":2314}
2025/09/12 08:50:15Z TRACE [msg.payload] {"id":506,"comp":1,"evap":{"in":28.2,"out":19.6,"fan":50},"cond":{"in":32.1,"out":45.7,"fan":100}}
2025/09/12 08:50:16Z TRACE [msg.payload] {"id":506,"hb":2315}
2025/09/12 08:50:16Z TRACE [msg.payload] {"id":506,"comp":1,"evap":{"in":27.9,"out":19.2,"fan":50},"cond":{"in":32.1,"out":45.6,"fan":100}}
2025/09/12 08:50:17Z TRACE [msg.payload] {"id":506,"hb":2316}
2025/09/12 08:50:17Z TRACE [msg.payload] {"id":506,"comp":1,"evap":{"in":28.1,"out":19.5,"fan":50},"cond":{"in":32.2,"out":45.6,"fan":100}}
2025/09/12 08:50:18Z TRACE [msg.payload] {"id":506,"hb":2317}
2025/09/12 08:50:18Z TRACE [msg.payload] {"id":506,"comp":1,"evap":{"in":28.4,"out":19.5,"fan":50},"cond":{"in":32.4,"out":45.6,"fan":100}}
2025/09/12 08:50:19Z TRACE [msg.payload] {"id":506,"hb":2318}
2025/09/12 08:50:19Z TRACE [msg.payload] {"id":506,"comp":1,"evap":{"in":28.3,"out":19.5,"fan":50},"cond":{"in":32.4,"out":45.8,"fan":100}}
2025/09/12 08:50:20Z TRACE [msg.payload] {"id":506,"hb":2319}
2025/09/12 08:50:20Z TRACE [msg.payload] {"id":506,"comp":1,"evap":{"in":28.3,"out":19.5,"fan":50},"cond":{"in":32.2,"out":45.5,"fan":100}}
2025/09/12 08:50:21Z TRACE [msg.payload] {"id":506,"hb":2320}
2025/09/12 08:50:21Z TRACE [msg.payload] {"id":506,"comp":1,"evap":{"in":27.9,"out":19.6,"fan":50},"cond":{"in":31.9,"out":44.3,"fan":100}}
2025/09/12 08:50:22Z TRACE [msg.payload] {"id":506,"hb":2321}
2025/09/12 08:50:22Z TRACE [msg.payload] {"id":506,"comp":1,"evap":{"in":28.8,"out":19.3,"fan":50},"cond":{"in":32.2,"out":45.7,"fan":100}}
2025/09/12 08:50:23Z TRACE [msg.payload] {"id":506,"hb":2322}
2025/09/12 08:50:23Z TRACE [msg.payload] {"id":506,"comp":1,"evap":{"in":28.2,"out":19.3,"fan":50},"cond":{"in":32.2,"out":45.6,"fan":100}}
2025/09/12 08:50:24Z TRACE [msg.payload] {"id":506,"hb":2323}
2025/09/12 08:50:24Z TRACE [msg.payload] {"id":506,"comp":1,"evap":{"in":28.3,"out":19.7,"fan":50},"cond":{"in":32.5,"out":45.5,"fan":100}}
2025/09/12 08:50:25Z TRACE [msg.payload] {"id":506,"hb":2324}
2025/09/12 08:50:25Z TRACE [msg.payload] {"id":506,"comp":1,"evap":{"in":28.3,"out":19.7,"fan":50},"cond":{"in":32,"out":45.5,"fan":100}}
2025/09/12 08:50:26Z TRACE [msg.payload] {"id":506,"hb":2325}
2025/09/12 08:50:26Z TRACE [msg.payload] {"id":506,"comp":1,"evap":{"in":28.1,"out":19.1,"fan":50},"cond":{"in":32,"out":45.8,"fan":100}}
2025/09/12 08:50:27Z TRACE [msg.payload] {"id":506,"hb":2326}
2025/09/12 08:50:27Z TRACE [msg.payload] {"id":506,"comp":1,"evap":{"in":28.1,"out":19.3,"fan":50},"cond":{"in":32.2,"out":45.8,"fan":100}}
2025/09/12 08:50:28Z TRACE [msg.payload] {"id":506,"hb":2327}
2025/09/12 08:50:28Z TRACE [msg.payload] {"id":506,"comp":1,"evap":{"in":27.9,"out":19.2,"fan":50},"cond":{"in":33,"out":45.6,"fan":100}}
2025/09/12 08:50:29Z TRACE [msg.payload] {"id":506,"hb":2328}
2025/09/12 08:50:29Z TRACE [msg.payload] {"id":506,"comp":1,"evap":{"in":28.4,"out":19.7,"fan":50},"cond":{"in":32.3,"out":45.9,"fan":100}}
2025/09/12 08:50:30Z TRACE [msg.payload] {"id":506,"hb":2329}
2025/09/12 08:50:30Z TRACE [msg.payload] {"id":506,"comp":1,"evap":{"in":28.4,"out":19.6,"fan":50},"cond":{"in":32.1,"out":45.7,"fan":100}}
2025/09/12 08:50:31Z TRACE [msg.payload] {"id":506,"hb":2330}
2025/09/12 08:50:31Z TRACE [msg.payload] {"id":506,"comp":1,"evap":{"in":28,"out":19.5,"fan":50},"cond":{"in":31.9,"out":45.4,"fan":100}}
2025/09/12 08:50:32Z TRACE [msg.payload] {"id":506,"hb":2331}
2025/09/12 08:50:32Z TRACE [msg.payload] {"id":506,"comp":1,"evap":{"in":28,"out":19.1,"fan":50},"cond":{"in":32.3,"out":45.8,"fan":100}}
2025/09/12 08:50:33Z TRACE [msg.payload] {"id":506,"hb":2332}
2025/09/12 08:50:33Z TRACE [msg.payload] {"id":506,"comp":1,"evap":{"in":28.2,"out":19.3,"fan":50},"cond":{"in":32.3,"out":45.8,"fan":100}}
2025/09/12 08:50:34Z TRACE [msg.payload] {"id":506,"hb":2333}
2025/09/12 08:50:34Z TRACE [msg.payload] {"id":506,"comp":1,"evap":{"in":28.4,"out":19.6,"fan":50},"cond":{"in":32.4,"out":46,"fan":100}}
2025/09/12 08:50:35Z TRACE [msg.payload] {"id":506,"hb":2334}
2025/09/12 08:50:35Z TRACE [msg.payload] {"id":506,"comp":1,"evap":{"in":28.4,"out":19.5,"fan":50},"cond":{"in":31.9,"out":45.6,"fan":100}}
2025/09/12 08:50:36Z TRACE [msg.payload] {"id":506,"hb":2335}
2025/09/12 08:50:36Z TRACE [msg.payload] {"id":506,"comp":1,"evap":{"in":28.1,"out":19.5,"fan":50},"cond":{"in":32.1,"out":45.6,"fan":100}}
2025/09/12 08:50:37Z TRACE [msg.payload] {"id":506,"hb":2336}
2025/09/12 08:50:37Z TRACE [msg.payload] {"id":506,"comp":1,"evap":{"in":28.1,"out":19.8,"fan":50},"cond":{"in":32.1,"out":45.7,"fan":100}}
2025/09/12 08:50:38Z TRACE [msg.payload] {"id":506,"hb":2337}
2025/09/12 08:50:38Z TRACE [msg.payload] {"id":506,"comp":1,"evap":{"in":28.6,"out":19.3,"fan":50},"cond":{"in":32.5,"out":45.6,"fan":100}}
2025/09/12 08:50:39Z TRACE [msg.payload] {"id":506,"hb":2338}
2025/09/12 08:50:39Z TRACE [msg.payload] {"id":506,"comp":1,"evap":{"in":28.3,"out":20.5,"fan":50},"cond":{"in":32.3,"out":45.7,"fan":100}}
2025/09/12 08:50:40Z TRACE [msg.payload] {"id":506,"hb":2339}
2025/09/12 08:50:40Z TRACE [msg.payload] {"id":506,"comp":1,"evap":{"in":28.2,"out":19.7,"fan":50},"cond":{"in":32.3,"out":45.6,"fan":100}}
2025/09/12 08:50:41Z TRACE [msg.payload] {"id":506,"hb":2340}
2025/09/12 08:50:42Z TRACE [msg.payload] {"id":506,"comp":1,"evap":{"in":28,"out":19.6,"fan":50},"cond":{"in":32.4,"out":45.7,"fan":100}}
2025/09/12 08:50:42Z TRACE [msg.payload] {"id":506,"hb":2341}
2025/09/12 08:50:43Z TRACE [msg.payload] {"id":506,"comp":1,"evap":{"in":28,"out":19.2,"fan":50},"cond":{"in":32.4,"out":45.9,"fan":100}}
2025/09/12 08:50:43Z TRACE [msg.payload] {"id":506,"hb":2342}
2025/09/12 08:50:44Z TRACE [msg.payload] {"id":506,"comp":1,"evap":{"in":28,"out":19.3,"fan":50},"cond":{"in":32.3,"out":45.7,"fan":100}}
2025/09/12 08:50:44Z TRACE [msg.payload] {"id":506,"hb":2343}
2025/09/12 08:50:45Z TRACE [msg.payload] {"id":506,"comp":1,"evap":{"in":28.4,"out":19.7,"fan":50},"cond":{"in":32.2,"out":45.8,"fan":100}}
2025/09/12 08:50:45Z TRACE [msg.payload] {"id":506,"hb":2344}
2025/09/12 08:50:46Z TRACE [msg.payload] {"id":506,"comp":1,"evap":{"in":28.3,"out":19.6,"fan":50},"cond":{"in":32.2,"out":45.6,"fan":100}}
2025/09/12 08:50:46Z TRACE [msg.payload] {"id":506,"hb":2345}
2025/09/12 08:50:47Z TRACE [msg.payload] {"id":506,"comp":1,"evap":{"in":28,"out":19.5,"fan":50},"cond":{"in":32,"out":45.4,"fan":100}}
2025/09/12 08:50:47Z TRACE [msg.payload] {"id":506,"hb":2346}
2025/09/12 08:50:48Z TRACE [msg.payload] {"id":506,"comp":1,"evap":{"in":28,"out":19,"fan":50},"cond":{"in":32.2,"out":45.7,"fan":100}}
2025/09/12 08:50:48Z TRACE [msg.payload] {"id":506,"hb":2347}
2025/09/12 08:50:49Z TRACE [msg.payload] {"id":506,"comp":1,"evap":{"in":28,"out":19.2,"fan":50},"cond":{"in":32.4,"out":45.8,"fan":100}}
2025/09/12 08:50:49Z TRACE [msg.payload] {"id":506,"hb":2348}
2025/09/12 08:50:50Z TRACE [msg.payload] {"id":506,"comp":1,"evap":{"in":28.2,"out":19.6,"fan":50},"cond":{"in":32.3,"out":45.6,"fan":100}}
2025/09/12 08:50:50Z TRACE [msg.payload] {"id":506,"hb":2349}
2025/09/12 08:50:51Z TRACE [msg.payload] {"id":506,"comp":1,"evap":{"in":28.5,"out":19.9,"fan":50},"cond":{"in":32.5,"out":45.5,"fan":100}}
2025/09/12 08:50:51Z TRACE [msg.payload] {"id":506,"hb":2350}
2025/09/12 08:50:52Z TRACE [msg.payload] {"id":506,"comp":1,"evap":{"in":28.3,"out":19.6,"fan":50},"cond":{"in":32.2,"out":45.6,"fan":100}}
2025/09/12 08:50:52Z TRACE [msg.payload] {"id":506,"hb":2351}
2025/09/12 08:50:53Z TRACE [msg.payload] {"id":506,"comp":1,"evap":{"in":28.2,"out":19.3,"fan":50},"cond":{"in":32.3,"out":45.7,"fan":100}}
2025/09/12 08:50:53Z TRACE [msg.payload] {"id":506,"hb":2352}
2025/09/12 08:50:54Z TRACE [msg.payload] {"id":506,"comp":1,"evap":{"in":28.4,"out":19.6,"fan":50},"cond":{"in":32.5,"out":45.8,"fan":100}}
2025/09/12 08:50:54Z TRACE [msg.payload] {"id":506,"hb":2353}
2025/09/12 08:50:55Z TRACE [msg.payload] {"id":506,"comp":1,"evap":{"in":28.3,"out":19.2,"fan":50},"cond":{"in":32.4,"out":45.8,"fan":100}}
2025/09/12 08:50:55Z TRACE [msg.payload] {"id":506,"hb":2354}
2025/09/12 08:50:56Z TRACE [msg.payload] {"id":506,"comp":1,"evap":{"in":28.4,"out":19.6,"fan":50},"cond":{"in":32.2,"out":45.6,"fan":100}}
2025/09/12 08:50:56Z TRACE [msg.payload] {"id":506,"hb":2355}
2025/09/12 08:50:57Z TRACE [msg.payload] {"id":506,"comp":1,"evap":{"in":28.1,"out":19.7,"fan":50},"cond":{"in":32,"out":45.9,"fan":100}}
2025/09/12 08:50:57Z TRACE [msg.payload] {"id":506,"hb":2356}
2025/09/12 08:50:58Z TRACE [msg.payload] {"id":506,"comp":1,"evap":{"in":28.1,"out":19.3,"fan":50},"cond":{"in":32.1,"out":45.7,"fan":100}}
2025/09/12 08:50:58Z TRACE [msg.payload] {"id":506,"hb":2357}
2025/09/12 08:50:59Z TRACE [msg.payload] {"id":506,"comp":1,"evap":{"in":27.3,"out":19.3,"fan":50},"cond":{"in":32.9,"out":45.6,"fan":100}}
2025/09/12 08:50:59Z TRACE [msg.payload] {"id":506,"hb":2358}
2025/09/12 08:51:00Z TRACE [msg.payload] {"id":506,"comp":1,"evap":{"in":28.4,"out":21.9,"fan":50},"cond":{"in":32.2,"out":45.8,"fan":100}}
2025/09/12 08:51:00Z TRACE [msg.payload] {"id":506,"hb":2359}
2025/09/12 08:51:01Z TRACE [msg.payload] {"id":506,"comp":1,"evap":{"in":28.4,"out":19.5,"fan":50},"cond":{"in":32.1,"out":45.5,"fan":100}}
2025/09/12 08:51:01Z TRACE [msg.payload] {"id":506,"hb":2360}
2025/09/12 08:51:02Z TRACE [msg.payload] {"id":506,"comp":1,"evap":{"in":28.5,"out":19.7,"fan":50},"cond":{"in":32.1,"out":45.8,"fan":100}}
2025/09/12 08:51:02Z TRACE [msg.payload] {"id":506,"hb":2361}
2025/09/12 08:51:03Z TRACE [msg.payload] {"id":506,"comp":1,"evap":{"in":28.1,"out":19.3,"fan":50},"cond":{"in":32.2,"out":45.6,"fan":100}}
2025/09/12 08:51:03Z TRACE [msg.payload] {"id":506,"hb":2362}
2025/09/12 08:51:04Z TRACE [msg.payload] {"id":506,"comp":1,"evap":{"in":28.1,"out":19.3,"fan":50},"cond":{"in":32.3,"out":45.8,"fan":100}}
2025/09/12 08:51:04Z TRACE [msg.payload] {"id":506,"hb":2363}
2025/09/12 08:51:05Z TRACE [msg.payload] {"id":506,"comp":1,"evap":{"in":28.4,"out":19.3,"fan":50},"cond":{"in":32.5,"out":46.1,"fan":100}}
2025/09/12 08:51:05Z TRACE [msg.payload] {"id":506,"hb":2364}
2025/09/12 08:51:06Z TRACE [msg.payload] {"id":506,"comp":1,"evap":{"in":28.4,"out":19.7,"fan":50},"cond":{"in":32.2,"out":45.6,"fan":100}}
2025/09/12 08:51:06Z TRACE [msg.payload] {"id":506,"hb":2365}
2025/09/12 08:51:07Z TRACE [msg.payload] {"id":506,"comp":1,"evap":{"in":28.5,"out":19.5,"fan":50},"cond":{"in":32.1,"out":45.6,"fan":100}}
2025/09/12 08:51:07Z TRACE [msg.payload] {"id":506,"hb":2366}
2025/09/12 08:51:08Z TRACE [msg.payload] {"id":506,"comp":1,"evap":{"in":28.2,"out":19.3,"fan":50},"cond":{"in":31.9,"out":45.4,"fan":100}}
2025/09/12 08:51:08Z TRACE [msg.payload] {"id":506,"hb":2367}
2025/09/12 08:51:09Z TRACE [msg.payload] {"id":506,"comp":1,"evap":{"in":28.2,"out":19.3,"fan":50},"cond":{"in":32.4,"out":45.8,"fan":100}}
2025/09/12 08:51:09Z TRACE [msg.payload] {"id":506,"hb":2368}
2025/09/12 08:51:10Z TRACE [msg.payload] {"id":506,"comp":1,"evap":{"in":28.2,"out":19.4,"fan":50},"cond":{"in":32.3,"out":45.7,"fan":100}}
2025/09/12 08:51:10Z TRACE [msg.payload] {"id":506,"hb":2369}
2025/09/12 08:51:11Z TRACE [msg.payload] {"id":506,"comp":1,"evap":{"in":28.3,"out":19.7,"fan":50},"cond":{"in":32.2,"out":45.5,"fan":100}}
2025/09/12 08:51:11Z TRACE [msg.payload] {"id":506,"hb":2370}
2025/09/12 08:51:12Z TRACE [msg.payload] {"id":506,"comp":1,"evap":{"in":28.3,"out":19.6,"fan":50},"cond":{"in":32.1,"out":45.6,"fan":100}}
2025/09/12 08:51:12Z TRACE [msg.payload] {"id":506,"hb":2371}
2025/09/12 08:51:13Z TRACE [msg.payload] {"id":506,"comp":1,"evap":{"in":28,"out":19.3,"fan":50},"cond":{"in":31.8,"out":45.6,"fan":100}}
2025/09/12 08:51:13Z TRACE [msg.payload] {"id":506,"hb":2372}
2025/09/12 08:51:14Z TRACE [msg.payload] {"id":506,"comp":1,"evap":{"in":28,"out":19.3,"fan":50},"cond":{"in":31.8,"out":45.8,"fan":100}}
2025/09/12 08:51:14Z TRACE [msg.payload] {"id":506,"hb":2373}
2025/09/12 08:51:15Z TRACE [msg.payload] {"id":506,"comp":1,"evap":{"in":28.5,"out":19.8,"fan":50},"cond":{"in":32.2,"out":45.8,"fan":100}}
2025/09/12 08:51:15Z TRACE [msg.payload] {"id":506,"hb":2374}
2025/09/12 08:51:16Z TRACE [msg.payload] {"id":506,"comp":1,"evap":{"in":28.5,"out":19,"fan":50},"cond":{"in":32.4,"out":45.9,"fan":100}}
2025/09/12 08:51:16Z TRACE [msg.payload] {"id":506,"hb":2375}
2025/09/12 08:51:17Z TRACE [msg.payload] {"id":506,"comp":1,"evap":{"in":28,"out":19.7,"fan":50},"cond":{"in":32.3,"out":45.6,"fan":100}}
2025/09/12 08:51:17Z TRACE [msg.payload] {"id":506,"hb":2376}
2025/09/12 08:51:18Z TRACE [msg.payload] {"id":506,"comp":1,"evap":{"in":28.1,"out":19.4,"fan":50},"cond":{"in":32.1,"out":45.6,"fan":100}}
2025/09/12 08:51:18Z TRACE [msg.payload] {"id":506,"hb":2377}
2025/09/12 08:51:19Z TRACE [msg.payload] {"id":506,"comp":1,"evap":{"in":28,"out":19.1,"fan":50},"cond":{"in":32.2,"out":45.8,"fan":100}}
2025/09/12 08:51:19Z TRACE [msg.payload] {"id":506,"hb":2378}
2025/09/12 08:51:20Z TRACE [msg.payload] {"id":506,"comp":1,"evap":{"in":28.1,"out":19.3,"fan":50},"cond":{"in":32.2,"out":45.7,"fan":100}}
2025/09/12 08:51:20Z TRACE [msg.payload] {"id":506,"hb":2379}
2025/09/12 08:51:21Z TRACE [msg.payload] {"id":506,"comp":1,"evap":{"in":28.3,"out":19,"fan":50},"cond":{"in":32.4,"out":45.6,"fan":100}}
2025/09/12 08:51:21Z TRACE [msg.payload] {"id":506,"hb":2380}
2025/09/12 08:51:22Z TRACE [msg.payload] {"id":506,"comp":1,"evap":{"in":28.3,"out":19.4,"fan":50},"cond":{"in":32.2,"out":44.6,"fan":100}}
2025/09/12 08:51:22Z TRACE [msg.payload] {"id":506,"hb":2381}
2025/09/12 08:51:23Z TRACE [msg.payload] {"id":506,"comp":1,"evap":{"in":28.1,"out":19.3,"fan":50},"cond":{"in":32.1,"out":45.6,"fan":100}}
2025/09/12 08:51:23Z TRACE [msg.payload] {"id":506,"hb":2382}
2025/09/12 08:51:24Z TRACE [msg.payload] {"id":506,"comp":1,"evap":{"in":28,"out":19.5,"fan":50},"cond":{"in":32.2,"out":45.9,"fan":100}}
2025/09/12 08:51:24Z TRACE [msg.payload] {"id":506,"hb":2383}
2025/09/12 08:51:25Z TRACE [msg.payload] {"id":506,"comp":1,"evap":{"in":28.5,"out":19.3,"fan":50},"cond":{"in":32.2,"out":45.9,"fan":100}}
2025/09/12 08:51:25Z TRACE [msg.payload] {"id":506,"hb":2384}
2025/09/12 08:51:26Z TRACE [msg.payload] {"id":506,"comp":1,"evap":{"in":28.6,"out":19.7,"fan":50},"cond":{"in":32.3,"out":45.7,"fan":100}}
2025/09/12 08:51:26Z TRACE [msg.payload] {"id":506,"hb":2385}
2025/09/12 08:51:27Z TRACE [msg.payload] {"id":506,"comp":1,"evap":{"in":28.4,"out":19.7,"fan":50},"cond":{"in":32.1,"out":45.6,"fan":100}}
2025/09/12 08:51:27Z TRACE [msg.payload] {"id":506,"hb":2386}
2025/09/12 08:51:28Z TRACE [msg.payload] {"id":506,"comp":1,"evap":{"in":28.5,"out":19.7,"fan":50},"cond":{"in":32.5,"out":45.5,"fan":100}}
2025/09/12 08:51:28Z TRACE [msg.payload] {"id":506,"hb":2387}
2025/09/12 08:51:29Z TRACE [msg.payload] {"id":506,"comp":1,"evap":{"in":28.1,"out":19.5,"fan":50},"cond":{"in":32.6,"out":45.7,"fan":100}}
2025/09/12 08:51:29Z TRACE [msg.payload] {"id":506,"hb":2388}
2025/09/12 08:51:30Z TRACE [msg.payload] {"id":506,"comp":1,"evap":{"in":28,"out":19.4,"fan":50},"cond":{"in":32.3,"out":45.6,"fan":100}}
2025/09/12 08:51:30Z TRACE [msg.payload] {"id":506,"hb":2389}
2025/09/12 08:51:31Z TRACE [msg.payload] {"id":506,"comp":1,"evap":{"in":28.4,"out":19.6,"fan":50},"cond":{"in":32.4,"out":45.6,"fan":100}}
2025/09/12 08:51:31Z TRACE [msg.payload] {"id":506,"hb":2390}
2025/09/12 08:51:32Z TRACE [msg.payload] {"id":506,"comp":1,"evap":{"in":28.5,"out":19.6,"fan":50},"cond":{"in":32.2,"out":45.6,"fan":100}}
2025/09/12 08:51:32Z TRACE [msg.payload] {"id":506,"hb":2391}
2025/09/12 08:51:33Z TRACE [msg.payload] {"id":506,"comp":1,"evap":{"in":28.2,"out":19.1,"fan":50},"cond":{"in":32.1,"out":45.5,"fan":100}}
2025/09/12 08:51:33Z TRACE [msg.payload] {"id":506,"hb":2392}
2025/09/12 08:51:34Z TRACE [msg.payload] {"id":506,"comp":1,"evap":{"in":28.2,"out":19.3,"fan":50},"cond":{"in":32.2,"out":46,"fan":100}}
2025/09/12 08:51:34Z TRACE [msg.payload] {"id":506,"hb":2393}
2025/09/12 08:51:35Z TRACE [msg.payload] {"id":506,"comp":1,"evap":{"in":27.9,"out":19.3,"fan":50},"cond":{"in":32.3,"out":45.8,"fan":100}}
2025/09/12 08:51:35Z TRACE [msg.payload] {"id":506,"hb":2394}
2025/09/12 08:51:36Z TRACE [msg.payload] {"id":506,"comp":1,"evap":{"in":28.6,"out":19.8,"fan":50},"cond":{"in":32.3,"out":45.9,"fan":100}}
2025/09/12 08:51:36Z TRACE [msg.payload] {"id":506,"hb":2395}
2025/09/12 08:51:37Z TRACE [msg.payload] {"id":506,"comp":1,"evap":{"in":28.6,"out":19.8,"fan":50},"cond":{"in":32.2,"out":45.6,"fan":100}}
2025/09/12 08:51:37Z TRACE [msg.payload] {"id":506,"hb":2396}
2025/09/12 08:51:38Z TRACE [msg.payload] {"id":506,"comp":1,"evap":{"in":28.1,"out":19.6,"fan":50},"cond":{"in":32.2,"out":45.5,"fan":100}}
2025/09/12 08:51:38Z TRACE [msg.payload] {"id":506,"hb":2397}
2025/09/12 08:51:39Z TRACE [msg.payload] {"id":506,"comp":1,"evap":{"in":28.1,"out":19.3,"fan":50},"cond":{"in":32.2,"out":45.8,"fan":100}}
2025/09/12 08:51:39Z TRACE [msg.payload] {"id":506,"hb":2398}
2025/09/12 08:51:40Z TRACE [msg.payload] {"id":506,"comp":1,"evap":{"in":28.1,"out":19.3,"fan":50},"cond":{"in":32.5,"out":46,"fan":100}}
2025/09/12 08:51:40Z TRACE [msg.payload] {"id":506,"hb":2399}
2025/09/12 08:51:41Z TRACE [msg.payload] {"id":506,"comp":1,"evap":{"in":28.3,"out":19.7,"fan":50},"cond":{"in":32.3,"out":45.8,"fan":100}}
2025/09/12 08:51:41Z TRACE [msg.payload] {"id":506,"hb":2400}
2025/09/12 08:51:42Z TRACE [msg.payload] {"id":506,"comp":1,"evap":{"in":28.4,"out":19.7,"fan":50},"cond":{"in":32.3,"out":45.9,"fan":100}}
2025/09/12 08:51:42Z TRACE [msg.payload] {"id":506,"hb":2401}
2025/09/12 08:51:43Z TRACE [msg.payload] {"id":506,"comp":1,"evap":{"in":28.1,"out":19.7,"fan":50},"cond":{"in":32.1,"out":45.6,"fan":100}}
2025/09/12 08:51:43Z TRACE [msg.payload] {"id":506,"hb":2402}
2025/09/12 08:51:44Z TRACE [msg.payload] {"id":506,"comp":1,"evap":{"in":28.1,"out":19.3,"fan":50},"cond":{"in":31.9,"out":45.9,"fan":100}}
2025/09/12 08:51:44Z TRACE [msg.payload] {"id":506,"hb":2403}
2025/09/12 08:51:45Z TRACE [msg.payload] {"id":506,"comp":1,"evap":{"in":28.1,"out":19.4,"fan":50},"cond":{"in":32.6,"out":45.9,"fan":100}}
2025/09/12 08:51:45Z TRACE [msg.payload] {"id":506,"hb":2404}
2025/09/12 08:51:46Z TRACE [msg.payload] {"id":506,"comp":1,"evap":{"in":28.4,"out":20.4,"fan":50},"cond":{"in":32.3,"out":45.8,"fan":100}}
2025/09/12 08:51:46Z TRACE [msg.payload] {"id":506,"hb":2405}
2025/09/12 08:51:47Z TRACE [msg.payload] {"id":506,"comp":1,"evap":{"in":28.3,"out":19.8,"fan":50},"cond":{"in":32.1,"out":45.6,"fan":100}}
2025/09/12 08:51:47Z TRACE [msg.payload] {"id":506,"hb":2406}
2025/09/12 08:51:48Z TRACE [msg.payload] {"id":506,"comp":1,"evap":{"in":27.9,"out":19.3,"fan":50},"cond":{"in":32,"out":45.6,"fan":100}}
2025/09/12 08:51:48Z TRACE [msg.payload] {"id":506,"hb":2407}
2025/09/12 08:51:49Z TRACE [msg.payload] {"id":506,"comp":1,"evap":{"in":28.1,"out":19.3,"fan":50},"cond":{"in":32.2,"out":45.7,"fan":100}}
2025/09/12 08:51:49Z TRACE [msg.payload] {"id":506,"hb":2408}
2025/09/12 08:51:50Z TRACE [msg.payload] {"id":506,"comp":1,"evap":{"in":28.2,"out":19.3,"fan":50},"cond":{"in":31.9,"out":45.9,"fan":100}}
2025/09/12 08:51:50Z TRACE [msg.payload] {"id":506,"hb":2409}
2025/09/12 08:51:51Z TRACE [msg.payload] {"id":506,"comp":1,"evap":{"in":28.4,"out":19.2,"fan":50},"cond":{"in":32.4,"out":45.6,"fan":100}}
2025/09/12 08:51:51Z TRACE [msg.payload] {"id":506,"hb":2410}
2025/09/12 08:51:52Z TRACE [msg.payload] {"id":506,"comp":1,"evap":{"in":28.5,"out":19.7,"fan":50},"cond":{"in":32.2,"out":45.6,"fan":100}}
2025/09/12 08:51:52Z TRACE [msg.payload] {"id":506,"hb":2411}
2025/09/12 08:51:53Z TRACE [msg.payload] {"id":506,"comp":1,"evap":{"in":27.5,"out":19.4,"fan":50},"cond":{"in":32.5,"out":45.8,"fan":100}}
2025/09/12 08:51:53Z TRACE [msg.payload] {"id":506,"hb":2412}
2025/09/12 08:51:54Z TRACE [msg.payload] {"id":506,"comp":1,"evap":{"in":28.5,"out":20.2,"fan":50},"cond":{"in":32.4,"out":45.9,"fan":100}}
2025/09/12 08:51:54Z TRACE [msg.payload] {"id":506,"hb":2413}
2025/09/12 08:51:55Z TRACE [msg.payload] {"id":506,"comp":1,"evap":{"in":28.2,"out":19.3,"fan":50},"cond":{"in":32.5,"out":45.7,"fan":100}}
2025/09/12 08:51:55Z TRACE [msg.payload] {"id":506,"hb":2414}
2025/09/12 08:51:56Z TRACE [msg.payload] {"id":506,"comp":1,"evap":{"in":28.4,"out":19.2,"fan":50},"cond":{"in":32.3,"out":45.9,"fan":100}}
2025/09/12 08:51:56Z TRACE [msg.payload] {"id":506,"hb":2415}
2025/09/12 08:51:57Z TRACE [msg.payload] {"id":506,"comp":1,"evap":{"in":29.2,"out":19.7,"fan":50},"cond":{"in":32.3,"out":45.6,"fan":100}}
2025/09/12 08:51:57Z TRACE [msg.payload] {"id":506,"hb":2416}
2025/09/12 08:51:58Z TRACE [msg.payload] {"id":506,"comp":1,"evap":{"in":28.4,"out":19.7,"fan":50},"cond":{"in":31.9,"out":45.9,"fan":100}}
2025/09/12 08:51:58Z TRACE [msg.payload] {"id":506,"hb":2417}
2025/09/12 08:51:59Z TRACE [msg.payload] {"id":506,"comp":1,"evap":{"in":28,"out":19.4,"fan":50},"cond":{"in":32.2,"out":45.9,"fan":100}}
2025/09/12 08:51:59Z TRACE [msg.payload] {"id":506,"hb":2418}
2025/09/12 08:52:00Z TRACE [msg.payload] {"id":506,"comp":1,"evap":{"in":28,"out":19.3,"fan":50},"cond":{"in":32.8,"out":46,"fan":100}}
2025/09/12 08:52:00Z TRACE [msg.payload] {"id":506,"hb":2419}
2025/09/12 08:52:01Z TRACE [msg.payload] {"id":506,"comp":1,"evap":{"in":28.4,"out":19.7,"fan":50},"cond":{"in":32.4,"out":45.7,"fan":100}}
2025/09/12 08:52:01Z TRACE [msg.payload] {"id":506,"hb":2420}
2025/09/12 08:52:02Z TRACE [msg.payload] {"id":506,"comp":1,"evap":{"in":28.6,"out":20.9,"fan":50},"cond":{"in":32.2,"out":46,"fan":100}}
2025/09/12 08:52:02Z TRACE [msg.payload] {"id":506,"hb":2421}
2025/09/12 08:52:03Z TRACE [msg.payload] {"id":506,"comp":1,"evap":{"in":28.3,"out":19.6,"fan":50},"cond":{"in":32.1,"out":45.6,"fan":100}}
2025/09/12 08:52:03Z TRACE [msg.payload] {"id":506,"hb":2422}
2025/09/12 08:52:04Z TRACE [msg.payload] {"id":506,"comp":1,"evap":{"in":28,"out":19.6,"fan":50},"cond":{"in":32.2,"out":45.6,"fan":100}}
2025/09/12 08:52:04Z TRACE [msg.payload] {"id":506,"hb":2423}
2025/09/12 08:52:05Z TRACE [msg.payload] {"id":506,"comp":1,"evap":{"in":28.1,"out":19.3,"fan":50},"cond":{"in":31.8,"out":45.8,"fan":100}}
2025/09/12 08:52:05Z TRACE [msg.payload] {"id":506,"hb":2424}
2025/09/12 08:52:06Z TRACE [msg.payload] {"id":506,"comp":1,"evap":{"in":27.8,"out":19.6,"fan":50},"cond":{"in":32.5,"out":45.9,"fan":100}}
2025/09/12 08:52:06Z TRACE [msg.payload] {"id":506,"hb":2425}
2025/09/12 08:52:07Z TRACE [msg.payload] {"id":506,"comp":1,"evap":{"in":28.3,"out":19.3,"fan":50},"cond":{"in":32.4,"out":45.6,"fan":100}}
2025/09/12 08:52:07Z TRACE [msg.payload] {"id":506,"hb":2426}
2025/09/12 08:52:08Z TRACE [msg.payload] {"id":506,"comp":1,"evap":{"in":28.5,"out":19.4,"fan":50},"cond":{"in":32.2,"out":45.9,"fan":100}}
2025/09/12 08:52:08Z TRACE [msg.payload] {"id":506,"hb":2427}
2025/09/12 08:52:09Z TRACE [msg.payload] {"id":506,"comp":1,"evap":{"in":28,"out":19.4,"fan":50},"cond":{"in":32.2,"out":45.9,"fan":100}}
2025/09/12 08:52:09Z TRACE [msg.payload] {"id":506,"hb":2428}
2025/09/12 08:52:10Z TRACE [msg.payload] {"id":506,"comp":1,"evap":{"in":28,"out":19.3,"fan":50},"cond":{"in":32.2,"out":45.9,"fan":100}}
2025/09/12 08:52:10Z TRACE [msg.payload] {"id":506,"hb":2429}
2025/09/12 08:52:11Z TRACE [msg.payload] {"id":506,"comp":1,"evap":{"in":28.4,"out":19.3,"fan":50},"cond":{"in":32.4,"out":45.8,"fan":100}}
2025/09/12 08:52:11Z TRACE [msg.payload] {"id":506,"hb":2430}
2025/09/12 08:52:12Z TRACE [msg.payload] {"id":506,"comp":1,"evap":{"in":28.4,"out":19.4,"fan":50},"cond":{"in":32.4,"out":45.8,"fan":100}}
2025/09/12 08:52:12Z TRACE [msg.payload] {"id":506,"hb":2431}
2025/09/12 08:52:13Z TRACE [msg.payload] {"id":506,"comp":1,"evap":{"in":28,"out":19.7,"fan":50},"cond":{"in":32.2,"out":45.6,"fan":100}}
2025/09/12 08:52:13Z TRACE [msg.payload] {"id":506,"hb":2432}
2025/09/12 08:52:14Z TRACE [msg.payload] {"id":506,"comp":1,"evap":{"in":28.1,"out":19.7,"fan":50},"cond":{"in":32.2,"out":45.6,"fan":100}}
2025/09/12 08:52:14Z TRACE [msg.payload] {"id":506,"hb":2433}
2025/09/12 08:52:15Z TRACE [msg.payload] {"id":506,"comp":1,"evap":{"in":28,"out":19.3,"fan":50},"cond":{"in":32.5,"out":45.9,"fan":100}}
2025/09/12 08:52:15Z TRACE [msg.payload] {"id":506,"hb":2434}
2025/09/12 08:52:16Z TRACE [msg.payload] {"id":506,"comp":1,"evap":{"in":28,"out":19.3,"fan":50},"cond":{"in":33.3,"out":45.7,"fan":100}}
2025/09/12 08:52:16Z TRACE [msg.payload] {"id":506,"hb":2435}
2025/09/12 08:52:17Z TRACE [msg.payload] {"id":506,"comp":1,"evap":{"in":28.3,"out":19.8,"fan":50},"cond":{"in":32.2,"out":45.6,"fan":100}}
2025/09/12 08:52:17Z TRACE [msg.payload] {"id":506,"hb":2436}
2025/09/12 08:52:18Z TRACE [msg.payload] {"id":506,"comp":1,"evap":{"in":28.3,"out":19.8,"fan":50},"cond":{"in":32.2,"out":45.6,"fan":100}}
2025/09/12 08:52:18Z TRACE [msg.payload] {"id":506,"hb":2437}
2025/09/12 08:52:19Z TRACE [msg.payload] {"id":506,"comp":1,"evap":{"in":28.4,"out":19.7,"fan":50},"cond":{"in":32,"out":45.7,"fan":100}}
2025/09/12 08:52:19Z TRACE [msg.payload] {"id":506,"hb":2438}
2025/09/12 08:52:20Z TRACE [msg.payload] {"id":506,"comp":1,"evap":{"in":28,"out":19.3,"fan":50},"cond":{"in":32.3,"out":45.6,"fan":100}}
2025/09/12 08:52:20Z TRACE [msg.payload] {"id":506,"hb":2439}
2025/09/12 08:52:21Z TRACE [msg.payload] {"id":506,"comp":1,"evap":{"in":27.9,"out":19.1,"fan":50},"cond":{"in":32.3,"out":45.8,"fan":100}}
2025/09/12 08:52:21Z TRACE [msg.payload] {"id":506,"hb":2440}
2025/09/12 08:52:22Z TRACE [msg.payload] {"id":506,"comp":1,"evap":{"in":28.4,"out":19.8,"fan":50},"cond":{"in":32.4,"out":45.1,"fan":100}}
2025/09/12 08:52:22Z TRACE [msg.payload] {"id":506,"hb":2441}
2025/09/12 08:52:23Z TRACE [msg.payload] {"id":506,"comp":1,"evap":{"in":28.5,"out":19.7,"fan":50},"cond":{"in":32.1,"out":45.7,"fan":100}}
2025/09/12 08:52:23Z TRACE [msg.payload] {"id":506,"hb":2442}
2025/09/12 08:52:24Z TRACE [msg.payload] {"id":506,"comp":1,"evap":{"in":28.3,"out":19.4,"fan":50},"cond":{"in":32,"out":45.9,"fan":100}}
2025/09/12 08:52:24Z TRACE [msg.payload] {"id":506,"hb":2443}
2025/09/12 08:52:25Z TRACE [msg.payload] {"id":506,"comp":1,"evap":{"in":28,"out":19.3,"fan":50},"cond":{"in":32.2,"out":45.6,"fan":100}}
2025/09/12 08:52:25Z TRACE [msg.payload] {"id":506,"hb":2444}
2025/09/12 08:52:26Z TRACE [msg.payload] {"id":506,"comp":1,"evap":{"in":28,"out":19.6,"fan":50},"cond":{"in":32.2,"out":46.1,"fan":100}}
2025/09/12 08:52:26Z TRACE [msg.payload] {"id":506,"hb":2445}
2025/09/12 08:52:27Z TRACE [msg.payload] {"id":506,"comp":1,"evap":{"in":28.3,"out":19.4,"fan":50},"cond":{"in":32.4,"out":45.9,"fan":100}}
2025/09/12 08:52:27Z TRACE [msg.payload] {"id":506,"hb":2446}
2025/09/12 08:52:28Z TRACE [msg.payload] {"id":506,"comp":1,"evap":{"in":28.3,"out":19.6,"fan":50},"cond":{"in":32.2,"out":45.4,"fan":100}}
2025/09/12 08:52:28Z TRACE [msg.payload] {"id":506,"hb":2447}
2025/09/12 08:52:29Z TRACE [msg.payload] {"id":506,"comp":1,"evap":{"in":28.4,"out":19.6,"fan":50},"cond":{"in":32.2,"out":45.6,"fan":100}}
2025/09/12 08:52:29Z TRACE [msg.payload] {"id":506,"hb":2448}
2025/09/12 08:52:30Z TRACE [msg.payload] {"id":506,"comp":1,"evap":{"in":28.1,"out":19.3,"fan":50},"cond":{"in":32.1,"out":45.8,"fan":100}}
2025/09/12 08:52:30Z TRACE [msg.payload] {"id":506,"hb":2449}
2025/09/12 08:52:31Z TRACE [msg.payload] {"id":506,"comp":1,"evap":{"in":28.2,"out":19.5,"fan":50},"cond":{"in":32.6,"out":46,"fan":100}}
2025/09/12 08:52:31Z TRACE [msg.payload] {"id":506,"hb":2450}
2025/09/12 08:52:32Z TRACE [msg.payload] {"id":506,"comp":1,"evap":{"in":28.4,"out":19.7,"fan":50},"cond":{"in":32.3,"out":45.7,"fan":100}}
2025/09/12 08:52:32Z TRACE [msg.payload] {"id":506,"hb":2451}
2025/09/12 08:52:33Z TRACE [msg.payload] {"id":506,"comp":1,"evap":{"in":28.4,"out":19.7,"fan":50},"cond":{"in":32,"out":45.2,"fan":100}}
2025/09/12 08:52:33Z TRACE [msg.payload] {"id":506,"hb":2452}
2025/09/12 08:52:34Z TRACE [msg.payload] {"id":506,"comp":1,"evap":{"in":28.1,"out":19.5,"fan":50},"cond":{"in":32.9,"out":45.6,"fan":100}}
2025/09/12 08:52:34Z TRACE [msg.payload] {"id":506,"hb":2453}
2025/09/12 08:52:35Z TRACE [msg.payload] {"id":506,"comp":1,"evap":{"in":28.1,"out":19.6,"fan":50},"cond":{"in":32.6,"out":45.7,"fan":100}}
2025/09/12 08:52:35Z TRACE [msg.payload] {"id":506,"hb":2454}
2025/09/12 08:52:36Z TRACE [msg.payload] {"id":506,"comp":1,"evap":{"in":28.4,"out":19.4,"fan":50},"cond":{"in":32.4,"out":45.8,"fan":100}}
2025/09/12 08:52:36Z TRACE [msg.payload] {"id":506,"hb":2455}
2025/09/12 08:52:37Z TRACE [msg.payload] {"id":506,"comp":1,"evap":{"in":28.4,"out":19.5,"fan":50},"cond":{"in":32.4,"out":45.8,"fan":100}}
2025/09/12 08:52:37Z TRACE [msg.payload] {"id":506,"hb":2456}
2025/09/12 08:52:38Z TRACE [msg.payload] {"id":506,"comp":1,"evap":{"in":28.2,"out":19.7,"fan":50},"cond":{"in":32.1,"out":45.6,"fan":100}}
2025/09/12 08:52:38Z TRACE [msg.payload] {"id":506,"hb":2457}
2025/09/12 08:52:39Z TRACE [msg.payload] {"id":506,"comp":1,"evap":{"in":28,"out":19.8,"fan":50},"cond":{"in":32.1,"out":45.7,"fan":100}}
2025/09/12 08:52:39Z TRACE [msg.payload] {"id":506,"hb":2458}
2025/09/12 08:52:40Z TRACE [msg.payload] {"id":506,"comp":1,"evap":{"in":27.9,"out":19.4,"fan":50},"cond":{"in":32,"out":45.7,"fan":100}}
2025/09/12 08:52:40Z TRACE [msg.payload] {"id":506,"hb":2459}
2025/09/12 08:52:41Z TRACE [msg.payload] {"id":506,"comp":1,"evap":{"in":27.9,"out":19.5,"fan":50},"cond":{"in":32.1,"out":45.9,"fan":100}}
2025/09/12 08:52:41Z TRACE [msg.payload] {"id":506,"hb":2460}
2025/09/12 08:52:42Z TRACE [msg.payload] {"id":506,"comp":1,"evap":{"in":28.6,"out":19.7,"fan":50},"cond":{"in":32.4,"out":46.1,"fan":100}}
2025/09/12 08:52:42Z TRACE [msg.payload] {"id":506,"hb":2461}
2025/09/12 08:52:43Z TRACE [msg.payload] {"id":506,"comp":1,"evap":{"in":28.5,"out":19.8,"fan":50},"cond":{"in":32.2,"out":45.7,"fan":100}}
2025/09/12 08:52:43Z TRACE [msg.payload] {"id":506,"hb":2462}
2025/09/12 08:52:44Z TRACE [msg.payload] {"id":506,"comp":1,"evap":{"in":28.2,"out":19.1,"fan":50},"cond":{"in":32.1,"out":45.8,"fan":100}}
2025/09/12 08:52:44Z TRACE [msg.payload] {"id":506,"hb":2463}
2025/09/12 08:52:45Z TRACE [msg.payload] {"id":506,"comp":1,"evap":{"in":28.2,"out":19.3,"fan":50},"cond":{"in":32.2,"out":45.8,"fan":100}}
2025/09/12 08:52:45Z TRACE [msg.payload] {"id":506,"hb":2464}
2025/09/12 08:52:46Z TRACE [msg.payload] {"id":506,"comp":1,"evap":{"in":27.9,"out":19.3,"fan":50},"cond":{"in":32.5,"out":45.7,"fan":100}}
2025/09/12 08:52:46Z TRACE [msg.payload] {"id":506,"hb":2465}
2025/09/12 08:52:47Z TRACE [msg.payload] {"id":506,"comp":1,"evap":{"in":28.4,"out":19.5,"fan":50},"cond":{"in":32.2,"out":45.8,"fan":100}}
2025/09/12 08:52:47Z TRACE [msg.payload] {"id":506,"hb":2466}
2025/09/12 08:52:48Z TRACE [msg.payload] {"id":506,"comp":1,"evap":{"in":28.3,"out":19.8,"fan":50},"cond":{"in":32.4,"out":45.8,"fan":100}}
2025/09/12 08:52:48Z TRACE [msg.payload] {"id":506,"hb":2467}
2025/09/12 08:52:49Z TRACE [msg.payload] {"id":506,"comp":1,"evap":{"in":28.5,"out":18.3,"fan":50},"cond":{"in":32.2,"out":45.7,"fan":100}}
2025/09/12 08:52:49Z TRACE [msg.payload] {"id":506,"hb":2468}
2025/09/12 08:52:50Z TRACE [msg.payload] {"id":506,"comp":1,"evap":{"in":28.4,"out":19.8,"fan":50},"cond":{"in":32.5,"out":45.7,"fan":100}}
2025/09/12 08:52:50Z TRACE [msg.payload] {"id":506,"hb":2469}
2025/09/12 08:52:51Z TRACE [msg.payload] {"id":506,"comp":1,"evap":{"in":28,"out":19.5,"fan":50},"cond":{"in":32.5,"out":46,"fan":100}}
2025/09/12 08:52:51Z TRACE [msg.payload] {"id":506,"hb":2470}
2025/09/12 08:52:52Z TRACE [msg.payload] {"id":506,"comp":1,"evap":{"in":28,"out":19.3,"fan":50},"cond":{"in":32.3,"out":45.9,"fan":100}}
2025/09/12 08:52:52Z TRACE [msg.payload] {"id":506,"hb":2471}
2025/09/12 08:52:53Z TRACE [msg.payload] {"id":506,"comp":1,"evap":{"in":28,"out":19.7,"fan":50},"cond":{"in":32.1,"out":45.6,"fan":100}}
2025/09/12 08:52:53Z TRACE [msg.payload] {"id":506,"hb":2472}
2025/09/12 08:52:54Z TRACE [msg.payload] {"id":506,"comp":1,"evap":{"in":28.2,"out":19.4,"fan":50},"cond":{"in":32.2,"out":46,"fan":100}}
2025/09/12 08:52:54Z TRACE [msg.payload] {"id":506,"hb":2473}
2025/09/12 08:52:55Z TRACE [msg.payload] {"id":506,"comp":1,"evap":{"in":28.4,"out":19.8,"fan":50},"cond":{"in":32.1,"out":46.2,"fan":100}}
2025/09/12 08:52:55Z TRACE [msg.payload] {"id":506,"hb":2474}
2025/09/12 08:52:56Z TRACE [msg.payload] {"id":506,"comp":1,"evap":{"in":28.2,"out":19.4,"fan":50},"cond":{"in":32.2,"out":46.1,"fan":100}}
2025/09/12 08:52:56Z TRACE [msg.payload] {"id":506,"hb":2475}
2025/09/12 08:52:57Z TRACE [msg.payload] {"id":506,"comp":1,"evap":{"in":28.6,"out":19.4,"fan":50},"cond":{"in":32.4,"out":46,"fan":100}}
2025/09/12 08:52:57Z TRACE [msg.payload] {"id":506,"hb":2476}
2025/09/12 08:52:58Z TRACE [msg.payload] {"id":506,"comp":1,"evap":{"in":28.1,"out":19.7,"fan":50},"cond":{"in":32.4,"out":45.7,"fan":100}}
2025/09/12 08:52:58Z TRACE [msg.payload] {"id":506,"hb":2477}
2025/09/12 08:52:59Z TRACE [msg.payload] {"id":506,"comp":1,"evap":{"in":28,"out":19.6,"fan":50},"cond":{"in":32.1,"out":45.5,"fan":100}}
2025/09/12 08:52:59Z TRACE [msg.payload] {"id":506,"hb":2478}
2025/09/12 08:53:00Z TRACE [msg.payload] {"id":506,"comp":1,"evap":{"in":28,"out":19.7,"fan":50},"cond":{"in":32.2,"out":45.6,"fan":100}}
2025/09/12 08:53:00Z TRACE [msg.payload] {"id":506,"hb":2479}
2025/09/12 08:53:01Z TRACE [msg.payload] {"id":506,"comp":1,"evap":{"in":28.3,"out":19.3,"fan":50},"cond":{"in":32.2,"out":46.2,"fan":100}}
2025/09/12 08:53:01Z TRACE [msg.payload] {"id":506,"hb":2480}
2025/09/12 08:53:02Z TRACE [msg.payload] {"id":506,"comp":1,"evap":{"in":28.1,"out":19.4,"fan":50},"cond":{"in":32.1,"out":46,"fan":100}}
2025/09/12 08:53:02Z TRACE [msg.payload] {"id":506,"hb":2481}
2025/09/12 08:53:03Z TRACE [msg.payload] {"id":506,"comp":1,"evap":{"in":28.3,"out":19.6,"fan":50},"cond":{"in":32.2,"out":45.7,"fan":100}}
2025/09/12 08:53:03Z TRACE [msg.payload] {"id":506,"hb":2482}
2025/09/12 08:53:04Z TRACE [msg.payload] {"id":506,"comp":1,"evap":{"in":28.3,"out":19.8,"fan":50},"cond":{"in":32.2,"out":45.7,"fan":100}}
2025/09/12 08:53:04Z TRACE [msg.payload] {"id":506,"hb":2483}
2025/09/12 08:53:05Z TRACE [msg.payload] {"id":506,"comp":1,"evap":{"in":28,"out":19.3,"fan":50},"cond":{"in":32.2,"out":46,"fan":100}}
2025/09/12 08:53:05Z TRACE [msg.payload] {"id":506,"hb":2484}
2025/09/12 08:53:06Z TRACE [msg.payload] {"id":506,"comp":1,"evap":{"in":28.2,"out":19.3,"fan":50},"cond":{"in":31.9,"out":46,"fan":100}}
2025/09/12 08:53:06Z TRACE [msg.payload] {"id":506,"hb":2485}
2025/09/12 08:53:07Z TRACE [msg.payload] {"id":506,"comp":1,"evap":{"in":28.4,"out":19.3,"fan":50},"cond":{"in":32.3,"out":45.7,"fan":100}}
2025/09/12 08:53:07Z TRACE [msg.payload] {"id":506,"hb":2486}
2025/09/12 08:53:08Z TRACE [msg.payload] {"id":506,"comp":1,"evap":{"in":28.4,"out":19.6,"fan":50},"cond":{"in":32.2,"out":46,"fan":100}}
2025/09/12 08:53:08Z TRACE [msg.payload] {"id":506,"hb":2487}
2025/09/12 08:53:09Z TRACE [msg.payload] {"id":506,"comp":1,"evap":{"in":28.4,"out":20,"fan":50},"cond":{"in":32.2,"out":45.8,"fan":100}}
2025/09/12 08:53:09Z TRACE [msg.payload] {"id":506,"hb":2488}
2025/09/12 08:53:10Z TRACE [msg.payload] {"id":506,"comp":1,"evap":{"in":28,"out":19.6,"fan":50},"cond":{"in":32.2,"out":45.7,"fan":100}}
2025/09/12 08:53:10Z TRACE [msg.payload] {"id":506,"hb":2489}
2025/09/12 08:53:11Z TRACE [msg.payload] {"id":506,"comp":1,"evap":{"in":28.1,"out":19.3,"fan":50},"cond":{"in":32.1,"out":45.8,"fan":100}}
2025/09/12 08:53:11Z TRACE [msg.payload] {"id":506,"hb":2490}
2025/09/12 08:53:12Z TRACE [msg.payload] {"id":506,"comp":1,"evap":{"in":28,"out":19.5,"fan":50},"cond":{"in":32.5,"out":46,"fan":100}}
2025/09/12 08:53:12Z TRACE [msg.payload] {"id":506,"hb":2491}
2025/09/12 08:53:13Z TRACE [msg.payload] {"id":506,"comp":1,"evap":{"in":28.4,"out":19.8,"fan":50},"cond":{"in":32.2,"out":46.4,"fan":100}}
2025/09/12 08:53:13Z TRACE [msg.payload] {"id":506,"hb":2492}
2025/09/12 08:53:14Z TRACE [msg.payload] {"id":506,"comp":1,"evap":{"in":28.3,"out":19.6,"fan":50},"cond":{"in":32.2,"out":45.7,"fan":100}}
2025/09/12 08:53:14Z TRACE [msg.payload] {"id":506,"hb":2493}
2025/09/12 08:53:15Z TRACE [msg.payload] {"id":506,"comp":1,"evap":{"in":28.2,"out":19.7,"fan":50},"cond":{"in":32.2,"out":45.7,"fan":100}}
2025/09/12 08:53:15Z TRACE [msg.payload] {"id":506,"hb":2494}
2025/09/12 08:53:16Z TRACE [msg.payload] {"id":506,"comp":1,"evap":{"in":28.2,"out":19.4,"fan":50},"cond":{"in":32.3,"out":46.1,"fan":100}}
2025/09/12 08:53:16Z TRACE [msg.payload] {"id":506,"hb":2495}
2025/09/12 08:53:17Z TRACE [msg.payload] {"id":506,"comp":1,"evap":{"in":28.5,"out":19.4,"fan":50},"cond":{"in":32.5,"out":46,"fan":100}}
2025/09/12 08:53:17Z TRACE [msg.payload] {"id":506,"hb":2496}
2025/09/12 08:53:18Z TRACE [msg.payload] {"id":506,"comp":1,"evap":{"in":28.5,"out":19.8,"fan":50},"cond":{"in":32.2,"out":45.8,"fan":100}}
2025/09/12 08:53:18Z TRACE [msg.payload] {"id":506,"hb":2497}
2025/09/12 08:53:19Z TRACE [msg.payload] {"id":506,"comp":1,"evap":{"in":28.4,"out":19.7,"fan":50},"cond":{"in":31.9,"out":45,"fan":100}}
2025/09/12 08:53:19Z TRACE [msg.payload] {"id":506,"hb":2498}
2025/09/12 08:53:20Z TRACE [msg.payload] {"id":506,"comp":1,"evap":{"in":28.1,"out":19.6,"fan":50},"cond":{"in":32,"out":45.7,"fan":100}}
2025/09/12 08:53:20Z TRACE [msg.payload] {"id":506,"hb":2499}
2025/09/12 08:53:21Z TRACE [msg.payload] {"id":506,"comp":1,"evap":{"in":28.2,"out":16.1,"fan":50},"cond":{"in":32.3,"out":46,"fan":100}}
2025/09/12 08:53:21Z TRACE [msg.payload] {"id":506,"hb":2500}
2025/09/12 08:53:22Z TRACE [msg.payload] {"id":506,"comp":1,"evap":{"in":28.1,"out":19.5,"fan":50},"cond":{"in":32.5,"out":46,"fan":100}}
2025/09/12 08:53:22Z TRACE [msg.payload] {"id":506,"hb":2501}
2025/09/12 08:53:23Z TRACE [msg.payload] {"id":506,"comp":1,"evap":{"in":28.2,"out":19.6,"fan":50},"cond":{"in":32.3,"out":45.9,"fan":100}}
2025/09/12 08:53:23Z TRACE [msg.payload] {"id":506,"hb":2502}
2025/09/12 08:53:24Z TRACE [msg.payload] {"id":506,"comp":1,"evap":{"in":28.7,"out":19.9,"fan":50},"cond":{"in":32.4,"out":45.7,"fan":100}}
2025/09/12 08:53:24Z TRACE [msg.payload] {"id":506,"hb":2503}
2025/09/12 08:53:25Z TRACE [msg.payload] {"id":506,"hb":2504}
2025/09/12 08:53:25Z TRACE [msg.payload] {"id":506,"comp":1,"evap":{"in":28.1,"out":21.5,"fan":50},"cond":{"in":32.1,"out":45.8,"fan":100}}
2025/09/12 08:53:26Z TRACE [msg.payload] {"id":506,"hb":2505}
2025/09/12 08:53:26Z TRACE [msg.payload] {"id":506,"comp":1,"evap":{"in":28.3,"out":19.4,"fan":50},"cond":{"in":32.2,"out":46.1,"fan":100}}
2025/09/12 08:53:27Z TRACE [msg.payload] {"id":506,"hb":2506}
2025/09/12 08:53:27Z TRACE [msg.payload] {"id":506,"comp":1,"evap":{"in":28.2,"out":19.2,"fan":50},"cond":{"in":32.5,"out":46,"fan":100}}
2025/09/12 08:53:28Z TRACE [msg.payload] {"id":506,"hb":2507}
2025/09/12 08:53:28Z TRACE [msg.payload] {"id":506,"comp":1,"evap":{"in":28.6,"out":19.7,"fan":50},"cond":{"in":32.4,"out":46,"fan":100}}
2025/09/12 08:53:29Z TRACE [msg.payload] {"id":506,"hb":2508}
2025/09/12 08:53:29Z TRACE [msg.payload] {"id":506,"comp":1,"evap":{"in":28.6,"out":19.9,"fan":50},"cond":{"in":32.5,"out":45.9,"fan":100}}
2025/09/12 08:53:30Z TRACE [msg.payload] {"id":506,"hb":2509}
2025/09/12 08:53:30Z TRACE [msg.payload] {"id":506,"comp":1,"evap":{"in":28.6,"out":19.7,"fan":50},"cond":{"in":32.2,"out":45.9,"fan":100}}
2025/09/12 08:53:31Z TRACE [msg.payload] {"id":506,"hb":2510}
2025/09/12 08:53:31Z TRACE [msg.payload] {"id":506,"comp":1,"evap":{"in":28.3,"out":19.4,"fan":50},"cond":{"in":32.2,"out":45.8,"fan":100}}
2025/09/12 08:53:32Z TRACE [msg.payload] {"id":506,"hb":2511}
2025/09/12 08:53:32Z TRACE [msg.payload] {"id":506,"comp":1,"evap":{"in":28.4,"out":19.7,"fan":50},"cond":{"in":32.5,"out":46.1,"fan":100}}
2025/09/12 08:53:33Z TRACE [msg.payload] {"id":506,"hb":2512}
2025/09/12 08:53:33Z TRACE [msg.payload] {"id":506,"comp":1,"evap":{"in":28.6,"out":19.7,"fan":50},"cond":{"in":32.5,"out":45.8,"fan":100}}
2025/09/12 08:53:34Z TRACE [msg.payload] {"id":506,"hb":2513}
2025/09/12 08:53:34Z TRACE [msg.payload] {"id":506,"comp":1,"evap":{"in":28.6,"out":19.7,"fan":50},"cond":{"in":32.3,"out":45.8,"fan":100}}
2025/09/12 08:53:35Z TRACE [msg.payload] {"id":506,"hb":2514}
2025/09/12 08:53:35Z TRACE [msg.payload] {"id":506,"comp":1,"evap":{"in":28.3,"out":19.7,"fan":50},"cond":{"in":32.1,"out":45.7,"fan":100}}
2025/09/12 08:53:36Z TRACE [msg.payload] {"id":506,"hb":2515}
2025/09/12 08:53:36Z TRACE [msg.payload] {"id":506,"comp":1,"evap":{"in":28.1,"out":19.5,"fan":50},"cond":{"in":32.1,"out":46.2,"fan":100}}
2025/09/12 08:53:37Z TRACE [msg.payload] {"id":506,"hb":2516}
2025/09/12 08:53:37Z TRACE [msg.payload] {"id":506,"comp":1,"evap":{"in":28.4,"out":19.4,"fan":50},"cond":{"in":32.4,"out":46.1,"fan":100}}
2025/09/12 08:53:38Z TRACE [msg.payload] {"id":506,"hb":2517}
2025/09/12 08:53:38Z TRACE [msg.payload] {"id":506,"comp":1,"evap":{"in":28.5,"out":22.4,"fan":50},"cond":{"in":32.5,"out":46.2,"fan":100}}
2025/09/12 08:53:39Z TRACE [msg.payload] {"id":506,"hb":2518}
2025/09/12 08:53:39Z TRACE [msg.payload] {"id":506,"comp":1,"evap":{"in":28.4,"out":19.7,"fan":50},"cond":{"in":32.3,"out":45.8,"fan":100}}
2025/09/12 08:53:40Z TRACE [msg.payload] {"id":506,"hb":2519}
2025/09/12 08:53:40Z TRACE [msg.payload] {"id":506,"comp":1,"evap":{"in":28,"out":19.7,"fan":50},"cond":{"in":32.2,"out":46,"fan":100}}
2025/09/12 08:53:41Z TRACE [msg.payload] {"id":506,"hb":2520}
2025/09/12 08:53:41Z TRACE [msg.payload] {"id":506,"comp":1,"evap":{"in":28.3,"out":19.5,"fan":50},"cond":{"in":32.2,"out":46.3,"fan":100}}
2025/09/12 08:53:42Z TRACE [msg.payload] {"id":506,"hb":2521}
2025/09/12 08:53:42Z TRACE [msg.payload] {"id":506,"comp":1,"evap":{"in":28,"out":19.5,"fan":50},"cond":{"in":32.2,"out":46,"fan":100}}
2025/09/12 08:53:43Z TRACE [msg.payload] {"id":506,"hb":2522}
2025/09/12 08:53:43Z TRACE [msg.payload] {"id":506,"comp":1,"evap":{"in":28.4,"out":19.3,"fan":50},"cond":{"in":32.2,"out":45.3,"fan":100}}
2025/09/12 08:53:44Z TRACE [msg.payload] {"id":506,"hb":2523}
2025/09/12 08:53:44Z TRACE [msg.payload] {"id":506,"comp":1,"evap":{"in":28.5,"out":19.7,"fan":50},"cond":{"in":32.2,"out":45.9,"fan":100}}
2025/09/12 08:53:45Z TRACE [msg.payload] {"id":506,"hb":2524}
2025/09/12 08:53:45Z TRACE [msg.payload] {"id":506,"comp":1,"evap":{"in":28.6,"out":19.7,"fan":50},"cond":{"in":32.2,"out":45.7,"fan":100}}
2025/09/12 08:53:46Z TRACE [msg.payload] {"id":506,"hb":2525}
2025/09/12 08:53:46Z TRACE [msg.payload] {"id":506,"comp":1,"evap":{"in":28.2,"out":19.3,"fan":50},"cond":{"in":32.3,"out":45.8,"fan":100}}
2025/09/12 08:53:47Z TRACE [msg.payload] {"id":506,"hb":2526}
2025/09/12 08:53:47Z TRACE [msg.payload] {"id":506,"comp":1,"evap":{"in":28,"out":19.4,"fan":50},"cond":{"in":32.6,"out":46.1,"fan":100}}
2025/09/12 08:53:48Z TRACE [msg.payload] {"id":506,"hb":2527}
2025/09/12 08:53:48Z TRACE [msg.payload] {"id":506,"comp":1,"evap":{"in":28.5,"out":19.4,"fan":50},"cond":{"in":32.5,"out":46.1,"fan":100}}
2025/09/12 08:53:49Z TRACE [msg.payload] {"id":506,"hb":2528}
2025/09/12 08:53:49Z TRACE [msg.payload] {"id":506,"comp":1,"evap":{"in":28.6,"out":19.7,"fan":50},"cond":{"in":32.6,"out":45.9,"fan":100}}
2025/09/12 08:53:50Z TRACE [msg.payload] {"id":506,"hb":2529}
2025/09/12 08:53:50Z TRACE [msg.payload] {"id":506,"comp":1,"evap":{"in":28.4,"out":19.7,"fan":50},"cond":{"in":32.2,"out":45.7,"fan":100}}
2025/09/12 08:53:51Z TRACE [msg.payload] {"id":506,"hb":2530}
2025/09/12 08:53:51Z TRACE [msg.payload] {"id":506,"comp":1,"evap":{"in":28.3,"out":19.7,"fan":50},"cond":{"in":32.2,"out":45.9,"fan":100}}
2025/09/12 08:53:52Z TRACE [msg.payload] {"id":506,"hb":2531}
2025/09/12 08:53:52Z TRACE [msg.payload] {"id":506,"comp":1,"evap":{"in":28.3,"out":19.7,"fan":50},"cond":{"in":32.3,"out":46.2,"fan":100}}
2025/09/12 08:53:53Z TRACE [msg.payload] {"id":506,"hb":2532}
2025/09/12 08:53:53Z TRACE [msg.payload] {"id":506,"comp":1,"evap":{"in":28.4,"out":19.8,"fan":50},"cond":{"in":32.7,"out":45.6,"fan":100}}
2025/09/12 08:53:54Z TRACE [msg.payload] {"id":506,"hb":2533}
2025/09/12 08:53:54Z TRACE [msg.payload] {"id":506,"comp":1,"evap":{"in":28.2,"out":19.6,"fan":50},"cond":{"in":32.5,"out":45.9,"fan":100}}
2025/09/12 08:53:55Z TRACE [msg.payload] {"id":506,"hb":2534}
2025/09/12 08:53:55Z TRACE [msg.payload] {"id":506,"comp":1,"evap":{"in":28.1,"out":19.7,"fan":50},"cond":{"in":32.3,"out":45.6,"fan":100}}
2025/09/12 08:53:56Z TRACE [msg.payload] {"id":506,"hb":2535}
2025/09/12 08:53:56Z TRACE [msg.payload] {"id":506,"comp":1,"evap":{"in":25.9,"out":19.7,"fan":50},"cond":{"in":32.2,"out":45.7,"fan":100}}
2025/09/12 08:53:57Z TRACE [msg.payload] {"id":506,"hb":2536}
2025/09/12 08:53:57Z TRACE [msg.payload] {"id":506,"comp":1,"evap":{"in":27.6,"out":19.4,"fan":50},"cond":{"in":32.7,"out":46.1,"fan":100}}
2025/09/12 08:53:58Z TRACE [msg.payload] {"id":506,"hb":2537}
2025/09/12 08:53:58Z TRACE [msg.payload] {"id":506,"comp":1,"evap":{"in":28.2,"out":19.7,"fan":50},"cond":{"in":32.6,"out":46.2,"fan":100}}
2025/09/12 08:53:59Z TRACE [msg.payload] {"id":506,"hb":2538}
2025/09/12 08:53:59Z TRACE [msg.payload] {"id":506,"comp":1,"evap":{"in":28.6,"out":19.7,"fan":50},"cond":{"in":32.6,"out":45.8,"fan":100}}
2025/09/12 08:54:00Z TRACE [msg.payload] {"id":506,"hb":2539}
2025/09/12 08:54:00Z TRACE [msg.payload] {"id":506,"comp":1,"evap":{"in":28.5,"out":19.7,"fan":50},"cond":{"in":32.2,"out":46,"fan":100}}
2025/09/12 08:54:01Z TRACE [msg.payload] {"id":506,"hb":2540}
2025/09/12 08:54:01Z TRACE [msg.payload] {"id":506,"comp":1,"evap":{"in":28.3,"out":19.3,"fan":50},"cond":{"in":32.4,"out":45.4,"fan":100}}
2025/09/12 08:54:02Z TRACE [msg.payload] {"id":506,"hb":2541}
2025/09/12 08:54:02Z TRACE [msg.payload] {"id":506,"comp":1,"evap":{"in":28.1,"out":19.6,"fan":50},"cond":{"in":32.2,"out":45.8,"fan":100}}
2025/09/12 08:54:03Z TRACE [msg.payload] {"id":506,"hb":2542}
2025/09/12 08:54:03Z TRACE [msg.payload] {"id":506,"comp":1,"evap":{"in":28.6,"out":19.7,"fan":50},"cond":{"in":32.6,"out":46,"fan":100}}
2025/09/12 08:54:04Z TRACE [msg.payload] {"id":506,"hb":2543}
2025/09/12 08:54:04Z TRACE [msg.payload] {"id":506,"comp":1,"evap":{"in":28.4,"out":19.7,"fan":50},"cond":{"in":33.1,"out":46.1,"fan":100}}
2025/09/12 08:54:05Z TRACE [msg.payload] {"id":506,"hb":2544}
2025/09/12 08:54:05Z TRACE [msg.payload] {"id":506,"comp":1,"evap":{"in":28.5,"out":19.7,"fan":50},"cond":{"in":32.2,"out":45.8,"fan":100}}
2025/09/12 08:54:06Z TRACE [msg.payload] {"id":506,"hb":2545}
2025/09/12 08:54:06Z TRACE [msg.payload] {"id":506,"comp":1,"evap":{"in":27.9,"out":19.6,"fan":50},"cond":{"in":32.1,"out":45.8,"fan":100}}
2025/09/12 08:54:07Z TRACE [msg.payload] {"id":506,"hb":2546}
2025/09/12 08:54:07Z TRACE [msg.payload] {"id":506,"comp":1,"evap":{"in":28.1,"out":19.3,"fan":50},"cond":{"in":32.3,"out":46.1,"fan":100}}
2025/09/12 08:54:08Z TRACE [msg.payload] {"id":506,"hb":2547}
2025/09/12 08:54:08Z TRACE [msg.payload] {"id":506,"comp":1,"evap":{"in":28.4,"out":19.7,"fan":50},"cond":{"in":32.2,"out":45.9,"fan":100}}
2025/09/12 08:54:09Z TRACE [msg.payload] {"id":506,"hb":2548}
2025/09/12 08:54:09Z TRACE [msg.payload] {"id":506,"comp":1,"evap":{"in":28.5,"out":19.7,"fan":50},"cond":{"in":32.5,"out":46,"fan":100}}
2025/09/12 08:54:10Z TRACE [msg.payload] {"id":506,"hb":2549}
2025/09/12 08:54:10Z TRACE [msg.payload] {"id":506,"comp":1,"evap":{"in":28.5,"out":19.7,"fan":50},"cond":{"in":32.2,"out":46,"fan":100}}
2025/09/12 08:54:11Z TRACE [msg.payload] {"id":506,"hb":2550}
2025/09/12 08:54:11Z TRACE [msg.payload] {"id":506,"comp":1,"evap":{"in":28.2,"out":19.7,"fan":50},"cond":{"in":32.2,"out":45.8,"fan":100}}
2025/09/12 08:54:12Z TRACE [msg.payload] {"id":506,"hb":2551}
2025/09/12 08:54:12Z TRACE [msg.payload] {"id":506,"comp":1,"evap":{"in":28.3,"out":19.5,"fan":50},"cond":{"in":32.4,"out":45.7,"fan":100}}
2025/09/12 08:54:13Z TRACE [msg.payload] {"id":506,"hb":2552}
2025/09/12 08:54:13Z TRACE [msg.payload] {"id":506,"comp":1,"evap":{"in":28.3,"out":19.7,"fan":50},"cond":{"in":32.4,"out":45.8,"fan":100}}
2025/09/12 08:54:14Z TRACE [msg.payload] {"id":506,"hb":2553}
2025/09/12 08:54:14Z TRACE [msg.payload] {"id":506,"comp":1,"evap":{"in":28.3,"out":19.9,"fan":50},"cond":{"in":32.6,"out":46,"fan":100}}
2025/09/12 08:54:15Z TRACE [msg.payload] {"id":506,"hb":2554}
2025/09/12 08:54:15Z TRACE [msg.payload] {"id":506,"comp":1,"evap":{"in":28.5,"out":19.6,"fan":50},"cond":{"in":32.3,"out":45.7,"fan":100}}
2025/09/12 08:54:16Z TRACE [msg.payload] {"id":506,"hb":2555}
2025/09/12 08:54:16Z TRACE [msg.payload] {"id":506,"comp":1,"evap":{"in":28.7,"out":19.7,"fan":50},"cond":{"in":32.3,"out":46,"fan":100}}
2025/09/12 08:54:17Z TRACE [msg.payload] {"id":506,"hb":2556}
2025/09/12 08:54:17Z TRACE [msg.payload] {"id":506,"comp":1,"evap":{"in":28.2,"out":19.3,"fan":50},"cond":{"in":32.2,"out":46.2,"fan":100}}
2025/09/12 08:54:18Z TRACE [msg.payload] {"id":506,"hb":2557}
2025/09/12 08:54:18Z TRACE [msg.payload] {"id":506,"comp":1,"evap":{"in":28,"out":19.7,"fan":50},"cond":{"in":32.4,"out":45.9,"fan":100}}
2025/09/12 08:54:19Z TRACE [msg.payload] {"id":506,"hb":2558}
2025/09/12 08:54:19Z TRACE [msg.payload] {"id":506,"comp":1,"evap":{"in":28.6,"out":19.9,"fan":50},"cond":{"in":32.5,"out":45.9,"fan":100}}
2025/09/12 08:54:20Z TRACE [msg.payload] {"id":506,"hb":2559}
2025/09/12 08:54:20Z TRACE [msg.payload] {"id":506,"comp":1,"evap":{"in":28.4,"out":20,"fan":50},"cond":{"in":32.5,"out":45.8,"fan":100}}
2025/09/12 08:54:21Z TRACE [msg.payload] {"id":506,"hb":2560}
2025/09/12 08:54:21Z TRACE [msg.payload] {"id":506,"comp":1,"evap":{"in":28.2,"out":19.7,"fan":50},"cond":{"in":32.2,"out":45.8,"fan":100}}
2025/09/12 08:54:22Z TRACE [msg.payload] {"id":506,"hb":2561}
2025/09/12 08:54:22Z TRACE [msg.payload] {"id":506,"comp":1,"evap":{"in":28.1,"out":19.5,"fan":50},"cond":{"in":32.2,"out":45.9,"fan":100}}
2025/09/12 08:54:23Z TRACE [msg.payload] {"id":506,"hb":2562}
2025/09/12 08:54:23Z TRACE [msg.payload] {"id":506,"comp":1,"evap":{"in":28.5,"out":19.3,"fan":50},"cond":{"in":32.5,"out":46.1,"fan":100}}
2025/09/12 08:54:24Z TRACE [msg.payload] {"id":506,"hb":2563}
2025/09/12 08:54:24Z TRACE [msg.payload] {"id":506,"comp":1,"evap":{"in":28.4,"out":19.5,"fan":50},"cond":{"in":32.5,"out":45.7,"fan":100}}
2025/09/12 08:54:25Z TRACE [msg.payload] {"id":506,"hb":2564}
2025/09/12 08:54:25Z TRACE [msg.payload] {"id":506,"comp":1,"evap":{"in":28.3,"out":19.6,"fan":50},"cond":{"in":32,"out":45.6,"fan":100}}
2025/09/12 08:54:26Z TRACE [msg.payload] {"id":506,"hb":2565}
2025/09/12 08:54:26Z TRACE [msg.payload] {"id":506,"comp":1,"evap":{"in":28.4,"out":19.7,"fan":50},"cond":{"in":32.6,"out":45.9,"fan":100}}
2025/09/12 08:54:27Z TRACE [msg.payload] {"id":506,"hb":2566}
2025/09/12 08:54:27Z TRACE [msg.payload] {"id":506,"comp":1,"evap":{"in":28.1,"out":19,"fan":50},"cond":{"in":32.3,"out":46,"fan":100}}
2025/09/12 08:54:28Z TRACE [msg.payload] {"id":506,"hb":2567}
2025/09/12 08:54:28Z TRACE [msg.payload] {"id":506,"comp":1,"evap":{"in":28.2,"out":19.3,"fan":50},"cond":{"in":32.6,"out":46.2,"fan":100}}
2025/09/12 08:54:29Z TRACE [msg.payload] {"id":506,"hb":2568}
2025/09/12 08:54:29Z TRACE [msg.payload] {"id":506,"comp":1,"evap":{"in":28.9,"out":19.7,"fan":50},"cond":{"in":32.6,"out":45.9,"fan":100}}
2025/09/12 08:54:30Z TRACE [msg.payload] {"id":506,"hb":2569}
2025/09/12 08:54:30Z TRACE [msg.payload] {"id":506,"comp":1,"evap":{"in":28.6,"out":19.9,"fan":50},"cond":{"in":32.6,"out":46.1,"fan":100}}
2025/09/12 08:54:31Z TRACE [msg.payload] {"id":506,"hb":2570}
2025/09/12 08:54:31Z TRACE [msg.payload] {"id":506,"comp":1,"evap":{"in":28.2,"out":19.4,"fan":50},"cond":{"in":32.3,"out":46.2,"fan":100}}
2025/09/12 08:54:32Z TRACE [msg.payload] {"id":506,"hb":2571}
2025/09/12 08:54:32Z TRACE [msg.payload] {"id":506,"comp":1,"evap":{"in":28.3,"out":19.7,"fan":50},"cond":{"in":32.3,"out":45.8,"fan":100}}
2025/09/12 08:54:33Z TRACE [msg.payload] {"id":506,"hb":2572}
2025/09/12 08:54:33Z TRACE [msg.payload] {"id":506,"comp":1,"evap":{"in":28.6,"out":19.3,"fan":50},"cond":{"in":32,"out":46.2,"fan":100}}
2025/09/12 08:54:34Z TRACE [msg.payload] {"id":506,"hb":2573}
2025/09/12 08:54:34Z TRACE [msg.payload] {"id":506,"comp":1,"evap":{"in":28.4,"out":19.5,"fan":50},"cond":{"in":32.4,"out":46.2,"fan":100}}
2025/09/12 08:54:35Z TRACE [msg.payload] {"id":506,"hb":2574}
2025/09/12 08:54:35Z TRACE [msg.payload] {"id":506,"comp":1,"evap":{"in":28.3,"out":19.7,"fan":50},"cond":{"in":32.4,"out":45.6,"fan":100}}
2025/09/12 08:54:36Z TRACE [msg.payload] {"id":506,"hb":2575}
2025/09/12 08:54:36Z TRACE [msg.payload] {"id":506,"comp":1,"evap":{"in":28.5,"out":19.7,"fan":50},"cond":{"in":32.3,"out":46,"fan":100}}
2025/09/12 08:54:37Z TRACE [msg.payload] {"id":506,"hb":2576}
2025/09/12 08:54:37Z TRACE [msg.payload] {"id":506,"comp":1,"evap":{"in":28.1,"out":19.3,"fan":50},"cond":{"in":32.2,"out":45.9,"fan":100}}
2025/09/12 08:54:38Z TRACE [msg.payload] {"id":506,"hb":2577}
2025/09/12 08:54:38Z TRACE [msg.payload] {"id":506,"comp":1,"evap":{"in":28.2,"out":19.4,"fan":50},"cond":{"in":31.9,"out":46.2,"fan":100}}
2025/09/12 08:54:39Z TRACE [msg.payload] {"id":506,"hb":2578}
2025/09/12 08:54:39Z TRACE [msg.payload] {"id":506,"comp":1,"evap":{"in":28.6,"out":20.4,"fan":50},"cond":{"in":32.5,"out":46.1,"fan":100}}
2025/09/12 08:54:40Z TRACE [msg.payload] {"id":506,"hb":2579}
2025/09/12 08:54:40Z TRACE [msg.payload] {"id":506,"comp":1,"evap":{"in":28.6,"out":19.4,"fan":50},"cond":{"in":32.6,"out":46.1,"fan":100}}
2025/09/12 08:54:41Z TRACE [msg.payload] {"id":506,"hb":2580}
2025/09/12 08:54:41Z TRACE [msg.payload] {"id":506,"comp":1,"evap":{"in":28.1,"out":19.8,"fan":50},"cond":{"in":32.2,"out":45.7,"fan":100}}
2025/09/12 08:54:42Z TRACE [msg.payload] {"id":506,"hb":2581}
2025/09/12 08:54:42Z TRACE [msg.payload] {"id":506,"comp":1,"evap":{"in":28.5,"out":19.7,"fan":50},"cond":{"in":32.2,"out":44.6,"fan":100}}
2025/09/12 08:54:43Z TRACE [msg.payload] {"id":506,"hb":2582}
2025/09/12 08:54:43Z TRACE [msg.payload] {"id":506,"comp":1,"evap":{"in":28.9,"out":19.5,"fan":50},"cond":{"in":32.6,"out":46.2,"fan":100}}
2025/09/12 08:54:44Z TRACE [msg.payload] {"id":506,"hb":2583}
2025/09/12 08:54:44Z TRACE [msg.payload] {"id":506,"comp":1,"evap":{"in":28.4,"out":19.5,"fan":50},"cond":{"in":32.5,"out":46.1,"fan":100}}
2025/09/12 08:54:45Z TRACE [msg.payload] {"id":506,"hb":2584}
2025/09/12 08:54:45Z TRACE [msg.payload] {"id":506,"comp":1,"evap":{"in":28.5,"out":19.6,"fan":50},"cond":{"in":32.3,"out":45.9,"fan":100}}
2025/09/12 08:54:46Z TRACE [msg.payload] {"id":506,"hb":2585}
2025/09/12 08:54:46Z TRACE [msg.payload] {"id":506,"comp":1,"evap":{"in":28.6,"out":19.7,"fan":50},"cond":{"in":32.2,"out":46,"fan":100}}
2025/09/12 08:54:47Z TRACE [msg.payload] {"id":506,"hb":2586}
2025/09/12 08:54:47Z TRACE [msg.payload] {"id":506,"comp":1,"evap":{"in":28.3,"out":19.3,"fan":50},"cond":{"in":32.4,"out":46.3,"fan":100}}
2025/09/12 08:54:48Z TRACE [msg.payload] {"id":506,"hb":2587}
2025/09/12 08:54:48Z TRACE [msg.payload] {"id":506,"comp":1,"evap":{"in":28.3,"out":19.4,"fan":50},"cond":{"in":32.2,"out":46,"fan":100}}
2025/09/12 08:54:49Z TRACE [msg.payload] {"id":506,"hb":2588}
2025/09/12 08:54:49Z TRACE [msg.payload] {"id":506,"comp":1,"evap":{"in":28.6,"out":19.8,"fan":50},"cond":{"in":32.5,"out":46.1,"fan":100}}
2025/09/12 08:54:50Z TRACE [msg.payload] {"id":506,"hb":2589}
2025/09/12 08:54:50Z TRACE [msg.payload] {"id":506,"comp":1,"evap":{"in":28.4,"out":19.4,"fan":50},"cond":{"in":32.5,"out":46.1,"fan":100}}
2025/09/12 08:54:51Z TRACE [msg.payload] {"id":506,"hb":2590}
2025/09/12 08:54:51Z TRACE [msg.payload] {"id":506,"comp":1,"evap":{"in":28.3,"out":19.7,"fan":50},"cond":{"in":32.5,"out":45.8,"fan":100}}
2025/09/12 08:54:52Z TRACE [msg.payload] {"id":506,"hb":2591}
2025/09/12 08:54:52Z TRACE [msg.payload] {"id":506,"comp":1,"evap":{"in":28.8,"out":19.8,"fan":50},"cond":{"in":32.2,"out":45.8,"fan":100}}
2025/09/12 08:54:53Z TRACE [msg.payload] {"id":506,"hb":2592}
2025/09/12 08:54:53Z TRACE [msg.payload] {"id":506,"comp":1,"evap":{"in":28,"out":19.5,"fan":50},"cond":{"in":32.7,"out":46.1,"fan":100}}
2025/09/12 08:54:54Z TRACE [msg.payload] {"id":506,"hb":2593}
2025/09/12 08:54:54Z TRACE [msg.payload] {"id":506,"comp":1,"evap":{"in":28.3,"out":19.5,"fan":50},"cond":{"in":32.6,"out":46.2,"fan":100}}
2025/09/12 08:54:55Z TRACE [msg.payload] {"id":506,"hb":2594}
2025/09/12 08:54:55Z TRACE [msg.payload] {"id":506,"comp":1,"evap":{"in":28.5,"out":19.8,"fan":50},"cond":{"in":32.7,"out":45.9,"fan":100}}
2025/09/12 08:54:56Z TRACE [msg.payload] {"id":506,"hb":2595}
2025/09/12 08:54:56Z TRACE [msg.payload] {"id":506,"comp":1,"evap":{"in":28.4,"out":19.7,"fan":50},"cond":{"in":32.2,"out":45.8,"fan":100}}
2025/09/12 08:54:57Z TRACE [msg.payload] {"id":506,"hb":2596}
2025/09/12 08:54:57Z TRACE [msg.payload] {"id":506,"comp":1,"evap":{"in":28.2,"out":19.3,"fan":50},"cond":{"in":32.3,"out":45.8,"fan":100}}
2025/09/12 08:54:58Z TRACE [msg.payload] {"id":506,"hb":2597}
2025/09/12 08:54:58Z TRACE [msg.payload] {"id":506,"comp":1,"evap":{"in":28.3,"out":19.4,"fan":50},"cond":{"in":32.2,"out":45.7,"fan":100}}
2025/09/12 08:54:59Z TRACE [msg.payload] {"id":506,"hb":2598}
2025/09/12 08:54:59Z TRACE [msg.payload] {"id":506,"comp":1,"evap":{"in":28.6,"out":20,"fan":50},"cond":{"in":32.6,"out":46.1,"fan":100}}
2025/09/12 08:55:00Z TRACE [msg.payload] {"id":506,"hb":2599}
2025/09/12 08:55:00Z TRACE [msg.payload] {"id":506,"comp":1,"evap":{"in":28.6,"out":19.4,"fan":50},"cond":{"in":32.6,"out":46.2,"fan":100}}
2025/09/12 08:55:01Z TRACE [msg.payload] {"id":506,"hb":2600}
2025/09/12 08:55:01Z TRACE [msg.payload] {"id":506,"comp":1,"evap":{"in":28.3,"out":19.8,"fan":50},"cond":{"in":32.2,"out":45.9,"fan":100}}
2025/09/12 08:55:02Z TRACE [msg.payload] {"id":506,"hb":2601}
2025/09/12 08:55:02Z TRACE [msg.payload] {"id":506,"comp":1,"evap":{"in":28.5,"out":19.7,"fan":50},"cond":{"in":32.2,"out":45.8,"fan":100}}
2025/09/12 08:55:03Z TRACE [msg.payload] {"id":506,"hb":2602}
2025/09/12 08:55:03Z TRACE [msg.payload] {"id":506,"comp":1,"evap":{"in":28.3,"out":19.4,"fan":50},"cond":{"in":32.6,"out":46.2,"fan":100}}
2025/09/12 08:55:04Z TRACE [msg.payload] {"id":506,"hb":2603}
2025/09/12 08:55:04Z TRACE [msg.payload] {"id":506,"comp":1,"evap":{"in":28.3,"out":19.4,"fan":50},"cond":{"in":32.5,"out":46.2,"fan":100}}
2025/09/12 08:55:05Z TRACE [msg.payload] {"id":506,"hb":2604}
2025/09/12 08:55:05Z TRACE [msg.payload] {"id":506,"comp":1,"evap":{"in":28.5,"out":19.7,"fan":50},"cond":{"in":34.5,"out":45.6,"fan":100}}
2025/09/12 08:55:06Z TRACE [msg.payload] {"id":506,"hb":2605}
2025/09/12 08:55:06Z TRACE [msg.payload] {"id":506,"comp":1,"evap":{"in":28.6,"out":20,"fan":50},"cond":{"in":32.3,"out":46,"fan":100}}
2025/09/12 08:55:07Z TRACE [msg.payload] {"id":506,"hb":2606}
2025/09/12 08:55:07Z TRACE [msg.payload] {"id":506,"comp":1,"evap":{"in":28,"out":20.5,"fan":50},"cond":{"in":32.2,"out":45.6,"fan":100}}
2025/09/12 08:55:08Z TRACE [msg.payload] {"id":506,"hb":2607}
2025/09/12 08:55:08Z TRACE [msg.payload] {"id":506,"comp":1,"evap":{"in":28.6,"out":19.8,"fan":50},"cond":{"in":32.6,"out":46.1,"fan":100}}
2025/09/12 08:55:09Z TRACE [msg.payload] {"id":506,"hb":2608}
2025/09/12 08:55:09Z TRACE [msg.payload] {"id":506,"comp":1,"evap":{"in":28.6,"out":20.4,"fan":50},"cond":{"in":32.6,"out":46.1,"fan":100}}
2025/09/12 08:55:10Z TRACE [msg.payload] {"id":506,"hb":2609}
2025/09/12 08:55:10Z TRACE [msg.payload] {"id":506,"comp":1,"evap":{"in":28.4,"out":19.3,"fan":50},"cond":{"in":32.5,"out":45.8,"fan":100}}
2025/09/12 08:55:11Z TRACE [msg.payload] {"id":506,"hb":2610}
2025/09/12 08:55:11Z TRACE [msg.payload] {"id":506,"comp":1,"evap":{"in":28,"out":19.8,"fan":50},"cond":{"in":32.3,"out":45.8,"fan":100}}
2025/09/12 08:55:12Z TRACE [msg.payload] {"id":506,"hb":2611}
2025/09/12 08:55:12Z TRACE [msg.payload] {"id":506,"comp":1,"evap":{"in":28.6,"out":19.8,"fan":50},"cond":{"in":32.4,"out":45.8,"fan":100}}
2025/09/12 08:55:13Z TRACE [msg.payload] {"id":506,"hb":2612}
2025/09/12 08:55:13Z TRACE [msg.payload] {"id":506,"comp":1,"evap":{"in":28,"out":19.3,"fan":50},"cond":{"in":32.7,"out":46.1,"fan":100}}
2025/09/12 08:55:14Z TRACE [msg.payload] {"id":506,"hb":2613}
2025/09/12 08:55:14Z TRACE [msg.payload] {"id":506,"comp":1,"evap":{"in":28.3,"out":19.6,"fan":50},"cond":{"in":32.6,"out":46.2,"fan":100}}
2025/09/12 08:55:15Z TRACE [msg.payload] {"id":506,"hb":2614}
2025/09/12 08:55:15Z TRACE [msg.payload] {"id":506,"comp":1,"evap":{"in":28.4,"out":19.6,"fan":50},"cond":{"in":32.5,"out":46.5,"fan":100}}
2025/09/12 08:55:16Z TRACE [msg.payload] {"id":506,"hb":2615}
2025/09/12 08:55:16Z TRACE [msg.payload] {"id":506,"comp":1,"evap":{"in":28.3,"out":19.7,"fan":50},"cond":{"in":32.4,"out":45.7,"fan":100}}
2025/09/12 08:55:17Z TRACE [msg.payload] {"id":506,"hb":2616}
2025/09/12 08:55:17Z TRACE [msg.payload] {"id":506,"comp":1,"evap":{"in":28.2,"out":19.7,"fan":50},"cond":{"in":32.2,"out":45.8,"fan":100}}
2025/09/12 08:55:18Z TRACE [msg.payload] {"id":506,"hb":2617}
2025/09/12 08:55:18Z TRACE [msg.payload] {"id":506,"comp":1,"evap":{"in":28.2,"out":19.2,"fan":50},"cond":{"in":32.5,"out":46,"fan":100}}
2025/09/12 08:55:19Z TRACE [msg.payload] {"id":506,"hb":2618}
2025/09/12 08:55:19Z TRACE [msg.payload] {"id":506,"comp":1,"evap":{"in":28.4,"out":19.5,"fan":50},"cond":{"in":32.7,"out":46.5,"fan":100}}
2025/09/12 08:55:20Z TRACE [msg.payload] {"id":506,"hb":2619}
2025/09/12 08:55:20Z TRACE [msg.payload] {"id":506,"comp":1,"evap":{"in":28.6,"out":19.6,"fan":50},"cond":{"in":32.6,"out":46.2,"fan":100}}
2025/09/12 08:55:21Z TRACE [msg.payload] {"id":506,"hb":2620}
2025/09/12 08:55:21Z TRACE [msg.payload] {"id":506,"comp":1,"evap":{"in":28.5,"out":19.9,"fan":50},"cond":{"in":32.6,"out":46.1,"fan":100}}
2025/09/12 08:55:22Z TRACE [msg.payload] {"id":506,"hb":2621}
2025/09/12 08:55:22Z TRACE [msg.payload] {"id":506,"comp":1,"evap":{"in":28.6,"out":19.6,"fan":50},"cond":{"in":32.2,"out":45.8,"fan":100}}
2025/09/12 08:55:23Z TRACE [msg.payload] {"id":506,"hb":2622}
2025/09/12 08:55:23Z TRACE [msg.payload] {"id":506,"comp":1,"evap":{"in":28.2,"out":19.5,"fan":50},"cond":{"in":32.1,"out":46.1,"fan":100}}
2025/09/12 08:55:24Z TRACE [msg.payload] {"id":506,"hb":2623}
2025/09/12 08:55:24Z TRACE [msg.payload] {"id":506,"comp":1,"evap":{"in":28.1,"out":19.3,"fan":50},"cond":{"in":32.7,"out":46,"fan":100}}
2025/09/12 08:55:25Z TRACE [msg.payload] {"id":506,"hb":2624}
2025/09/12 08:55:25Z TRACE [msg.payload] {"id":506,"comp":1,"evap":{"in":28.9,"out":19.9,"fan":50},"cond":{"in":32.6,"out":46.2,"fan":100}}
2025/09/12 08:55:26Z TRACE [msg.payload] {"id":506,"hb":2625}
2025/09/12 08:55:26Z TRACE [msg.payload] {"id":506,"comp":1,"evap":{"in":28,"out":19.8,"fan":50},"cond":{"in":32.7,"out":45.9,"fan":100}}
2025/09/12 08:55:27Z TRACE [msg.payload] {"id":506,"hb":2626}
2025/09/12 08:55:27Z TRACE [msg.payload] {"id":506,"comp":1,"evap":{"in":28.1,"out":19.1,"fan":50},"cond":{"in":32.2,"out":46,"fan":100}}
2025/09/12 08:55:28Z TRACE [msg.payload] {"id":506,"hb":2627}
2025/09/12 08:55:28Z TRACE [msg.payload] {"id":506,"comp":1,"evap":{"in":28.3,"out":19.4,"fan":50},"cond":{"in":32.3,"out":46,"fan":100}}
2025/09/12 08:55:29Z TRACE [msg.payload] {"id":506,"hb":2628}
2025/09/12 08:55:29Z TRACE [msg.payload] {"id":506,"comp":1,"evap":{"in":28.1,"out":19.5,"fan":50},"cond":{"in":32.6,"out":46.1,"fan":100}}
2025/09/12 08:55:30Z TRACE [msg.payload] {"id":506,"hb":2629}
2025/09/12 08:55:30Z TRACE [msg.payload] {"id":506,"comp":1,"evap":{"in":28.4,"out":19.4,"fan":50},"cond":{"in":32.5,"out":46,"fan":100}}
2025/09/12 08:55:31Z TRACE [msg.payload] {"id":506,"hb":2630}
2025/09/12 08:55:31Z TRACE [msg.payload] {"id":506,"comp":1,"evap":{"in":28.4,"out":19.7,"fan":50},"cond":{"in":32.6,"out":46.3,"fan":100}}
2025/09/12 08:55:32Z TRACE [msg.payload] {"id":506,"hb":2631}
2025/09/12 08:55:32Z TRACE [msg.payload] {"id":506,"comp":1,"evap":{"in":28.7,"out":19.7,"fan":50},"cond":{"in":32.3,"out":45.8,"fan":100}}
2025/09/12 08:55:33Z TRACE [msg.payload] {"id":506,"hb":2632}
2025/09/12 08:55:33Z TRACE [msg.payload] {"id":506,"comp":1,"evap":{"in":28.2,"out":19.3,"fan":50},"cond":{"in":32.4,"out":46.2,"fan":100}}
2025/09/12 08:55:34Z TRACE [msg.payload] {"id":506,"hb":2633}
2025/09/12 08:55:34Z TRACE [msg.payload] {"id":506,"comp":1,"evap":{"in":28.3,"out":19.4,"fan":50},"cond":{"in":32.7,"out":46,"fan":100}}
2025/09/12 08:55:35Z TRACE [msg.payload] {"id":506,"hb":2634}
2025/09/12 08:55:35Z TRACE [msg.payload] {"id":506,"comp":1,"evap":{"in":28.6,"out":19.9,"fan":50},"cond":{"in":32.5,"out":46.4,"fan":100}}
2025/09/12 08:55:36Z TRACE [msg.payload] {"id":506,"hb":2635}
2025/09/12 08:55:36Z TRACE [msg.payload] {"id":506,"comp":1,"evap":{"in":28.6,"out":19.7,"fan":50},"cond":{"in":32.6,"out":45.9,"fan":100}}
2025/09/12 08:55:37Z TRACE [msg.payload] {"id":506,"hb":2636}
2025/09/12 08:55:37Z TRACE [msg.payload] {"id":506,"comp":1,"evap":{"in":28.2,"out":19.7,"fan":50},"cond":{"in":32.3,"out":45.8,"fan":100}}
2025/09/12 08:55:38Z TRACE [msg.payload] {"id":506,"hb":2637}
2025/09/12 08:55:38Z TRACE [msg.payload] {"id":506,"comp":1,"evap":{"in":28.3,"out":19.9,"fan":50},"cond":{"in":32.2,"out":46,"fan":100}}
2025/09/12 08:55:39Z TRACE [msg.payload] {"id":506,"hb":2638}
2025/09/12 08:55:39Z TRACE [msg.payload] {"id":506,"comp":1,"evap":{"in":28.6,"out":19.5,"fan":50},"cond":{"in":32.7,"out":46.1,"fan":100}}
2025/09/12 08:55:40Z TRACE [msg.payload] {"id":506,"hb":2639}
2025/09/12 08:55:40Z TRACE [msg.payload] {"id":506,"comp":1,"evap":{"in":28,"out":19.4,"fan":50},"cond":{"in":32.6,"out":46.2,"fan":100}}
2025/09/12 08:55:41Z TRACE [msg.payload] {"id":506,"hb":2640}
2025/09/12 08:55:41Z TRACE [msg.payload] {"id":506,"comp":1,"evap":{"in":28.6,"out":19.7,"fan":50},"cond":{"in":32.6,"out":45.8,"fan":100}}
2025/09/12 08:55:42Z TRACE [msg.payload] {"id":506,"hb":2641}
2025/09/12 08:55:42Z TRACE [msg.payload] {"id":506,"comp":1,"evap":{"in":28.5,"out":19.1,"fan":50},"cond":{"in":32.5,"out":46,"fan":100}}
2025/09/12 08:55:43Z TRACE [msg.payload] {"id":506,"hb":2642}
2025/09/12 08:55:43Z TRACE [msg.payload] {"id":506,"comp":1,"evap":{"in":28.3,"out":19.4,"fan":50},"cond":{"in":32.3,"out":45.9,"fan":100}}
2025/09/12 08:55:44Z TRACE [msg.payload] {"id":506,"hb":2643}
2025/09/12 08:55:44Z TRACE [msg.payload] {"id":506,"comp":1,"evap":{"in":28.3,"out":19.5,"fan":50},"cond":{"in":32.3,"out":45.9,"fan":100}}
2025/09/12 08:55:45Z TRACE [msg.payload] {"id":506,"hb":2644}
2025/09/12 08:55:45Z TRACE [msg.payload] {"id":506,"comp":1,"evap":{"in":28.6,"out":19.8,"fan":50},"cond":{"in":32.7,"out":46.1,"fan":100}}
2025/09/12 08:55:46Z TRACE [msg.payload] {"id":506,"hb":2645}
2025/09/12 08:55:46Z TRACE [msg.payload] {"id":506,"comp":1,"evap":{"in":29.4,"out":19.4,"fan":50},"cond":{"in":32.6,"out":45.9,"fan":100}}
2025/09/12 08:55:47Z TRACE [msg.payload] {"id":506,"hb":2646}
2025/09/12 08:55:47Z TRACE [msg.payload] {"id":506,"comp":1,"evap":{"in":28.1,"out":19.7,"fan":50},"cond":{"in":32.3,"out":45.9,"fan":100}}
2025/09/12 08:55:48Z TRACE [msg.payload] {"id":506,"hb":2647}
2025/09/12 08:55:48Z TRACE [msg.payload] {"id":506,"comp":1,"evap":{"in":28.5,"out":19.8,"fan":50},"cond":{"in":32.5,"out":46,"fan":100}}
2025/09/12 08:55:49Z TRACE [msg.payload] {"id":506,"hb":2648}
2025/09/12 08:55:49Z TRACE [msg.payload] {"id":506,"comp":1,"evap":{"in":28.3,"out":19.4,"fan":50},"cond":{"in":32.6,"out":46.2,"fan":100}}
2025/09/12 08:55:50Z TRACE [msg.payload] {"id":506,"hb":2649}
2025/09/12 08:55:50Z TRACE [msg.payload] {"id":506,"comp":1,"evap":{"in":28.1,"out":19.3,"fan":50},"cond":{"in":32.7,"out":46.2,"fan":100}}
2025/09/12 08:55:51Z TRACE [msg.payload] {"id":506,"hb":2650}
2025/09/12 08:55:51Z TRACE [msg.payload] {"id":506,"comp":1,"evap":{"in":28.7,"out":19.8,"fan":50},"cond":{"in":32.5,"out":45.9,"fan":100}}
2025/09/12 08:55:52Z TRACE [msg.payload] {"id":506,"hb":2651}
2025/09/12 08:55:52Z TRACE [msg.payload] {"id":506,"comp":1,"evap":{"in":28.4,"out":19.9,"fan":50},"cond":{"in":32.6,"out":46,"fan":100}}
2025/09/12 08:55:53Z TRACE [msg.payload] {"id":506,"hb":2652}
2025/09/12 08:55:53Z TRACE [msg.payload] {"id":506,"comp":1,"evap":{"in":28.4,"out":19.5,"fan":50},"cond":{"in":32.4,"out":46,"fan":100}}
2025/09/12 08:55:54Z TRACE [msg.payload] {"id":506,"hb":2653}
2025/09/12 08:55:54Z TRACE [msg.payload] {"id":506,"comp":1,"evap":{"in":28.3,"out":19.5,"fan":50},"cond":{"in":32.3,"out":46,"fan":100}}
2025/09/12 08:55:55Z TRACE [msg.payload] {"id":506,"hb":2654}
2025/09/12 08:55:55Z TRACE [msg.payload] {"id":506,"comp":1,"evap":{"in":28.6,"out":19.7,"fan":50},"cond":{"in":32.6,"out":46,"fan":100}}
2025/09/12 08:55:56Z TRACE [msg.payload] {"id":506,"hb":2655}
2025/09/12 08:55:56Z TRACE [msg.payload] {"id":506,"comp":1,"evap":{"in":28.5,"out":19.1,"fan":50},"cond":{"in":32.5,"out":46,"fan":100}}
2025/09/12 08:55:57Z TRACE [msg.payload] {"id":506,"hb":2656}
2025/09/12 08:55:57Z TRACE [msg.payload] {"id":506,"comp":1,"evap":{"in":28.4,"out":19.8,"fan":50},"cond":{"in":32.5,"out":45.8,"fan":100}}
2025/09/12 08:55:58Z TRACE [msg.payload] {"id":506,"hb":2657}
2025/09/12 08:55:58Z TRACE [msg.payload] {"id":506,"comp":1,"evap":{"in":28.6,"out":19.8,"fan":50},"cond":{"in":32.2,"out":48.4,"fan":100}}
2025/09/12 08:55:59Z TRACE [msg.payload] {"id":506,"hb":2658}
2025/09/12 08:55:59Z TRACE [msg.payload] {"id":506,"comp":1,"evap":{"in":28.2,"out":19.4,"fan":50},"cond":{"in":32.4,"out":46.1,"fan":100}}
2025/09/12 08:56:00Z TRACE [msg.payload] {"id":506,"hb":2659}
2025/09/12 08:56:00Z TRACE [msg.payload] {"id":506,"comp":1,"evap":{"in":28.4,"out":19.5,"fan":50},"cond":{"in":32.6,"out":45.9,"fan":100}}
2025/09/12 08:56:01Z TRACE [msg.payload] {"id":506,"hb":2660}
2025/09/12 08:56:01Z TRACE [msg.payload] {"id":506,"comp":1,"evap":{"in":28.4,"out":19.8,"fan":50},"cond":{"in":32.6,"out":45.9,"fan":100}}
2025/09/12 08:56:02Z TRACE [msg.payload] {"id":506,"hb":2661}
2025/09/12 08:56:02Z TRACE [msg.payload] {"id":506,"comp":1,"evap":{"in":28.7,"out":19.8,"fan":50},"cond":{"in":32.6,"out":46.1,"fan":100}}
2025/09/12 08:56:03Z TRACE [msg.payload] {"id":506,"hb":2662}
2025/09/12 08:56:03Z TRACE [msg.payload] {"id":506,"comp":1,"evap":{"in":28.2,"out":19.3,"fan":50},"cond":{"in":32.1,"out":46.4,"fan":100}}
2025/09/12 08:56:04Z TRACE [msg.payload] {"id":506,"hb":2663}
2025/09/12 08:56:04Z TRACE [msg.payload] {"id":506,"comp":1,"evap":{"in":28.1,"out":19.4,"fan":50},"cond":{"in":32.5,"out":45.8,"fan":100}}
2025/09/12 08:56:05Z TRACE [msg.payload] {"id":506,"hb":2664}
2025/09/12 08:56:05Z TRACE [msg.payload] {"id":506,"comp":1,"evap":{"in":28.3,"out":19.4,"fan":50},"cond":{"in":32.6,"out":46.1,"fan":100}}
2025/09/12 08:56:06Z TRACE [msg.payload] {"id":506,"hb":2665}
2025/09/12 08:56:06Z TRACE [msg.payload] {"id":506,"comp":1,"evap":{"in":28.5,"out":19.7,"fan":50},"cond":{"in":32.6,"out":45.8,"fan":100}}
2025/09/12 08:56:07Z TRACE [msg.payload] {"id":506,"hb":2666}
2025/09/12 08:56:07Z TRACE [msg.payload] {"id":506,"comp":1,"evap":{"in":28.2,"out":19.5,"fan":50},"cond":{"in":32.3,"out":45.7,"fan":100}}
2025/09/12 08:56:08Z TRACE [msg.payload] {"id":506,"hb":2667}
2025/09/12 08:56:08Z TRACE [msg.payload] {"id":506,"comp":1,"evap":{"in":28.4,"out":19.8,"fan":50},"cond":{"in":32.3,"out":45.8,"fan":100}}
2025/09/12 08:56:09Z TRACE [msg.payload] {"id":506,"hb":2668}
2025/09/12 08:56:09Z TRACE [msg.payload] {"id":506,"comp":1,"evap":{"in":28.1,"out":19.6,"fan":50},"cond":{"in":32.2,"out":46.2,"fan":100}}
2025/09/12 08:56:10Z TRACE [msg.payload] {"id":506,"hb":2669}
2025/09/12 08:56:10Z TRACE [msg.payload] {"id":506,"comp":1,"evap":{"in":28.2,"out":19.4,"fan":50},"cond":{"in":32.3,"out":46.9,"fan":100}}
2025/09/12 08:56:11Z TRACE [msg.payload] {"id":506,"hb":2670}
2025/09/12 08:56:11Z TRACE [msg.payload] {"id":506,"comp":1,"evap":{"in":28.5,"out":19.8,"fan":50},"cond":{"in":32.7,"out":46.2,"fan":100}}
2025/09/12 08:56:12Z TRACE [msg.payload] {"id":506,"hb":2671}
2025/09/12 08:56:12Z TRACE [msg.payload] {"id":506,"comp":1,"evap":{"in":28.6,"out":22.3,"fan":50},"cond":{"in":32.6,"out":46.3,"fan":100}}
2025/09/12 08:56:13Z TRACE [msg.payload] {"id":506,"hb":2672}
2025/09/12 08:56:13Z TRACE [msg.payload] {"id":506,"comp":1,"evap":{"in":28.3,"out":19.5,"fan":50},"cond":{"in":32.3,"out":46.2,"fan":100}}
2025/09/12 08:56:14Z TRACE [msg.payload] {"id":506,"hb":2673}
2025/09/12 08:56:14Z TRACE [msg.payload] {"id":506,"comp":1,"evap":{"in":28.1,"out":19.5,"fan":50},"cond":{"in":32.4,"out":45.9,"fan":100}}
2025/09/12 08:56:15Z TRACE [msg.payload] {"id":506,"hb":2674}
2025/09/12 08:56:15Z TRACE [msg.payload] {"id":506,"comp":1,"evap":{"in":28.6,"out":19.4,"fan":50},"cond":{"in":32.8,"out":46.2,"fan":100}}
2025/09/12 08:56:16Z TRACE [msg.payload] {"id":506,"hb":2675}
2025/09/12 08:56:16Z TRACE [msg.payload] {"id":506,"comp":1,"evap":{"in":28.4,"out":19.7,"fan":50},"cond":{"in":32.8,"out":46.3,"fan":100}}
2025/09/12 08:56:17Z TRACE [msg.payload] {"id":506,"hb":2676}
2025/09/12 08:56:17Z TRACE [msg.payload] {"id":506,"comp":1,"evap":{"in":28.6,"out":19.7,"fan":50},"cond":{"in":33,"out":46,"fan":100}}
2025/09/12 08:56:18Z TRACE [msg.payload] {"id":506,"hb":2677}
2025/09/12 08:56:18Z TRACE [msg.payload] {"id":506,"comp":1,"evap":{"in":28.4,"out":19.7,"fan":50},"cond":{"in":32.4,"out":45.8,"fan":100}}
2025/09/12 08:56:19Z TRACE [msg.payload] {"id":506,"hb":2678}
2025/09/12 08:56:19Z TRACE [msg.payload] {"id":506,"comp":1,"evap":{"in":28.3,"out":19.5,"fan":50},"cond":{"in":32.3,"out":46.3,"fan":100}}
2025/09/12 08:56:20Z TRACE [msg.payload] {"id":506,"hb":2679}
2025/09/12 08:56:20Z TRACE [msg.payload] {"id":506,"comp":1,"evap":{"in":28.4,"out":19.3,"fan":50},"cond":{"in":32.6,"out":46.1,"fan":100}}
2025/09/12 08:56:21Z TRACE [msg.payload] {"id":506,"hb":2680}
2025/09/12 08:56:21Z TRACE [msg.payload] {"id":506,"comp":1,"evap":{"in":28.6,"out":19.9,"fan":50},"cond":{"in":32.7,"out":46.1,"fan":100}}
2025/09/12 08:56:22Z TRACE [msg.payload] {"id":506,"hb":2681}
2025/09/12 08:56:22Z TRACE [msg.payload] {"id":506,"comp":1,"evap":{"in":28.6,"out":19.1,"fan":50},"cond":{"in":32.7,"out":46,"fan":100}}
2025/09/12 08:56:23Z TRACE [msg.payload] {"id":506,"hb":2682}
2025/09/12 08:56:23Z TRACE [msg.payload] {"id":506,"comp":1,"evap":{"in":28.3,"out":19.6,"fan":50},"cond":{"in":32.4,"out":46.2,"fan":100}}
2025/09/12 08:56:24Z TRACE [msg.payload] {"id":506,"hb":2683}
2025/09/12 08:56:24Z TRACE [msg.payload] {"id":506,"comp":1,"evap":{"in":28.1,"out":19.6,"fan":50},"cond":{"in":32.2,"out":46,"fan":100}}
2025/09/12 08:56:25Z TRACE [msg.payload] {"id":506,"hb":2684}
2025/09/12 08:56:25Z TRACE [msg.payload] {"id":506,"comp":1,"evap":{"in":27.9,"out":19.6,"fan":50},"cond":{"in":32.6,"out":46.1,"fan":100}}
2025/09/12 08:56:26Z TRACE [msg.payload] {"id":506,"hb":2685}
2025/09/12 08:56:26Z TRACE [msg.payload] {"id":506,"comp":1,"evap":{"in":28.3,"out":19.3,"fan":50},"cond":{"in":32.6,"out":46.1,"fan":100}}
2025/09/12 08:56:27Z TRACE [msg.payload] {"id":506,"hb":2686}
2025/09/12 08:56:27Z TRACE [msg.payload] {"id":506,"comp":1,"evap":{"in":28.4,"out":19.7,"fan":50},"cond":{"in":32.5,"out":45.7,"fan":100}}
2025/09/12 08:56:28Z TRACE [msg.payload] {"id":506,"hb":2687}
2025/09/12 08:56:28Z TRACE [msg.payload] {"id":506,"comp":1,"evap":{"in":28.5,"out":19.7,"fan":50},"cond":{"in":32.3,"out":46,"fan":100}}
2025/09/12 08:56:29Z TRACE [msg.payload] {"id":506,"hb":2688}
2025/09/12 08:56:29Z TRACE [msg.payload] {"id":506,"comp":1,"evap":{"in":28.4,"out":19.6,"fan":50},"cond":{"in":32.6,"out":46.3,"fan":100}}
2025/09/12 08:56:30Z TRACE [msg.payload] {"id":506,"hb":2689}
2025/09/12 08:56:30Z TRACE [msg.payload] {"id":506,"comp":1,"evap":{"in":27.8,"out":20,"fan":50},"cond":{"in":31.9,"out":46.1,"fan":100}}
2025/09/12 08:56:31Z TRACE [msg.payload] {"id":506,"hb":2690}
2025/09/12 08:56:31Z TRACE [msg.payload] {"id":506,"comp":1,"evap":{"in":28.7,"out":19.5,"fan":50},"cond":{"in":32.7,"out":46.3,"fan":100}}
2025/09/12 08:56:32Z TRACE [msg.payload] {"id":506,"hb":2691}
2025/09/12 08:56:32Z TRACE [msg.payload] {"id":506,"comp":1,"evap":{"in":28.5,"out":21.4,"fan":50},"cond":{"in":32.8,"out":46.2,"fan":100}}
2025/09/12 08:56:33Z TRACE [msg.payload] {"id":506,"hb":2692}
2025/09/12 08:56:33Z TRACE [msg.payload] {"id":506,"comp":1,"evap":{"in":28.2,"out":19.7,"fan":50},"cond":{"in":32.4,"out":45.8,"fan":100}}
2025/09/12 08:56:34Z TRACE [msg.payload] {"id":506,"hb":2693}
2025/09/12 08:56:34Z TRACE [msg.payload] {"id":506,"comp":1,"evap":{"in":28.3,"out":19.8,"fan":50},"cond":{"in":32.6,"out":46,"fan":100}}
2025/09/12 08:56:35Z TRACE [msg.payload] {"id":506,"hb":2694}
2025/09/12 08:56:35Z TRACE [msg.payload] {"id":506,"comp":1,"evap":{"in":28.2,"out":19.5,"fan":50},"cond":{"in":32.5,"out":46.3,"fan":100}}
2025/09/12 08:56:36Z TRACE [msg.payload] {"id":506,"hb":2695}
2025/09/12 08:56:36Z TRACE [msg.payload] {"id":506,"comp":1,"evap":{"in":28.2,"out":19.3,"fan":50},"cond":{"in":32.9,"out":46.3,"fan":100}}
2025/09/12 08:56:37Z TRACE [msg.payload] {"id":506,"hb":2696}
2025/09/12 08:56:37Z TRACE [msg.payload] {"id":506,"comp":1,"evap":{"in":28.7,"out":19.7,"fan":50},"cond":{"in":32.7,"out":46,"fan":100}}
2025/09/12 08:56:38Z TRACE [msg.payload] {"id":506,"hb":2697}
2025/09/12 08:56:38Z TRACE [msg.payload] {"id":506,"comp":1,"evap":{"in":28.6,"out":19.9,"fan":50},"cond":{"in":32.4,"out":46,"fan":100}}
2025/09/12 08:56:39Z TRACE [msg.payload] {"id":506,"hb":2698}
2025/09/12 08:56:39Z TRACE [msg.payload] {"id":506,"comp":1,"evap":{"in":28.3,"out":19.3,"fan":50},"cond":{"in":32.4,"out":46.5,"fan":100}}
2025/09/12 08:56:40Z TRACE [msg.payload] {"id":506,"hb":2699}
2025/09/12 08:56:40Z TRACE [msg.payload] {"id":506,"comp":1,"evap":{"in":28,"out":19.3,"fan":50},"cond":{"in":32.3,"out":45.7,"fan":100}}
2025/09/12 08:56:41Z TRACE [msg.payload] {"id":506,"hb":2700}
2025/09/12 08:56:41Z TRACE [msg.payload] {"id":506,"comp":1,"evap":{"in":28.6,"out":19.4,"fan":50},"cond":{"in":32.6,"out":46.1,"fan":100}}
2025/09/12 08:56:42Z TRACE [msg.payload] {"id":506,"hb":2701}
2025/09/12 08:56:42Z TRACE [msg.payload] {"id":506,"comp":1,"evap":{"in":28.3,"out":19.4,"fan":50},"cond":{"in":32.5,"out":46.1,"fan":100}}
2025/09/12 08:56:43Z TRACE [msg.payload] {"id":506,"hb":2702}
2025/09/12 08:56:43Z TRACE [msg.payload] {"id":506,"comp":1,"evap":{"in":28.6,"out":19.7,"fan":50},"cond":{"in":32.4,"out":46.1,"fan":100}}
2025/09/12 08:56:44Z TRACE [msg.payload] {"id":506,"hb":2703}
2025/09/12 08:56:44Z TRACE [msg.payload] {"id":506,"comp":1,"evap":{"in":28.2,"out":20,"fan":50},"cond":{"in":32.4,"out":47.9,"fan":100}}
2025/09/12 08:56:45Z TRACE [msg.payload] {"id":506,"hb":2704}
2025/09/12 08:56:45Z TRACE [msg.payload] {"id":506,"comp":1,"evap":{"in":28.1,"out":19.4,"fan":50},"cond":{"in":32.6,"out":46.3,"fan":100}}
2025/09/12 08:56:46Z TRACE [msg.payload] {"id":506,"hb":2705}
2025/09/12 08:56:46Z TRACE [msg.payload] {"id":506,"comp":1,"evap":{"in":28.1,"out":19.4,"fan":50},"cond":{"in":32.7,"out":46.4,"fan":100}}
2025/09/12 08:56:47Z TRACE [msg.payload] {"id":506,"hb":2706}
2025/09/12 08:56:47Z TRACE [msg.payload] {"id":506,"comp":1,"evap":{"in":28.3,"out":19.7,"fan":50},"cond":{"in":32.8,"out":46.2,"fan":100}}
2025/09/12 08:56:48Z TRACE [msg.payload] {"id":506,"hb":2707}
2025/09/12 08:56:48Z TRACE [msg.payload] {"id":506,"comp":1,"evap":{"in":28.4,"out":19.8,"fan":50},"cond":{"in":32.4,"out":45.9,"fan":100}}
2025/09/12 08:56:49Z TRACE [msg.payload] {"id":506,"hb":2708}
2025/09/12 08:56:49Z TRACE [msg.payload] {"id":506,"comp":1,"evap":{"in":28,"out":19.3,"fan":50},"cond":{"in":32.6,"out":46,"fan":100}}
2025/09/12 08:56:50Z TRACE [msg.payload] {"id":506,"hb":2709}
2025/09/12 08:56:50Z TRACE [msg.payload] {"id":506,"comp":1,"evap":{"in":27.7,"out":19.4,"fan":50},"cond":{"in":32.4,"out":46.4,"fan":100}}
2025/09/12 08:56:51Z TRACE [msg.payload] {"id":506,"hb":2710}
2025/09/12 08:56:51Z TRACE [msg.payload] {"id":506,"comp":1,"evap":{"in":27.6,"out":19.5,"fan":50},"cond":{"in":32.9,"out":46.3,"fan":100}}
2025/09/12 08:56:52Z TRACE [msg.payload] {"id":506,"hb":2711}
2025/09/12 08:56:52Z TRACE [msg.payload] {"id":506,"comp":1,"evap":{"in":28.1,"out":19.3,"fan":50},"cond":{"in":32.7,"out":46.2,"fan":100}}
2025/09/12 08:56:53Z TRACE [msg.payload] {"id":506,"hb":2712}
2025/09/12 08:56:53Z TRACE [msg.payload] {"id":506,"comp":1,"evap":{"in":28.2,"out":19.6,"fan":50},"cond":{"in":32.4,"out":46,"fan":100}}
2025/09/12 08:56:54Z TRACE [msg.payload] {"id":506,"hb":2713}
2025/09/12 08:56:54Z TRACE [msg.payload] {"id":506,"comp":1,"evap":{"in":27.9,"out":19.6,"fan":50},"cond":{"in":32.4,"out":46,"fan":100}}
2025/09/12 08:56:55Z TRACE [msg.payload] {"id":506,"hb":2714}
2025/09/12 08:56:55Z TRACE [msg.payload] {"id":506,"comp":1,"evap":{"in":27.6,"out":19.3,"fan":50},"cond":{"in":32.4,"out":46.2,"fan":100}}
2025/09/12 08:56:56Z TRACE [msg.payload] {"id":506,"hb":2715}
2025/09/12 08:56:56Z TRACE [msg.payload] {"id":506,"comp":1,"evap":{"in":27.8,"out":19.3,"fan":50},"cond":{"in":32.9,"out":46.2,"fan":100}}
2025/09/12 08:56:57Z TRACE [msg.payload] {"id":506,"hb":2716}
2025/09/12 08:56:57Z TRACE [msg.payload] {"id":506,"comp":1,"evap":{"in":27.7,"out":19.7,"fan":50},"cond":{"in":32.6,"out":45.8,"fan":100}}
2025/09/12 08:56:58Z TRACE [msg.payload] {"id":506,"hb":2717}
2025/09/12 08:56:58Z TRACE [msg.payload] {"id":506,"comp":1,"evap":{"in":27.9,"out":19.4,"fan":50},"cond":{"in":32.7,"out":46,"fan":100}}
2025/09/12 08:56:59Z TRACE [msg.payload] {"id":506,"hb":2718}
2025/09/12 08:56:59Z TRACE [msg.payload] {"id":506,"comp":1,"evap":{"in":27.6,"out":18.9,"fan":50},"cond":{"in":32.2,"out":45.8,"fan":100}}
2025/09/12 08:57:00Z TRACE [msg.payload] {"id":506,"hb":2719}
2025/09/12 08:57:00Z TRACE [msg.payload] {"id":506,"comp":1,"evap":{"in":27.6,"out":19.3,"fan":50},"cond":{"in":32.5,"out":45.9,"fan":100}}
2025/09/12 08:57:01Z TRACE [msg.payload] {"id":506,"hb":2720}
2025/09/12 08:57:01Z TRACE [msg.payload] {"id":506,"comp":1,"evap":{"in":27.9,"out":19.4,"fan":50},"cond":{"in":32.6,"out":46.2,"fan":100}}
2025/09/12 08:57:02Z TRACE [msg.payload] {"id":506,"hb":2721}
2025/09/12 08:57:02Z TRACE [msg.payload] {"id":506,"comp":1,"evap":{"in":27.5,"out":19.1,"fan":50},"cond":{"in":32.7,"out":46.3,"fan":100}}
2025/09/12 08:57:03Z TRACE [msg.payload] {"id":506,"hb":2722}
2025/09/12 08:57:03Z TRACE [msg.payload] {"id":506,"comp":1,"evap":{"in":27.8,"out":19.6,"fan":50},"cond":{"in":32.4,"out":46,"fan":100}}
2025/09/12 08:57:04Z TRACE [msg.payload] {"id":506,"hb":2723}
2025/09/12 08:57:04Z TRACE [msg.payload] {"id":506,"comp":1,"evap":{"in":27.8,"out":19.5,"fan":50},"cond":{"in":32.5,"out":46.2,"fan":100}}
2025/09/12 08:57:05Z TRACE [msg.payload] {"id":506,"hb":2724}
2025/09/12 08:57:05Z TRACE [msg.payload] {"id":506,"comp":1,"evap":{"in":27.4,"out":19.4,"fan":50},"cond":{"in":32.5,"out":46,"fan":100}}
2025/09/12 08:57:06Z TRACE [msg.payload] {"id":506,"hb":2725}
2025/09/12 08:57:06Z TRACE [msg.payload] {"id":506,"comp":1,"evap":{"in":27.5,"out":19.3,"fan":50},"cond":{"in":32.7,"out":46.5,"fan":100}}
2025/09/12 08:57:07Z TRACE [msg.payload] {"id":506,"hb":2726}
2025/09/12 08:57:07Z TRACE [msg.payload] {"id":506,"comp":1,"evap":{"in":27.3,"out":19,"fan":50},"cond":{"in":32.4,"out":45.7,"fan":100}}
2025/09/12 08:57:08Z TRACE [msg.payload] {"id":506,"hb":2727}
2025/09/12 08:57:08Z TRACE [msg.payload] {"id":506,"comp":1,"evap":{"in":27.6,"out":19.8,"fan":50},"cond":{"in":32.5,"out":46.3,"fan":100}}
2025/09/12 08:57:09Z TRACE [msg.payload] {"id":506,"hb":2728}
2025/09/12 08:57:09Z TRACE [msg.payload] {"id":506,"comp":1,"evap":{"in":27.3,"out":18.8,"fan":50},"cond":{"in":32.5,"out":45.7,"fan":100}}
2025/09/12 08:57:10Z TRACE [msg.payload] {"id":506,"hb":2729}
2025/09/12 08:57:10Z TRACE [msg.payload] {"id":506,"comp":1,"evap":{"in":27.3,"out":19.5,"fan":50},"cond":{"in":32.6,"out":46,"fan":100}}
2025/09/12 08:57:11Z TRACE [msg.payload] {"id":506,"hb":2730}
2025/09/12 08:57:11Z TRACE [msg.payload] {"id":506,"comp":1,"evap":{"in":27.2,"out":19,"fan":50},"cond":{"in":32.7,"out":46.2,"fan":100}}
2025/09/12 08:57:12Z TRACE [msg.payload] {"id":506,"hb":2731}
2025/09/12 08:57:12Z TRACE [msg.payload] {"id":506,"comp":1,"evap":{"in":27.5,"out":19,"fan":50},"cond":{"in":32.9,"out":46.1,"fan":100}}
2025/09/12 08:57:13Z TRACE [msg.payload] {"id":506,"hb":2732}
2025/09/12 08:57:13Z TRACE [msg.payload] {"id":506,"comp":1,"evap":{"in":27.6,"out":19.4,"fan":50},"cond":{"in":32.4,"out":46,"fan":100}}
2025/09/12 08:57:14Z TRACE [msg.payload] {"id":506,"hb":2733}
2025/09/12 08:57:14Z TRACE [msg.payload] {"id":506,"comp":1,"evap":{"in":27.5,"out":19.5,"fan":50},"cond":{"in":32.4,"out":46.1,"fan":100}}
2025/09/12 08:57:15Z TRACE [msg.payload] {"id":506,"hb":2734}
2025/09/12 08:57:15Z TRACE [msg.payload] {"id":506,"comp":1,"evap":{"in":27.2,"out":18.9,"fan":50},"cond":{"in":33.5,"out":46.2,"fan":100}}
2025/09/12 08:57:16Z TRACE [msg.payload] {"id":506,"hb":2735}
2025/09/12 08:57:16Z TRACE [msg.payload] {"id":506,"comp":1,"evap":{"in":27.2,"out":19,"fan":50},"cond":{"in":32.6,"out":46.2,"fan":100}}
2025/09/12 08:57:17Z TRACE [msg.payload] {"id":506,"hb":2736}
2025/09/12 08:57:17Z TRACE [msg.payload] {"id":506,"comp":1,"evap":{"in":27.5,"out":19.3,"fan":50},"cond":{"in":32.5,"out":46,"fan":100}}
2025/09/12 08:57:18Z TRACE [msg.payload] {"id":506,"hb":2737}
2025/09/12 08:57:18Z TRACE [msg.payload] {"id":506,"comp":1,"evap":{"in":27.5,"out":19.3,"fan":50},"cond":{"in":32.4,"out":45.9,"fan":100}}
2025/09/12 08:57:19Z TRACE [msg.payload] {"id":506,"hb":2738}
2025/09/12 08:57:19Z TRACE [msg.payload] {"id":506,"comp":1,"evap":{"in":27.3,"out":17.9,"fan":50},"cond":{"in":32.4,"out":46,"fan":100}}
2025/09/12 08:57:20Z TRACE [msg.payload] {"id":506,"hb":2739}
2025/09/12 08:57:20Z TRACE [msg.payload] {"id":506,"comp":1,"evap":{"in":27.5,"out":19.3,"fan":50},"cond":{"in":32.6,"out":45.7,"fan":100}}
2025/09/12 08:57:21Z TRACE [msg.payload] {"id":506,"hb":2740}
2025/09/12 08:57:21Z TRACE [msg.payload] {"id":506,"comp":1,"evap":{"in":27.3,"out":19,"fan":50},"cond":{"in":34.3,"out":46.1,"fan":100}}
2025/09/12 08:57:22Z TRACE [msg.payload] {"id":506,"hb":2741}
2025/09/12 08:57:22Z TRACE [msg.payload] {"id":506,"comp":1,"evap":{"in":27.3,"out":19,"fan":50},"cond":{"in":32.8,"out":46.2,"fan":100}}
2025/09/12 08:57:23Z TRACE [msg.payload] {"id":506,"hb":2742}
2025/09/12 08:57:23Z TRACE [msg.payload] {"id":506,"comp":1,"evap":{"in":27.3,"out":19.4,"fan":50},"cond":{"in":32.5,"out":46,"fan":100}}
2025/09/12 08:57:24Z TRACE [msg.payload] {"id":506,"hb":2743}
2025/09/12 08:57:24Z TRACE [msg.payload] {"id":506,"comp":1,"evap":{"in":27.5,"out":19.2,"fan":50},"cond":{"in":32.4,"out":46,"fan":100}}
2025/09/12 08:57:25Z TRACE [msg.payload] {"id":506,"hb":2744}
2025/09/12 08:57:25Z TRACE [msg.payload] {"id":506,"comp":1,"evap":{"in":27.2,"out":18.9,"fan":50},"cond":{"in":32.4,"out":46.3,"fan":100}}
2025/09/12 08:57:26Z TRACE [msg.payload] {"id":506,"hb":2745}
2025/09/12 08:57:26Z TRACE [msg.payload] {"id":506,"comp":1,"evap":{"in":27.3,"out":19.1,"fan":50},"cond":{"in":32.4,"out":46.2,"fan":100}}
2025/09/12 08:57:27Z TRACE [msg.payload] {"id":506,"hb":2746}
2025/09/12 08:57:27Z TRACE [msg.payload] {"id":506,"comp":1,"evap":{"in":27.6,"out":19.4,"fan":50},"cond":{"in":32.7,"out":46.1,"fan":100}}
2025/09/12 08:57:28Z TRACE [msg.payload] {"id":506,"hb":2747}
2025/09/12 08:57:28Z TRACE [msg.payload] {"id":506,"comp":1,"evap":{"in":27.5,"out":18.9,"fan":50},"cond":{"in":32.7,"out":46.2,"fan":100}}
2025/09/12 08:57:29Z TRACE [msg.payload] {"id":506,"hb":2748}
2025/09/12 08:57:29Z TRACE [msg.payload] {"id":506,"comp":1,"evap":{"in":27.3,"out":19.3,"fan":50},"cond":{"in":32.4,"out":45.9,"fan":100}}
2025/09/12 08:57:30Z TRACE [msg.payload] {"id":506,"hb":2749}
2025/09/12 08:57:30Z TRACE [msg.payload] {"id":506,"comp":1,"evap":{"in":27.6,"out":19.3,"fan":50},"cond":{"in":32.4,"out":44.9,"fan":100}}
2025/09/12 08:57:31Z TRACE [msg.payload] {"id":506,"hb":2750}
2025/09/12 08:57:31Z TRACE [msg.payload] {"id":506,"comp":1,"evap":{"in":27.3,"out":18.6,"fan":50},"cond":{"in":32.4,"out":46,"fan":100}}
2025/09/12 08:57:32Z TRACE [msg.payload] {"id":506,"hb":2751}
2025/09/12 08:57:32Z TRACE [msg.payload] {"id":506,"comp":1,"evap":{"in":27,"out":18.9,"fan":50},"cond":{"in":32.7,"out":46.3,"fan":100}}
2025/09/12 08:57:33Z TRACE [msg.payload] {"id":506,"hb":2752}
2025/09/12 08:57:33Z TRACE [msg.payload] {"id":506,"comp":1,"evap":{"in":27.5,"out":19.4,"fan":50},"cond":{"in":32.6,"out":46,"fan":100}}
2025/09/12 08:57:34Z TRACE [msg.payload] {"id":506,"hb":2753}
2025/09/12 08:57:34Z TRACE [msg.payload] {"id":506,"comp":1,"evap":{"in":27.3,"out":19.3,"fan":50},"cond":{"in":32.4,"out":45.9,"fan":100}}
2025/09/12 08:57:35Z TRACE [msg.payload] {"id":506,"hb":2754}
2025/09/12 08:57:35Z TRACE [msg.payload] {"id":506,"comp":1,"evap":{"in":27.3,"out":19,"fan":50},"cond":{"in":32.3,"out":46.2,"fan":100}}
2025/09/12 08:57:36Z TRACE [msg.payload] {"id":506,"hb":2755}
2025/09/12 08:57:36Z TRACE [msg.payload] {"id":506,"comp":1,"evap":{"in":27,"out":19,"fan":50},"cond":{"in":32.2,"out":46.3,"fan":100}}
2025/09/12 08:57:37Z TRACE [msg.payload] {"id":506,"hb":2756}
2025/09/12 08:57:37Z TRACE [msg.payload] {"id":506,"comp":1,"evap":{"in":27.4,"out":19,"fan":50},"cond":{"in":32.6,"out":46,"fan":100}}
2025/09/12 08:57:38Z TRACE [msg.payload] {"id":506,"hb":2757}
2025/09/12 08:57:38Z TRACE [msg.payload] {"id":506,"comp":1,"evap":{"in":27.3,"out":19.4,"fan":50},"cond":{"in":32.8,"out":46.1,"fan":100}}
2025/09/12 08:57:39Z TRACE [msg.payload] {"id":506,"hb":2758}
2025/09/12 08:57:39Z TRACE [msg.payload] {"id":506,"comp":1,"evap":{"in":27.6,"out":19.6,"fan":50},"cond":{"in":32.3,"out":45.1,"fan":100}}
2025/09/12 08:57:40Z TRACE [msg.payload] {"id":506,"hb":2759}
2025/09/12 08:57:40Z TRACE [msg.payload] {"id":506,"comp":1,"evap":{"in":27,"out":19.1,"fan":50},"cond":{"in":32.4,"out":45.7,"fan":100}}
2025/09/12 08:57:41Z TRACE [msg.payload] {"id":506,"hb":2760}
2025/09/12 08:57:41Z TRACE [msg.payload] {"id":506,"comp":1,"evap":{"in":27.3,"out":18.9,"fan":50},"cond":{"in":32.5,"out":46.1,"fan":100}}
2025/09/12 08:57:42Z TRACE [msg.payload] {"id":506,"hb":2761}
2025/09/12 08:57:42Z TRACE [msg.payload] {"id":506,"comp":1,"evap":{"in":27.1,"out":19,"fan":50},"cond":{"in":32.8,"out":46.1,"fan":100}}
2025/09/12 08:57:43Z TRACE [msg.payload] {"id":506,"hb":2762}
2025/09/12 08:57:43Z TRACE [msg.payload] {"id":506,"comp":1,"evap":{"in":27.5,"out":19.3,"fan":50},"cond":{"in":32.8,"out":45.8,"fan":100}}
2025/09/12 08:57:44Z TRACE [msg.payload] {"id":506,"hb":2763}
2025/09/12 08:57:44Z TRACE [msg.payload] {"id":506,"comp":1,"evap":{"in":27.4,"out":19.3,"fan":50},"cond":{"in":33.6,"out":45.7,"fan":100}}
2025/09/12 08:57:45Z TRACE [msg.payload] {"id":506,"hb":2764}
2025/09/12 08:57:45Z TRACE [msg.payload] {"id":506,"comp":1,"evap":{"in":27.2,"out":18.7,"fan":50},"cond":{"in":32.5,"out":46.2,"fan":100}}
2025/09/12 08:57:46Z TRACE [msg.payload] {"id":506,"hb":2765}
2025/09/12 08:57:46Z TRACE [msg.payload] {"id":506,"comp":1,"evap":{"in":27,"out":18.9,"fan":50},"cond":{"in":32.4,"out":46,"fan":100}}
2025/09/12 08:57:47Z TRACE [msg.payload] {"id":506,"hb":2766}
2025/09/12 08:57:47Z TRACE [msg.payload] {"id":506,"comp":1,"evap":{"in":27.5,"out":18.9,"fan":50},"cond":{"in":32.7,"out":46,"fan":100}}
2025/09/12 08:57:48Z TRACE [msg.payload] {"id":506,"hb":2767}
2025/09/12 08:57:48Z TRACE [msg.payload] {"id":506,"comp":1,"evap":{"in":27.4,"out":18.7,"fan":50},"cond":{"in":32.6,"out":45.9,"fan":100}}
2025/09/12 08:57:49Z TRACE [msg.payload] {"id":506,"hb":2768}
2025/09/12 08:57:49Z TRACE [msg.payload] {"id":506,"comp":1,"evap":{"in":27.2,"out":19.1,"fan":50},"cond":{"in":32.5,"out":46,"fan":100}}
2025/09/12 08:57:50Z TRACE [msg.payload] {"id":506,"hb":2769}
2025/09/12 08:57:50Z TRACE [msg.payload] {"id":506,"comp":1,"evap":{"in":27.4,"out":19.3,"fan":50},"cond":{"in":32.4,"out":46,"fan":100}}
2025/09/12 08:57:51Z TRACE [msg.payload] {"id":506,"hb":2770}
2025/09/12 08:57:51Z TRACE [msg.payload] {"id":506,"comp":1,"evap":{"in":27.2,"out":19.2,"fan":50},"cond":{"in":32.4,"out":46.1,"fan":100}}
2025/09/12 08:57:52Z TRACE [msg.payload] {"id":506,"hb":2771}
2025/09/12 08:57:52Z TRACE [msg.payload] {"id":506,"comp":1,"evap":{"in":27.3,"out":18.9,"fan":50},"cond":{"in":32.6,"out":46.1,"fan":100}}
2025/09/12 08:57:53Z TRACE [msg.payload] {"id":506,"hb":2772}
2025/09/12 08:57:53Z TRACE [msg.payload] {"id":506,"comp":1,"evap":{"in":27.3,"out":19.1,"fan":50},"cond":{"in":32.3,"out":45.8,"fan":100}}
2025/09/12 08:57:54Z TRACE [msg.payload] {"id":506,"hb":2773}
2025/09/12 08:57:54Z TRACE [msg.payload] {"id":506,"comp":1,"evap":{"in":27.2,"out":19.1,"fan":50},"cond":{"in":32.6,"out":44.9,"fan":100}}
2025/09/12 08:57:55Z TRACE [msg.payload] {"id":506,"hb":2774}
2025/09/12 08:57:55Z TRACE [msg.payload] {"id":506,"comp":1,"evap":{"in":27.2,"out":19,"fan":50},"cond":{"in":32.6,"out":45.7,"fan":100}}
2025/09/12 08:57:56Z TRACE [msg.payload] {"id":506,"hb":2775}
2025/09/12 08:57:56Z TRACE [msg.payload] {"id":506,"comp":1,"evap":{"in":27,"out":19,"fan":50},"cond":{"in":32.5,"out":45.8,"fan":100}}
2025/09/12 08:57:57Z TRACE [msg.payload] {"id":506,"hb":2776}
2025/09/12 08:57:57Z TRACE [msg.payload] {"id":506,"comp":1,"evap":{"in":27.5,"out":18.8,"fan":50},"cond":{"in":32.7,"out":46.2,"fan":100}}
2025/09/12 08:57:58Z TRACE [msg.payload] {"id":506,"hb":2777}
2025/09/12 08:57:58Z TRACE [msg.payload] {"id":506,"comp":1,"evap":{"in":27.7,"out":18.7,"fan":50},"cond":{"in":32.9,"out":46.2,"fan":100}}
2025/09/12 08:57:59Z TRACE [msg.payload] {"id":506,"hb":2778}
2025/09/12 08:57:59Z TRACE [msg.payload] {"id":506,"comp":1,"evap":{"in":27.3,"out":19,"fan":50},"cond":{"in":32.4,"out":45.9,"fan":100}}
2025/09/12 08:58:00Z TRACE [msg.payload] {"id":506,"hb":2779}
2025/09/12 08:58:00Z TRACE [msg.payload] {"id":506,"comp":1,"evap":{"in":27.3,"out":19.1,"fan":50},"cond":{"in":32.4,"out":45.8,"fan":100}}
2025/09/12 08:58:01Z TRACE [msg.payload] {"id":506,"hb":2780}
2025/09/12 08:58:01Z TRACE [msg.payload] {"id":506,"comp":1,"evap":{"in":26.9,"out":18.7,"fan":50},"cond":{"in":32.2,"out":45.9,"fan":100}}
2025/09/12 08:58:02Z TRACE [msg.payload] {"id":506,"hb":2781}
2025/09/12 08:58:02Z TRACE [msg.payload] {"id":506,"comp":1,"evap":{"in":27,"out":18.8,"fan":50},"cond":{"in":32.3,"out":45.8,"fan":100}}
2025/09/12 08:58:03Z TRACE [msg.payload] {"id":506,"hb":2782}
2025/09/12 08:58:03Z TRACE [msg.payload] {"id":506,"comp":1,"evap":{"in":27.4,"out":19,"fan":50},"cond":{"in":32.7,"out":45.9,"fan":100}}
2025/09/12 08:58:04Z TRACE [msg.payload] {"id":506,"hb":2783}
2025/09/12 08:58:04Z TRACE [msg.payload] {"id":506,"comp":1,"evap":{"in":27.4,"out":19.2,"fan":50},"cond":{"in":32.6,"out":46,"fan":100}}
2025/09/12 08:58:05Z TRACE [msg.payload] {"id":506,"hb":2784}
2025/09/12 08:58:05Z TRACE [msg.payload] {"id":506,"comp":1,"evap":{"in":27.1,"out":18.7,"fan":50},"cond":{"in":32.3,"out":46,"fan":100}}
2025/09/12 08:58:06Z TRACE [msg.payload] {"id":506,"hb":2785}
2025/09/12 08:58:06Z TRACE [msg.payload] {"id":506,"comp":1,"evap":{"in":27.2,"out":19,"fan":50},"cond":{"in":32.5,"out":45.8,"fan":100}}
2025/09/12 08:58:07Z TRACE [msg.payload] {"id":506,"hb":2786}
2025/09/12 08:58:07Z TRACE [msg.payload] {"id":506,"comp":1,"evap":{"in":27.3,"out":18.7,"fan":50},"cond":{"in":32.6,"out":46.1,"fan":100}}
2025/09/12 08:58:08Z TRACE [msg.payload] {"id":506,"hb":2787}
2025/09/12 08:58:08Z TRACE [msg.payload] {"id":506,"comp":1,"evap":{"in":26.9,"out":18.7,"fan":50},"cond":{"in":32.7,"out":45.8,"fan":100}}
2025/09/12 08:58:09Z TRACE [msg.payload] {"id":506,"hb":2788}
2025/09/12 08:58:09Z TRACE [msg.payload] {"id":506,"comp":1,"evap":{"in":27.3,"out":18.9,"fan":50},"cond":{"in":32.6,"out":45.9,"fan":100}}
2025/09/12 08:58:10Z TRACE [msg.payload] {"id":506,"hb":2789}
2025/09/12 08:58:10Z TRACE [msg.payload] {"id":506,"comp":1,"evap":{"in":27.3,"out":19,"fan":50},"cond":{"in":32.4,"out":45.8,"fan":100}}
2025/09/12 08:58:11Z TRACE [msg.payload] {"id":506,"hb":2790}
2025/09/12 08:58:11Z TRACE [msg.payload] {"id":506,"comp":1,"evap":{"in":27.2,"out":19,"fan":50},"cond":{"in":32.3,"out":46.1,"fan":100}}
2025/09/12 08:58:12Z TRACE [msg.payload] {"id":506,"hb":2791}
2025/09/12 08:58:12Z TRACE [msg.payload] {"id":506,"comp":1,"evap":{"in":26.7,"out":19,"fan":50},"cond":{"in":32.2,"out":45.6,"fan":100}}
2025/09/12 08:58:13Z TRACE [msg.payload] {"id":506,"hb":2792}
2025/09/12 08:58:13Z TRACE [msg.payload] {"id":506,"comp":1,"evap":{"in":27.2,"out":19.2,"fan":50},"cond":{"in":32.5,"out":45.7,"fan":100}}
2025/09/12 08:58:14Z TRACE [msg.payload] {"id":506,"hb":2793}
2025/09/12 08:58:14Z TRACE [msg.payload] {"id":506,"comp":1,"evap":{"in":27.3,"out":19.2,"fan":50},"cond":{"in":32.7,"out":46.2,"fan":100}}
2025/09/12 08:58:15Z TRACE [msg.payload] {"id":506,"hb":2794}
2025/09/12 08:58:15Z TRACE [msg.payload] {"id":506,"comp":1,"evap":{"in":27.1,"out":18.8,"fan":50},"cond":{"in":32.4,"out":45.7,"fan":100}}
2025/09/12 08:58:16Z TRACE [msg.payload] {"id":506,"hb":2795}
2025/09/12 08:58:16Z TRACE [msg.payload] {"id":506,"comp":1,"evap":{"in":27.2,"out":19,"fan":50},"cond":{"in":32.4,"out":45.9,"fan":100}}
2025/09/12 08:58:17Z TRACE [msg.payload] {"id":506,"hb":2796}
2025/09/12 08:58:17Z TRACE [msg.payload] {"id":506,"comp":1,"evap":{"in":27.3,"out":18.6,"fan":50},"cond":{"in":32.7,"out":46.2,"fan":100}}
2025/09/12 08:58:18Z TRACE [msg.payload] {"id":506,"hb":2797}
2025/09/12 08:58:18Z TRACE [msg.payload] {"id":506,"comp":1,"evap":{"in":27.2,"out":19,"fan":50},"cond":{"in":32.7,"out":45.8,"fan":100}}
2025/09/12 08:58:19Z TRACE [msg.payload] {"id":506,"hb":2798}
2025/09/12 08:58:19Z TRACE [msg.payload] {"id":506,"comp":1,"evap":{"in":27.3,"out":19,"fan":50},"cond":{"in":32.6,"out":45.7,"fan":100}}
2025/09/12 08:58:20Z TRACE [msg.payload] {"id":506,"hb":2799}
2025/09/12 08:58:20Z TRACE [msg.payload] {"id":506,"comp":1,"evap":{"in":27.9,"out":19,"fan":50},"cond":{"in":32.3,"out":45.9,"fan":100}}
2025/09/12 08:58:21Z TRACE [msg.payload] {"id":506,"hb":2800}
2025/09/12 08:58:21Z TRACE [msg.payload] {"id":506,"comp":1,"evap":{"in":27.4,"out":18.8,"fan":50},"cond":{"in":33.8,"out":46.5,"fan":100}}
2025/09/12 08:58:22Z TRACE [msg.payload] {"id":506,"hb":2801}
2025/09/12 08:58:22Z TRACE [msg.payload] {"id":506,"comp":1,"evap":{"in":27.2,"out":17.6,"fan":50},"cond":{"in":32.6,"out":45.8,"fan":100}}
2025/09/12 08:58:23Z TRACE [msg.payload] {"id":506,"hb":2802}
2025/09/12 08:58:23Z TRACE [msg.payload] {"id":506,"comp":1,"evap":{"in":26.5,"out":19,"fan":50},"cond":{"in":32.6,"out":46,"fan":100}}
2025/09/12 08:58:24Z TRACE [msg.payload] {"id":506,"hb":2803}
2025/09/12 08:58:24Z TRACE [msg.payload] {"id":506,"comp":1,"evap":{"in":27.3,"out":18.6,"fan":50},"cond":{"in":32.7,"out":46.2,"fan":100}}
2025/09/12 08:58:25Z TRACE [msg.payload] {"id":506,"hb":2804}
2025/09/12 08:58:25Z TRACE [msg.payload] {"id":506,"comp":1,"evap":{"in":27.1,"out":19.2,"fan":50},"cond":{"in":32.5,"out":45.9,"fan":100}}
2025/09/12 08:58:26Z TRACE [msg.payload] {"id":506,"hb":2805}
2025/09/12 08:58:26Z TRACE [msg.payload] {"id":506,"comp":1,"evap":{"in":27.3,"out":19,"fan":50},"cond":{"in":32.6,"out":45.7,"fan":100}}
2025/09/12 08:58:27Z TRACE [msg.payload] {"id":506,"hb":2806}
2025/09/12 08:58:27Z TRACE [msg.payload] {"id":506,"comp":1,"evap":{"in":27,"out":18.8,"fan":50},"cond":{"in":32.7,"out":46,"fan":100}}
2025/09/12 08:58:28Z TRACE [msg.payload] {"id":506,"hb":2807}
2025/09/12 08:58:28Z TRACE [msg.payload] {"id":506,"comp":1,"evap":{"in":25.6,"out":18.9,"fan":50},"cond":{"in":32.6,"out":45.9,"fan":100}}
2025/09/12 08:58:29Z TRACE [msg.payload] {"id":506,"hb":2808}
2025/09/12 08:58:29Z TRACE [msg.payload] {"id":506,"comp":1,"evap":{"in":27.5,"out":19,"fan":50},"cond":{"in":32.5,"out":45.7,"fan":100}}
2025/09/12 08:58:30Z TRACE [msg.payload] {"id":506,"hb":2809}
2025/09/12 08:58:30Z TRACE [msg.payload] {"id":506,"comp":1,"evap":{"in":25.5,"out":19,"fan":50},"cond":{"in":32.2,"out":45.8,"fan":100}}
2025/09/12 08:58:31Z TRACE [msg.payload] {"id":506,"hb":2810}
2025/09/12 08:58:31Z TRACE [msg.payload] {"id":506,"comp":1,"evap":{"in":27.2,"out":18.7,"fan":50},"cond":{"in":32.4,"out":46,"fan":100}}
2025/09/12 08:58:32Z TRACE [msg.payload] {"id":506,"hb":2811}
2025/09/12 08:58:32Z TRACE [msg.payload] {"id":506,"comp":1,"evap":{"in":27,"out":19,"fan":50},"cond":{"in":32.3,"out":45.8,"fan":100}}
2025/09/12 08:58:33Z TRACE [msg.payload] {"id":506,"hb":2812}
2025/09/12 08:58:33Z TRACE [msg.payload] {"id":506,"comp":1,"evap":{"in":27.5,"out":19.2,"fan":50},"cond":{"in":32.6,"out":46.1,"fan":100}}
2025/09/12 08:58:34Z TRACE [msg.payload] {"id":506,"hb":2813}
2025/09/12 08:58:34Z TRACE [msg.payload] {"id":506,"comp":1,"evap":{"in":27.3,"out":18.5,"fan":50},"cond":{"in":32.3,"out":46.2,"fan":100}}
2025/09/12 08:58:35Z TRACE [msg.payload] {"id":506,"hb":2814}
2025/09/12 08:58:35Z TRACE [msg.payload] {"id":506,"comp":1,"evap":{"in":26.9,"out":18.9,"fan":50},"cond":{"in":32.5,"out":45.8,"fan":100}}
2025/09/12 08:58:36Z TRACE [msg.payload] {"id":506,"hb":2815}
2025/09/12 08:58:36Z TRACE [msg.payload] {"id":506,"comp":1,"evap":{"in":27.2,"out":18.9,"fan":50},"cond":{"in":32.6,"out":45.9,"fan":100}}
2025/09/12 08:58:37Z TRACE [msg.payload] {"id":506,"hb":2816}
2025/09/12 08:58:37Z TRACE [msg.payload] {"id":506,"comp":1,"evap":{"in":27,"out":18.7,"fan":50},"cond":{"in":32.4,"out":46.3,"fan":100}}
2025/09/12 08:58:38Z TRACE [msg.payload] {"id":506,"hb":2817}
2025/09/12 08:58:38Z TRACE [msg.payload] {"id":506,"comp":1,"evap":{"in":27,"out":19,"fan":50},"cond":{"in":32.7,"out":46,"fan":100}}
2025/09/12 08:58:39Z TRACE [msg.payload] {"id":506,"hb":2818}
2025/09/12 08:58:39Z TRACE [msg.payload] {"id":506,"comp":1,"evap":{"in":27.2,"out":18.7,"fan":50},"cond":{"in":32.8,"out":45.7,"fan":100}}
2025/09/12 08:58:40Z TRACE [msg.payload] {"id":506,"hb":2819}
2025/09/12 08:58:40Z TRACE [msg.payload] {"id":506,"comp":1,"evap":{"in":27.4,"out":19,"fan":50},"cond":{"in":32.7,"out":46.6,"fan":100}}
2025/09/12 08:58:41Z TRACE [msg.payload] {"id":506,"hb":2820}
2025/09/12 08:58:41Z TRACE [msg.payload] {"id":506,"comp":1,"evap":{"in":26.9,"out":19,"fan":50},"cond":{"in":32.5,"out":45.8,"fan":100}}
2025/09/12 08:58:42Z TRACE [msg.payload] {"id":506,"hb":2821}
2025/09/12 08:58:42Z TRACE [msg.payload] {"id":506,"comp":1,"evap":{"in":26.7,"out":18.4,"fan":50},"cond":{"in":32.4,"out":45.6,"fan":100}}
2025/09/12 08:58:43Z TRACE [msg.payload] {"id":506,"hb":2822}
2025/09/12 08:58:43Z TRACE [msg.payload] {"id":506,"comp":1,"evap":{"in":27.4,"out":20.8,"fan":50},"cond":{"in":32.9,"out":46.1,"fan":100}}
2025/09/12 08:58:44Z TRACE [msg.payload] {"id":506,"hb":2823}
2025/09/12 08:58:44Z TRACE [msg.payload] {"id":506,"comp":1,"evap":{"in":27.3,"out":18.6,"fan":50},"cond":{"in":32.6,"out":45.9,"fan":100}}
2025/09/12 08:58:45Z TRACE [msg.payload] {"id":506,"hb":2824}
2025/09/12 08:58:45Z TRACE [msg.payload] {"id":506,"comp":1,"evap":{"in":27.3,"out":19,"fan":50},"cond":{"in":32.5,"out":45.8,"fan":100}}
2025/09/12 08:58:46Z TRACE [msg.payload] {"id":506,"hb":2825}
2025/09/12 08:58:46Z TRACE [msg.payload] {"id":506,"comp":1,"evap":{"in":27.3,"out":19,"fan":50},"cond":{"in":32.4,"out":45.9,"fan":100}}
2025/09/12 08:58:47Z TRACE [msg.payload] {"id":506,"hb":2826}
2025/09/12 08:58:47Z TRACE [msg.payload] {"id":506,"comp":1,"evap":{"in":27.1,"out":18.7,"fan":50},"cond":{"in":31.8,"out":45.8,"fan":100}}
2025/09/12 08:58:48Z TRACE [msg.payload] {"id":506,"hb":2827}
2025/09/12 08:58:48Z TRACE [msg.payload] {"id":506,"comp":1,"evap":{"in":26.8,"out":19,"fan":50},"cond":{"in":32.7,"out":46,"fan":100}}
2025/09/12 08:58:49Z TRACE [msg.payload] {"id":506,"hb":2828}
2025/09/12 08:58:49Z TRACE [msg.payload] {"id":506,"comp":1,"evap":{"in":27.5,"out":19,"fan":50},"cond":{"in":32.6,"out":46,"fan":100}}
2025/09/12 08:58:50Z TRACE [msg.payload] {"id":506,"hb":2829}
2025/09/12 08:58:50Z TRACE [msg.payload] {"id":506,"comp":1,"evap":{"in":27.3,"out":19,"fan":50},"cond":{"in":32.6,"out":46,"fan":100}}
2025/09/12 08:58:51Z TRACE [msg.payload] {"id":506,"hb":2830}
2025/09/12 08:58:51Z TRACE [msg.payload] {"id":506,"comp":1,"evap":{"in":27,"out":19,"fan":50},"cond":{"in":32.6,"out":45.8,"fan":100}}
2025/09/12 08:58:52Z TRACE [msg.payload] {"id":506,"hb":2831}
2025/09/12 08:58:52Z TRACE [msg.payload] {"id":506,"comp":1,"evap":{"in":27,"out":19,"fan":50},"cond":{"in":32.4,"out":45.7,"fan":100}}
2025/09/12 08:58:53Z TRACE [msg.payload] {"id":506,"hb":2832}
2025/09/12 08:58:53Z TRACE [msg.payload] {"id":506,"comp":1,"evap":{"in":27.6,"out":18.6,"fan":50},"cond":{"in":32.8,"out":45.9,"fan":100}}
2025/09/12 08:58:54Z TRACE [msg.payload] {"id":506,"hb":2833}
2025/09/12 08:58:54Z TRACE [msg.payload] {"id":506,"comp":1,"evap":{"in":27.5,"out":18.8,"fan":50},"cond":{"in":32.7,"out":46,"fan":100}}
2025/09/12 08:58:55Z TRACE [msg.payload] {"id":506,"hb":2834}
2025/09/12 08:58:56Z TRACE [msg.payload] {"id":506,"comp":1,"evap":{"in":27.3,"out":19,"fan":50},"cond":{"in":32.1,"out":45.8,"fan":100}}
2025/09/12 08:58:56Z TRACE [msg.payload] {"id":506,"hb":2835}
2025/09/12 08:58:56Z TRACE [msg.payload] {"id":506,"comp":1,"evap":{"in":27.3,"out":19,"fan":50},"cond":{"in":32.4,"out":45.8,"fan":100}}
2025/09/12 08:58:57Z TRACE [msg.payload] {"id":506,"hb":2836}
2025/09/12 08:58:57Z TRACE [msg.payload] {"id":506,"comp":1,"evap":{"in":27,"out":21.1,"fan":50},"cond":{"in":32.6,"out":46.1,"fan":100}}
2025/09/12 08:58:58Z TRACE [msg.payload] {"id":506,"hb":2837}
2025/09/12 08:58:58Z TRACE [msg.payload] {"id":506,"comp":1,"evap":{"in":26.2,"out":18.6,"fan":50},"cond":{"in":32.8,"out":46.1,"fan":100}}
2025/09/12 08:58:59Z TRACE [msg.payload] {"id":506,"hb":2838}
2025/09/12 08:58:59Z TRACE [msg.payload] {"id":506,"comp":1,"evap":{"in":27.4,"out":19.1,"fan":50},"cond":{"in":32.6,"out":46,"fan":100}}
2025/09/12 08:59:00Z TRACE [msg.payload] {"id":506,"hb":2839}
2025/09/12 08:59:01Z TRACE [msg.payload] {"id":506,"comp":1,"evap":{"in":27,"out":18.7,"fan":50},"cond":{"in":32.1,"out":45.9,"fan":100}}
2025/09/12 08:59:01Z TRACE [msg.payload] {"id":506,"hb":2840}
2025/09/12 08:59:02Z TRACE [msg.payload] {"id":506,"comp":1,"evap":{"in":27.3,"out":19,"fan":50},"cond":{"in":32.4,"out":45.8,"fan":100}}
2025/09/12 08:59:02Z TRACE [msg.payload] {"id":506,"hb":2841}
2025/09/12 08:59:03Z TRACE [msg.payload] {"id":506,"comp":1,"evap":{"in":27.1,"out":18.8,"fan":50},"cond":{"in":32.2,"out":45.7,"fan":100}}
2025/09/12 08:59:03Z TRACE [msg.payload] {"id":506,"hb":2842}
2025/09/12 08:59:04Z TRACE [msg.payload] {"id":506,"comp":1,"evap":{"in":27.2,"out":18.7,"fan":50},"cond":{"in":32.6,"out":45.9,"fan":100}}
2025/09/12 08:59:04Z TRACE [msg.payload] {"id":506,"hb":2843}
2025/09/12 08:59:05Z TRACE [msg.payload] {"id":506,"comp":1,"evap":{"in":27.3,"out":18.4,"fan":50},"cond":{"in":32.7,"out":45.8,"fan":100}}
2025/09/12 08:59:05Z TRACE [msg.payload] {"id":506,"hb":2844}
2025/09/12 08:59:06Z TRACE [msg.payload] {"id":506,"comp":1,"evap":{"in":27.3,"out":19,"fan":50},"cond":{"in":32.7,"out":45.8,"fan":100}}
2025/09/12 08:59:06Z TRACE [msg.payload] {"id":506,"hb":2845}
2025/09/12 08:59:07Z TRACE [msg.payload] {"id":506,"comp":1,"evap":{"in":27.3,"out":18.8,"fan":50},"cond":{"in":32.3,"out":45.7,"fan":100}}
2025/09/12 08:59:07Z TRACE [msg.payload] {"id":506,"hb":2846}
2025/09/12 08:59:08Z TRACE [msg.payload] {"id":506,"comp":1,"evap":{"in":27.1,"out":18.6,"fan":50},"cond":{"in":32.8,"out":46.1,"fan":100}}
2025/09/12 08:59:08Z TRACE [msg.payload] {"id":506,"hb":2847}
2025/09/12 08:59:09Z TRACE [msg.payload] {"id":506,"comp":1,"evap":{"in":27,"out":18.6,"fan":50},"cond":{"in":32,"out":45.9,"fan":100}}
2025/09/12 08:59:09Z TRACE [msg.payload] {"id":506,"hb":2848}
2025/09/12 08:59:10Z TRACE [msg.payload] {"id":506,"comp":1,"evap":{"in":27.3,"out":18.5,"fan":50},"cond":{"in":32.6,"out":46,"fan":100}}
2025/09/12 08:59:10Z TRACE [msg.payload] {"id":506,"hb":2849}
2025/09/12 08:59:11Z TRACE [msg.payload] {"id":506,"comp":1,"evap":{"in":27.3,"out":19.1,"fan":50},"cond":{"in":32.8,"out":45.9,"fan":100}}
2025/09/12 08:59:11Z TRACE [msg.payload] {"id":506,"hb":2850}
2025/09/12 08:59:12Z TRACE [msg.payload] {"id":506,"comp":1,"evap":{"in":27.5,"out":18.9,"fan":50},"cond":{"in":32.5,"out":45.8,"fan":100}}
2025/09/12 08:59:12Z TRACE [msg.payload] {"id":506,"hb":2851}
2025/09/12 08:59:13Z TRACE [msg.payload] {"id":506,"comp":1,"evap":{"in":27.1,"out":19.1,"fan":50},"cond":{"in":32.4,"out":45.8,"fan":100}}
2025/09/12 08:59:13Z TRACE [msg.payload] {"id":506,"hb":2852}
2025/09/12 08:59:14Z TRACE [msg.payload] {"id":506,"comp":1,"evap":{"in":27.1,"out":18.5,"fan":50},"cond":{"in":32.7,"out":46,"fan":100}}
2025/09/12 08:59:14Z TRACE [msg.payload] {"id":506,"hb":2853}
2025/09/12 08:59:15Z TRACE [msg.payload] {"id":506,"comp":1,"evap":{"in":27,"out":18.6,"fan":50},"cond":{"in":32.7,"out":45.9,"fan":100}}
2025/09/12 08:59:15Z TRACE [msg.payload] {"id":506,"hb":2854}
2025/09/12 08:59:16Z TRACE [msg.payload] {"id":506,"comp":1,"evap":{"in":27.3,"out":19.3,"fan":50},"cond":{"in":32.3,"out":45.8,"fan":100}}
2025/09/12 08:59:16Z TRACE [msg.payload] {"id":506,"hb":2855}
2025/09/12 08:59:17Z TRACE [msg.payload] {"id":506,"comp":1,"evap":{"in":27.3,"out":18.7,"fan":50},"cond":{"in":32.4,"out":46,"fan":100}}
2025/09/12 08:59:17Z TRACE [msg.payload] {"id":506,"hb":2856}
2025/09/12 08:59:18Z TRACE [msg.payload] {"id":506,"comp":1,"evap":{"in":27,"out":18.4,"fan":50},"cond":{"in":32.2,"out":46.2,"fan":100}}
2025/09/12 08:59:18Z TRACE [msg.payload] {"id":506,"hb":2857}
2025/09/12 08:59:19Z TRACE [msg.payload] {"id":506,"comp":1,"evap":{"in":27.1,"out":17.9,"fan":50},"cond":{"in":32.2,"out":46,"fan":100}}
2025/09/12 08:59:19Z TRACE [msg.payload] {"id":506,"hb":2858}
2025/09/12 08:59:20Z TRACE [msg.payload] {"id":506,"comp":1,"evap":{"in":27.2,"out":19.2,"fan":50},"cond":{"in":32.7,"out":45.8,"fan":100}}
2025/09/12 08:59:20Z TRACE [msg.payload] {"id":506,"hb":2859}
2025/09/12 08:59:21Z TRACE [msg.payload] {"id":506,"comp":1,"evap":{"in":27.5,"out":19.3,"fan":50},"cond":{"in":32.6,"out":45.9,"fan":100}}
2025/09/12 08:59:21Z TRACE [msg.payload] {"id":506,"hb":2860}
2025/09/12 08:59:22Z TRACE [msg.payload] {"id":506,"comp":1,"evap":{"in":27.3,"out":19,"fan":50},"cond":{"in":32.2,"out":45.8,"fan":100}}
2025/09/12 08:59:22Z TRACE [msg.payload] {"id":506,"hb":2861}
2025/09/12 08:59:23Z TRACE [msg.payload] {"id":506,"comp":1,"evap":{"in":27.2,"out":19,"fan":50},"cond":{"in":32.2,"out":45.5,"fan":100}}
2025/09/12 08:59:23Z TRACE [msg.payload] {"id":506,"hb":2862}
2025/09/12 08:59:24Z TRACE [msg.payload] {"id":506,"comp":1,"evap":{"in":27,"out":18.5,"fan":50},"cond":{"in":32.7,"out":45.6,"fan":100}}
2025/09/12 08:59:24Z TRACE [msg.payload] {"id":506,"hb":2863}
2025/09/12 08:59:25Z TRACE [msg.payload] {"id":506,"comp":1,"evap":{"in":27.1,"out":17.9,"fan":50},"cond":{"in":32.6,"out":45.9,"fan":100}}
2025/09/12 08:59:25Z TRACE [msg.payload] {"id":506,"hb":2864}
2025/09/12 08:59:26Z TRACE [msg.payload] {"id":506,"comp":1,"evap":{"in":27.4,"out":19,"fan":50},"cond":{"in":32.8,"out":45.8,"fan":100}}
2025/09/12 08:59:26Z TRACE [msg.payload] {"id":506,"hb":2865}
2025/09/12 08:59:27Z TRACE [msg.payload] {"id":506,"comp":1,"evap":{"in":27.4,"out":18.9,"fan":50},"cond":{"in":32.5,"out":45.8,"fan":100}}
2025/09/12 08:59:27Z TRACE [msg.payload] {"id":506,"hb":2866}
2025/09/12 08:59:28Z TRACE [msg.payload] {"id":506,"comp":1,"evap":{"in":26.9,"out":18.6,"fan":50},"cond":{"in":32.4,"out":45.7,"fan":100}}
2025/09/12 08:59:28Z TRACE [msg.payload] {"id":506,"hb":2867}
2025/09/12 08:59:29Z TRACE [msg.payload] {"id":506,"comp":1,"evap":{"in":27,"out":18.5,"fan":50},"cond":{"in":32.5,"out":46.4,"fan":100}}
2025/09/12 08:59:29Z TRACE [msg.payload] {"id":506,"hb":2868}
2025/09/12 08:59:30Z TRACE [msg.payload] {"id":506,"comp":1,"evap":{"in":27,"out":18.7,"fan":50},"cond":{"in":32.7,"out":45.9,"fan":100}}
2025/09/12 08:59:30Z TRACE [msg.payload] {"id":506,"hb":2869}
2025/09/12 08:59:31Z TRACE [msg.payload] {"id":506,"comp":1,"evap":{"in":27.5,"out":19.3,"fan":50},"cond":{"in":32.6,"out":46,"fan":100}}
2025/09/12 08:59:31Z TRACE [msg.payload] {"id":506,"hb":2870}
2025/09/12 08:59:32Z TRACE [msg.payload] {"id":506,"comp":1,"evap":{"in":27.3,"out":19,"fan":50},"cond":{"in":32.3,"out":45.7,"fan":100}}
2025/09/12 08:59:32Z TRACE [msg.payload] {"id":506,"hb":2871}
2025/09/12 08:59:33Z TRACE [msg.payload] {"id":506,"comp":1,"evap":{"in":27.3,"out":19,"fan":50},"cond":{"in":32.2,"out":45.6,"fan":100}}
2025/09/12 08:59:33Z TRACE [msg.payload] {"id":506,"hb":2872}
2025/09/12 08:59:34Z TRACE [msg.payload] {"id":506,"comp":1,"evap":{"in":27,"out":18.6,"fan":50},"cond":{"in":32.9,"out":46,"fan":100}}
2025/09/12 08:59:34Z TRACE [msg.payload] {"id":506,"hb":2873}
2025/09/12 08:59:35Z TRACE [msg.payload] {"id":506,"comp":1,"evap":{"in":27.2,"out":18.6,"fan":50},"cond":{"in":32.6,"out":46,"fan":100}}
2025/09/12 08:59:35Z TRACE [msg.payload] {"id":506,"hb":2874}
2025/09/12 08:59:36Z TRACE [msg.payload] {"id":506,"comp":1,"evap":{"in":27.3,"out":18.9,"fan":50},"cond":{"in":32.7,"out":46,"fan":100}}
2025/09/12 08:59:36Z TRACE [msg.payload] {"id":506,"hb":2875}
2025/09/12 08:59:37Z TRACE [msg.payload] {"id":506,"comp":1,"evap":{"in":27.4,"out":19,"fan":50},"cond":{"in":32.7,"out":45.7,"fan":100}}
2025/09/12 08:59:37Z TRACE [msg.payload] {"id":506,"hb":2876}
2025/09/12 08:59:38Z TRACE [msg.payload] {"id":506,"comp":1,"evap":{"in":27,"out":14.9,"fan":50},"cond":{"in":32.4,"out":45.8,"fan":100}}
2025/09/12 08:59:38Z TRACE [msg.payload] {"id":506,"hb":2877}
2025/09/12 08:59:39Z TRACE [msg.payload] {"id":506,"comp":1,"evap":{"in":26.7,"out":18.7,"fan":50},"cond":{"in":32.3,"out":45.6,"fan":100}}
2025/09/12 08:59:39Z TRACE [msg.payload] {"id":506,"hb":2878}
2025/09/12 08:59:40Z TRACE [msg.payload] {"id":506,"comp":1,"evap":{"in":27.3,"out":18.6,"fan":50},"cond":{"in":32.7,"out":46.1,"fan":100}}
2025/09/12 08:59:40Z TRACE [msg.payload] {"id":506,"hb":2879}
2025/09/12 08:59:41Z TRACE [msg.payload] {"id":506,"comp":1,"evap":{"in":27.3,"out":18.6,"fan":50},"cond":{"in":32.7,"out":46,"fan":100}}
2025/09/12 08:59:41Z TRACE [msg.payload] {"id":506,"hb":2880}
2025/09/12 08:59:42Z TRACE [msg.payload] {"id":506,"comp":1,"evap":{"in":27.3,"out":18.8,"fan":50},"cond":{"in":32.6,"out":45.7,"fan":100}}
2025/09/12 08:59:42Z TRACE [msg.payload] {"id":506,"hb":2881}
2025/09/12 08:59:43Z TRACE [msg.payload] {"id":506,"comp":1,"evap":{"in":27.3,"out":18.9,"fan":50},"cond":{"in":32.4,"out":45.7,"fan":100}}
2025/09/12 08:59:43Z TRACE [msg.payload] {"id":506,"hb":2882}
2025/09/12 08:59:44Z TRACE [msg.payload] {"id":506,"comp":1,"evap":{"in":27.1,"out":17.9,"fan":50},"cond":{"in":32.6,"out":45.9,"fan":100}}
2025/09/12 08:59:44Z TRACE [msg.payload] {"id":506,"hb":2883}
2025/09/12 08:59:45Z TRACE [msg.payload] {"id":506,"comp":1,"evap":{"in":27.1,"out":18.7,"fan":50},"cond":{"in":32.4,"out":46.1,"fan":100}}
2025/09/12 08:59:45Z TRACE [msg.payload] {"id":506,"hb":2884}
2025/09/12 08:59:46Z TRACE [msg.payload] {"id":506,"comp":1,"evap":{"in":27.3,"out":18.9,"fan":50},"cond":{"in":32.7,"out":45.6,"fan":100}}
2025/09/12 08:59:46Z TRACE [msg.payload] {"id":506,"hb":2885}
2025/09/12 08:59:47Z TRACE [msg.payload] {"id":506,"comp":1,"evap":{"in":27.5,"out":19,"fan":50},"cond":{"in":32.5,"out":45.7,"fan":100}}
2025/09/12 08:59:47Z TRACE [msg.payload] {"id":506,"hb":2886}
2025/09/12 08:59:48Z TRACE [msg.payload] {"id":506,"comp":1,"evap":{"in":27,"out":18.8,"fan":50},"cond":{"in":32.4,"out":45.7,"fan":100}}
2025/09/12 08:59:48Z TRACE [msg.payload] {"id":506,"hb":2887}
2025/09/12 08:59:49Z TRACE [msg.payload] {"id":506,"comp":1,"evap":{"in":27.1,"out":18.6,"fan":50},"cond":{"in":32.2,"out":45.7,"fan":100}}
2025/09/12 08:59:49Z TRACE [msg.payload] {"id":506,"hb":2888}
2025/09/12 08:59:50Z TRACE [msg.payload] {"id":506,"comp":1,"evap":{"in":26.7,"out":18.7,"fan":50},"cond":{"in":32.7,"out":46,"fan":100}}
2025/09/12 08:59:50Z TRACE [msg.payload] {"id":506,"hb":2889}
2025/09/12 08:59:51Z TRACE [msg.payload] {"id":506,"comp":1,"evap":{"in":27.6,"out":18.7,"fan":50},"cond":{"in":33.1,"out":45.9,"fan":100}}
2025/09/12 08:59:51Z TRACE [msg.payload] {"id":506,"hb":2890}
2025/09/12 08:59:52Z TRACE [msg.payload] {"id":506,"comp":1,"evap":{"in":27.3,"out":19,"fan":50},"cond":{"in":32.7,"out":45.7,"fan":100}}
2025/09/12 08:59:52Z TRACE [msg.payload] {"id":506,"hb":2891}
2025/09/12 08:59:53Z TRACE [msg.payload] {"id":506,"comp":1,"evap":{"in":27.3,"out":18.7,"fan":50},"cond":{"in":32.3,"out":45.7,"fan":100}}
2025/09/12 08:59:53Z TRACE [msg.payload] {"id":506,"hb":2892}
2025/09/12 08:59:54Z TRACE [msg.payload] {"id":506,"comp":1,"evap":{"in":26.9,"out":18.5,"fan":50},"cond":{"in":28.9,"out":46,"fan":100}}
2025/09/12 08:59:54Z TRACE [msg.payload] {"id":506,"hb":2893}
2025/09/12 08:59:55Z TRACE [msg.payload] {"id":506,"comp":1,"evap":{"in":27.2,"out":18.6,"fan":50},"cond":{"in":32.6,"out":46.1,"fan":100}}
2025/09/12 08:59:55Z TRACE [msg.payload] {"id":506,"hb":2894}
2025/09/12 08:59:56Z TRACE [msg.payload] {"id":506,"comp":1,"evap":{"in":27.9,"out":19,"fan":50},"cond":{"in":32.6,"out":46,"fan":100}}
2025/09/12 08:59:56Z TRACE [msg.payload] {"id":506,"hb":2895}
2025/09/12 08:59:57Z TRACE [msg.payload] {"id":506,"comp":1,"evap":{"in":27.3,"out":18.9,"fan":50},"cond":{"in":32.6,"out":45.4,"fan":100}}
2025/09/12 08:59:57Z TRACE [msg.payload] {"id":506,"hb":2896}
2025/09/12 08:59:58Z TRACE [msg.payload] {"id":506,"comp":1,"evap":{"in":27,"out":18.7,"fan":50},"cond":{"in":32.5,"out":45.7,"fan":100}}
2025/09/12 08:59:58Z TRACE [msg.payload] {"id":506,"hb":2897}
2025/09/12 08:59:59Z TRACE [msg.payload] {"id":506,"comp":1,"evap":{"in":27.1,"out":18.9,"fan":50},"cond":{"in":32.5,"out":45.8,"fan":100}}
2025/09/12 08:59:59Z TRACE [msg.payload] {"id":506,"hb":2898}
2025/09/12 09:00:00Z TRACE [msg.payload] {"id":506,"comp":1,"evap":{"in":27.1,"out":18.6,"fan":50},"cond":{"in":32.9,"out":46,"fan":100}}
2025/09/12 09:00:00Z TRACE [msg.payload] {"id":506,"hb":2899}
2025/09/12 09:00:01Z TRACE [msg.payload] {"id":506,"comp":1,"evap":{"in":26.6,"out":18.5,"fan":50},"cond":{"in":32.7,"out":46,"fan":100}}
2025/09/12 09:00:01Z TRACE [msg.payload] {"id":506,"hb":2900}
2025/09/12 09:00:02Z TRACE [msg.payload] {"id":506,"comp":1,"evap":{"in":27.6,"out":19.1,"fan":50},"cond":{"in":32.6,"out":45.8,"fan":100}}
2025/09/12 09:00:02Z TRACE [msg.payload] {"id":506,"hb":2901}
2025/09/12 09:00:03Z TRACE [msg.payload] {"id":506,"comp":1,"evap":{"in":27.3,"out":19,"fan":50},"cond":{"in":32.4,"out":45.8,"fan":100}}
2025/09/12 09:00:03Z TRACE [msg.payload] {"id":506,"hb":2902}
2025/09/12 09:00:04Z TRACE [msg.payload] {"id":506,"comp":1,"evap":{"in":27.2,"out":18.7,"fan":50},"cond":{"in":32.4,"out":46.1,"fan":100}}
2025/09/12 09:00:04Z TRACE [msg.payload] {"id":506,"hb":2903}
2025/09/12 09:00:05Z TRACE [msg.payload] {"id":506,"comp":1,"evap":{"in":27.2,"out":18.5,"fan":50},"cond":{"in":32.2,"out":45.9,"fan":100}}
2025/09/12 09:00:05Z TRACE [msg.payload] {"id":506,"hb":2904}
2025/09/12 09:00:06Z TRACE [msg.payload] {"id":506,"comp":1,"evap":{"in":27.3,"out":19.2,"fan":50},"cond":{"in":32.5,"out":46.2,"fan":100}}
2025/09/12 09:00:06Z TRACE [msg.payload] {"id":506,"hb":2905}
2025/09/12 09:00:07Z TRACE [msg.payload] {"id":506,"comp":1,"evap":{"in":27.3,"out":19,"fan":50},"cond":{"in":32.6,"out":46.1,"fan":100}}
2025/09/12 09:00:07Z TRACE [msg.payload] {"id":506,"hb":2906}
2025/09/12 09:00:08Z TRACE [msg.payload] {"id":506,"comp":1,"evap":{"in":27.2,"out":18.8,"fan":50},"cond":{"in":32.4,"out":45.8,"fan":100}}
2025/09/12 09:00:08Z TRACE [msg.payload] {"id":506,"hb":2907}
2025/09/12 09:00:09Z TRACE [msg.payload] {"id":506,"comp":1,"evap":{"in":22.9,"out":18.9,"fan":50},"cond":{"in":32.2,"out":44.5,"fan":100}}
2025/09/12 09:00:09Z TRACE [msg.payload] {"id":506,"hb":2908}
2025/09/12 09:00:10Z TRACE [msg.payload] {"id":506,"comp":1,"evap":{"in":28,"out":18.4,"fan":50},"cond":{"in":32.6,"out":45.9,"fan":100}}
2025/09/12 09:00:10Z TRACE [msg.payload] {"id":506,"hb":2909}
2025/09/12 09:00:11Z TRACE [msg.payload] {"id":506,"comp":1,"evap":{"in":27,"out":18.6,"fan":50},"cond":{"in":32.7,"out":45.8,"fan":100}}
2025/09/12 09:00:11Z TRACE [msg.payload] {"id":506,"hb":2910}
2025/09/12 09:00:12Z TRACE [msg.payload] {"id":506,"comp":1,"evap":{"in":27.3,"out":18.8,"fan":50},"cond":{"in":32.6,"out":45.6,"fan":100}}
2025/09/12 09:00:12Z TRACE [msg.payload] {"id":506,"hb":2911}
2025/09/12 09:00:13Z TRACE [msg.payload] {"id":506,"comp":1,"evap":{"in":27.3,"out":19,"fan":50},"cond":{"in":32.9,"out":46,"fan":100}}
2025/09/12 09:00:13Z TRACE [msg.payload] {"id":506,"hb":2912}
2025/09/12 09:00:14Z TRACE [msg.payload] {"id":506,"comp":1,"evap":{"in":27.2,"out":17.9,"fan":50},"cond":{"in":32.5,"out":46.2,"fan":100}}
2025/09/12 09:00:14Z TRACE [msg.payload] {"id":506,"hb":2913}
2025/09/12 09:00:15Z TRACE [msg.payload] {"id":506,"comp":1,"evap":{"in":27.2,"out":18.3,"fan":50},"cond":{"in":32.2,"out":45.7,"fan":100}}
2025/09/12 09:00:15Z TRACE [msg.payload] {"id":506,"hb":2914}
2025/09/12 09:00:16Z TRACE [msg.payload] {"id":506,"comp":1,"evap":{"in":27.6,"out":18.8,"fan":50},"cond":{"in":32.6,"out":46.1,"fan":100}}
2025/09/12 09:00:16Z TRACE [msg.payload] {"id":506,"hb":2915}
2025/09/12 09:00:17Z TRACE [msg.payload] {"id":506,"comp":1,"evap":{"in":27.5,"out":18.5,"fan":50},"cond":{"in":32.8,"out":46,"fan":100}}
2025/09/12 09:00:17Z TRACE [msg.payload] {"id":506,"hb":2916}
2025/09/12 09:00:18Z TRACE [msg.payload] {"id":506,"comp":1,"evap":{"in":27.3,"out":19,"fan":50},"cond":{"in":32.4,"out":45.8,"fan":100}}
2025/09/12 09:00:18Z TRACE [msg.payload] {"id":506,"hb":2917}
2025/09/12 09:00:19Z TRACE [msg.payload] {"id":506,"comp":1,"evap":{"in":27.3,"out":18.9,"fan":50},"cond":{"in":32.3,"out":45.8,"fan":100}}
2025/09/12 09:00:19Z TRACE [msg.payload] {"id":506,"hb":2918}
2025/09/12 09:00:20Z TRACE [msg.payload] {"id":506,"comp":1,"evap":{"in":26.9,"out":18.6,"fan":50},"cond":{"in":33.7,"out":46.1,"fan":100}}
2025/09/12 09:00:20Z TRACE [msg.payload] {"id":506,"hb":2919}
2025/09/12 09:00:21Z TRACE [msg.payload] {"id":506,"comp":1,"evap":{"in":27.2,"out":18.7,"fan":50},"cond":{"in":32.7,"out":46,"fan":100}}
2025/09/12 09:00:21Z TRACE [msg.payload] {"id":506,"hb":2920}
2025/09/12 09:00:22Z TRACE [msg.payload] {"id":506,"comp":1,"evap":{"in":27.3,"out":19,"fan":50},"cond":{"in":32.6,"out":45.9,"fan":100}}
2025/09/12 09:00:22Z TRACE [msg.payload] {"id":506,"hb":2921}
2025/09/12 09:00:23Z TRACE [msg.payload] {"id":506,"comp":1,"evap":{"in":27.3,"out":19,"fan":50},"cond":{"in":32.7,"out":46.1,"fan":100}}
2025/09/12 09:00:23Z TRACE [msg.payload] {"id":506,"hb":2922}
2025/09/12 09:00:24Z TRACE [msg.payload] {"id":506,"comp":1,"evap":{"in":27.1,"out":18.6,"fan":50},"cond":{"in":32.4,"out":45.8,"fan":100}}
2025/09/12 09:00:24Z TRACE [msg.payload] {"id":506,"hb":2923}
2025/09/12 09:00:25Z TRACE [msg.payload] {"id":506,"comp":1,"evap":{"in":27,"out":18.5,"fan":50},"cond":{"in":32.4,"out":46.2,"fan":100}}
2025/09/12 09:00:25Z TRACE [msg.payload] {"id":506,"hb":2924}
2025/09/12 09:00:26Z TRACE [msg.payload] {"id":506,"comp":1,"evap":{"in":27.5,"out":20.9,"fan":50},"cond":{"in":32.8,"out":47.6,"fan":100}}
2025/09/12 09:00:26Z TRACE [msg.payload] {"id":506,"hb":2925}
2025/09/12 09:00:27Z TRACE [msg.payload] {"id":506,"comp":1,"evap":{"in":27.2,"out":18.4,"fan":50},"cond":{"in":32.6,"out":45.9,"fan":100}}
2025/09/12 09:00:27Z TRACE [msg.payload] {"id":506,"hb":2926}
2025/09/12 09:00:28Z TRACE [msg.payload] {"id":506,"comp":1,"evap":{"in":27.1,"out":19,"fan":50},"cond":{"in":32.5,"out":45.7,"fan":100}}
2025/09/12 09:00:28Z TRACE [msg.payload] {"id":506,"hb":2927}
2025/09/12 09:00:29Z TRACE [msg.payload] {"id":506,"comp":1,"evap":{"in":27.3,"out":19,"fan":50},"cond":{"in":32.6,"out":45.6,"fan":100}}
2025/09/12 09:00:29Z TRACE [msg.payload] {"id":506,"hb":2928}
2025/09/12 09:00:30Z TRACE [msg.payload] {"id":506,"comp":1,"evap":{"in":27,"out":18.6,"fan":50},"cond":{"in":32.6,"out":46.1,"fan":100}}
2025/09/12 09:00:30Z TRACE [msg.payload] {"id":506,"hb":2929}
2025/09/12 09:00:31Z TRACE [msg.payload] {"id":506,"comp":1,"evap":{"in":27.2,"out":18.6,"fan":50},"cond":{"in":32.3,"out":45.9,"fan":100}}
2025/09/12 09:00:31Z TRACE [msg.payload] {"id":506,"hb":2930}
2025/09/12 09:00:32Z TRACE [msg.payload] {"id":506,"comp":1,"evap":{"in":27.5,"out":19,"fan":50},"cond":{"in":32.6,"out":45.6,"fan":100}}
2025/09/12 09:00:32Z TRACE [msg.payload] {"id":506,"hb":2931}
2025/09/12 09:00:33Z TRACE [msg.payload] {"id":506,"comp":1,"evap":{"in":27.3,"out":19,"fan":50},"cond":{"in":32.6,"out":46,"fan":100}}
2025/09/12 09:00:33Z TRACE [msg.payload] {"id":506,"hb":2932}
2025/09/12 09:00:34Z TRACE [msg.payload] {"id":506,"comp":1,"evap":{"in":26.8,"out":18.7,"fan":50},"cond":{"in":32.4,"out":45.6,"fan":100}}
2025/09/12 09:00:34Z TRACE [msg.payload] {"id":506,"hb":2933}
2025/09/12 09:00:35Z TRACE [msg.payload] {"id":506,"comp":1,"evap":{"in":27.1,"out":18.6,"fan":50},"cond":{"in":32.4,"out":45.7,"fan":100}}
2025/09/12 09:00:35Z TRACE [msg.payload] {"id":506,"hb":2934}
2025/09/12 09:00:36Z TRACE [msg.payload] {"id":506,"comp":1,"evap":{"in":27.6,"out":18.6,"fan":50},"cond":{"in":32.6,"out":46,"fan":100}}
2025/09/12 09:00:36Z TRACE [msg.payload] {"id":506,"hb":2935}
2025/09/12 09:00:37Z TRACE [msg.payload] {"id":506,"comp":1,"evap":{"in":27.3,"out":18.7,"fan":50},"cond":{"in":32.6,"out":45.6,"fan":100}}
2025/09/12 09:00:37Z TRACE [msg.payload] {"id":506,"hb":2936}
2025/09/12 09:00:38Z TRACE [msg.payload] {"id":506,"comp":1,"evap":{"in":27.4,"out":18.7,"fan":50},"cond":{"in":32.4,"out":45.7,"fan":100}}
2025/09/12 09:00:38Z TRACE [msg.payload] {"id":506,"hb":2937}
2025/09/12 09:00:39Z TRACE [msg.payload] {"id":506,"comp":1,"evap":{"in":27.3,"out":18.8,"fan":50},"cond":{"in":32.6,"out":45.6,"fan":100}}
2025/09/12 09:00:39Z TRACE [msg.payload] {"id":506,"hb":2938}
2025/09/12 09:00:40Z TRACE [msg.payload] {"id":506,"comp":1,"evap":{"in":27,"out":18.6,"fan":50},"cond":{"in":32.6,"out":46.3,"fan":100}}
2025/09/12 09:00:40Z TRACE [msg.payload] {"id":506,"hb":2939}
2025/09/12 09:00:41Z TRACE [msg.payload] {"id":506,"comp":1,"evap":{"in":27.2,"out":18.7,"fan":50},"cond":{"in":32.8,"out":46,"fan":100}}
2025/09/12 09:00:41Z TRACE [msg.payload] {"id":506,"hb":2940}
2025/09/12 09:00:42Z TRACE [msg.payload] {"id":506,"comp":1,"evap":{"in":27.4,"out":19,"fan":50},"cond":{"in":32.6,"out":45.8,"fan":100}}
2025/09/12 09:00:42Z TRACE [msg.payload] {"id":506,"hb":2941}
2025/09/12 09:00:43Z TRACE [msg.payload] {"id":506,"comp":1,"evap":{"in":27.5,"out":18.9,"fan":50},"cond":{"in":32.5,"out":45.9,"fan":100}}
2025/09/12 09:00:43Z TRACE [msg.payload] {"id":506,"hb":2942}
2025/09/12 09:00:44Z TRACE [msg.payload] {"id":506,"comp":1,"evap":{"in":27,"out":19,"fan":50},"cond":{"in":32.5,"out":46.4,"fan":100}}
2025/09/12 09:00:44Z TRACE [msg.payload] {"id":506,"hb":2943}
2025/09/12 09:00:45Z TRACE [msg.payload] {"id":506,"comp":1,"evap":{"in":26.8,"out":17.3,"fan":50},"cond":{"in":32.6,"out":45.6,"fan":100}}
2025/09/12 09:00:45Z TRACE [msg.payload] {"id":506,"hb":2944}
2025/09/12 09:00:46Z TRACE [msg.payload] {"id":506,"comp":1,"evap":{"in":26.9,"out":18.6,"fan":50},"cond":{"in":32.8,"out":46,"fan":100}}
2025/09/12 09:00:46Z TRACE [msg.payload] {"id":506,"hb":2945}
2025/09/12 09:00:47Z TRACE [msg.payload] {"id":506,"comp":1,"evap":{"in":27.1,"out":18.7,"fan":50},"cond":{"in":32.4,"out":45.9,"fan":100}}
2025/09/12 09:00:47Z TRACE [msg.payload] {"id":506,"hb":2946}
2025/09/12 09:00:48Z TRACE [msg.payload] {"id":506,"comp":1,"evap":{"in":27.3,"out":18.9,"fan":50},"cond":{"in":32.7,"out":45.7,"fan":100}}
2025/09/12 09:00:48Z TRACE [msg.payload] {"id":506,"hb":2947}
2025/09/12 09:00:49Z TRACE [msg.payload] {"id":506,"comp":1,"evap":{"in":27.3,"out":18.9,"fan":50},"cond":{"in":32.4,"out":45.7,"fan":100}}
2025/09/12 09:00:49Z TRACE [msg.payload] {"id":506,"hb":2948}
2025/09/12 09:00:50Z TRACE [msg.payload] {"id":506,"comp":1,"evap":{"in":27.1,"out":18.9,"fan":50},"cond":{"in":32.7,"out":46,"fan":100}}
2025/09/12 09:00:50Z TRACE [msg.payload] {"id":506,"hb":2949}
2025/09/12 09:00:51Z TRACE [msg.payload] {"id":506,"comp":1,"evap":{"in":27.1,"out":18.6,"fan":50},"cond":{"in":32.6,"out":45.8,"fan":100}}
2025/09/12 09:00:51Z TRACE [msg.payload] {"id":506,"hb":2950}
2025/09/12 09:00:52Z TRACE [msg.payload] {"id":506,"comp":1,"evap":{"in":27.5,"out":19.1,"fan":50},"cond":{"in":32.5,"out":46,"fan":100}}
2025/09/12 09:00:52Z TRACE [msg.payload] {"id":506,"hb":2951}
2025/09/12 09:00:53Z TRACE [msg.payload] {"id":506,"comp":1,"evap":{"in":27.2,"out":18.5,"fan":50},"cond":{"in":32.6,"out":45.9,"fan":100}}
2025/09/12 09:00:53Z TRACE [msg.payload] {"id":506,"hb":2952}
2025/09/12 09:00:54Z TRACE [msg.payload] {"id":506,"comp":1,"evap":{"in":27.1,"out":18.9,"fan":50},"cond":{"in":32.6,"out":45.8,"fan":100}}
2025/09/12 09:00:54Z TRACE [msg.payload] {"id":506,"hb":2953}
2025/09/12 09:00:55Z TRACE [msg.payload] {"id":506,"comp":1,"evap":{"in":27.2,"out":19,"fan":50},"cond":{"in":32.5,"out":45.8,"fan":100}}
2025/09/12 09:00:55Z TRACE [msg.payload] {"id":506,"hb":2954}
2025/09/12 09:00:56Z TRACE [msg.payload] {"id":506,"comp":1,"evap":{"in":27.2,"out":18.5,"fan":50},"cond":{"in":32.6,"out":45.9,"fan":100}}
2025/09/12 09:00:56Z TRACE [msg.payload] {"id":506,"hb":2955}
2025/09/12 09:00:57Z TRACE [msg.payload] {"id":506,"comp":1,"evap":{"in":27.2,"out":18.6,"fan":50},"cond":{"in":32.8,"out":46,"fan":100}}
2025/09/12 09:00:57Z TRACE [msg.payload] {"id":506,"hb":2956}
2025/09/12 09:00:58Z TRACE [msg.payload] {"id":506,"comp":1,"evap":{"in":27.3,"out":18.9,"fan":50},"cond":{"in":32.6,"out":45.6,"fan":100}}
2025/09/12 09:00:58Z TRACE [msg.payload] {"id":506,"hb":2957}
2025/09/12 09:00:59Z TRACE [msg.payload] {"id":506,"comp":1,"evap":{"in":27.3,"out":19,"fan":50},"cond":{"in":32.6,"out":45.7,"fan":100}}
2025/09/12 09:00:59Z TRACE [msg.payload] {"id":506,"hb":2958}
2025/09/12 09:01:00Z TRACE [msg.payload] {"id":506,"comp":1,"evap":{"in":27.1,"out":18.6,"fan":50},"cond":{"in":32.5,"out":45.6,"fan":100}}
2025/09/12 09:01:00Z TRACE [msg.payload] {"id":506,"hb":2959}
2025/09/12 09:01:01Z TRACE [msg.payload] {"id":506,"comp":1,"evap":{"in":27,"out":18.6,"fan":50},"cond":{"in":32.6,"out":45.9,"fan":100}}
2025/09/12 09:01:01Z TRACE [msg.payload] {"id":506,"hb":2960}
2025/09/12 09:01:02Z TRACE [msg.payload] {"id":506,"comp":1,"evap":{"in":27.4,"out":18.6,"fan":50},"cond":{"in":32.8,"out":46,"fan":100}}
2025/09/12 09:01:02Z TRACE [msg.payload] {"id":506,"hb":2961}
2025/09/12 09:01:03Z TRACE [msg.payload] {"id":506,"comp":1,"evap":{"in":27.3,"out":18.7,"fan":50},"cond":{"in":32.7,"out":43.2,"fan":100}}
2025/09/12 09:01:03Z TRACE [msg.payload] {"id":506,"hb":2962}
2025/09/12 09:01:04Z TRACE [msg.payload] {"id":506,"comp":1,"evap":{"in":27.2,"out":18.8,"fan":50},"cond":{"in":32.2,"out":46,"fan":100}}
2025/09/12 09:01:04Z TRACE [msg.payload] {"id":506,"hb":2963}
2025/09/12 09:01:05Z TRACE [msg.payload] {"id":506,"comp":1,"evap":{"in":27.5,"out":19,"fan":50},"cond":{"in":32.6,"out":45.7,"fan":100}}
2025/09/12 09:01:05Z TRACE [msg.payload] {"id":506,"hb":2964}
2025/09/12 09:01:06Z TRACE [msg.payload] {"id":506,"comp":1,"evap":{"in":26.7,"out":18.4,"fan":50},"cond":{"in":32.6,"out":46.1,"fan":100}}
2025/09/12 09:01:06Z TRACE [msg.payload] {"id":506,"hb":2965}
2025/09/12 09:01:07Z TRACE [msg.payload] {"id":506,"comp":1,"evap":{"in":27.2,"out":18.7,"fan":50},"cond":{"in":32.6,"out":46,"fan":100}}
2025/09/12 09:01:07Z TRACE [msg.payload] {"id":506,"hb":2966}
2025/09/12 09:01:08Z TRACE [msg.payload] {"id":506,"comp":1,"evap":{"in":27.3,"out":19,"fan":50},"cond":{"in":32.5,"out":45.6,"fan":100}}
2025/09/12 09:01:08Z TRACE [msg.payload] {"id":506,"hb":2967}
2025/09/12 09:01:09Z TRACE [msg.payload] {"id":506,"comp":1,"evap":{"in":27.4,"out":19.2,"fan":50},"cond":{"in":32.5,"out":45.8,"fan":100}}
2025/09/12 09:01:09Z TRACE [msg.payload] {"id":506,"hb":2968}
2025/09/12 09:01:10Z TRACE [msg.payload] {"id":506,"comp":1,"evap":{"in":27.1,"out":17.1,"fan":50},"cond":{"in":32.5,"out":46.1,"fan":100}}
2025/09/12 09:01:10Z TRACE [msg.payload] {"id":506,"hb":2969}
2025/09/12 09:01:11Z TRACE [msg.payload] {"id":506,"comp":1,"evap":{"in":27.3,"out":18.9,"fan":50},"cond":{"in":32.4,"out":45.9,"fan":100}}
2025/09/12 09:01:11Z TRACE [msg.payload] {"id":506,"hb":2970}
2025/09/12 09:01:12Z TRACE [msg.payload] {"id":506,"comp":1,"evap":{"in":27.5,"out":18.6,"fan":50},"cond":{"in":32.7,"out":46.1,"fan":100}}
2025/09/12 09:01:12Z TRACE [msg.payload] {"id":506,"hb":2971}
2025/09/12 09:01:13Z TRACE [msg.payload] {"id":506,"comp":1,"evap":{"in":27.2,"out":18.9,"fan":50},"cond":{"in":32.6,"out":46,"fan":100}}
2025/09/12 09:01:13Z TRACE [msg.payload] {"id":506,"hb":2972}
2025/09/12 09:01:14Z TRACE [msg.payload] {"id":506,"comp":1,"evap":{"in":27.2,"out":19,"fan":50},"cond":{"in":32.3,"out":45.7,"fan":100}}
2025/09/12 09:01:14Z TRACE [msg.payload] {"id":506,"hb":2973}
2025/09/12 09:01:15Z TRACE [msg.payload] {"id":506,"comp":1,"evap":{"in":27.4,"out":18.9,"fan":50},"cond":{"in":32.4,"out":45.7,"fan":100}}
2025/09/12 09:01:15Z TRACE [msg.payload] {"id":506,"hb":2974}
2025/09/12 09:01:16Z TRACE [msg.payload] {"id":506,"comp":1,"evap":{"in":27.1,"out":18.7,"fan":50},"cond":{"in":32.4,"out":46.3,"fan":100}}
2025/09/12 09:01:16Z TRACE [msg.payload] {"id":506,"hb":2975}
2025/09/12 09:01:17Z TRACE [msg.payload] {"id":506,"comp":1,"evap":{"in":27.2,"out":18.6,"fan":50},"cond":{"in":32.1,"out":45.9,"fan":100}}
2025/09/12 09:01:17Z TRACE [msg.payload] {"id":506,"hb":2976}
2025/09/12 09:01:18Z TRACE [msg.payload] {"id":506,"comp":1,"evap":{"in":27.4,"out":19,"fan":50},"cond":{"in":32.7,"out":45.8,"fan":100}}
2025/09/12 09:01:18Z TRACE [msg.payload] {"id":506,"hb":2977}
2025/09/12 09:01:19Z TRACE [msg.payload] {"id":506,"comp":1,"evap":{"in":27.3,"out":19,"fan":50},"cond":{"in":32.6,"out":45.6,"fan":100}}
2025/09/12 09:01:19Z TRACE [msg.payload] {"id":506,"hb":2978}
2025/09/12 09:01:20Z TRACE [msg.payload] {"id":506,"comp":1,"evap":{"in":27,"out":18.7,"fan":50},"cond":{"in":32.5,"out":45.9,"fan":100}}
2025/09/12 09:01:20Z TRACE [msg.payload] {"id":506,"hb":2979}
2025/09/12 09:01:21Z TRACE [msg.payload] {"id":506,"comp":1,"evap":{"in":27,"out":19,"fan":50},"cond":{"in":32.4,"out":45.6,"fan":100}}
2025/09/12 09:01:21Z TRACE [msg.payload] {"id":506,"hb":2980}
2025/09/12 09:01:22Z TRACE [msg.payload] {"id":506,"comp":1,"evap":{"in":27.3,"out":18.6,"fan":50},"cond":{"in":32.9,"out":45.9,"fan":100}}
2025/09/12 09:01:22Z TRACE [msg.payload] {"id":506,"hb":2981}
2025/09/12 09:01:23Z TRACE [msg.payload] {"id":506,"comp":1,"evap":{"in":27.2,"out":18.6,"fan":50},"cond":{"in":32.8,"out":46.1,"fan":100}}
2025/09/12 09:01:23Z TRACE [msg.payload] {"id":506,"hb":2982}
2025/09/12 09:01:24Z TRACE [msg.payload] {"id":506,"comp":1,"evap":{"in":26,"out":19,"fan":50},"cond":{"in":32.5,"out":45.6,"fan":100}}
2025/09/12 09:01:24Z TRACE [msg.payload] {"id":506,"hb":2983}
2025/09/12 09:01:25Z TRACE [msg.payload] {"id":506,"comp":1,"evap":{"in":27.6,"out":19.1,"fan":50},"cond":{"in":32.4,"out":45.8,"fan":100}}
2025/09/12 09:01:25Z TRACE [msg.payload] {"id":506,"hb":2984}
2025/09/12 09:01:26Z TRACE [msg.payload] {"id":506,"comp":1,"evap":{"in":27.1,"out":18.7,"fan":50},"cond":{"in":32.4,"out":45.9,"fan":100}}
2025/09/12 09:01:26Z TRACE [msg.payload] {"id":506,"hb":2985}
2025/09/12 09:01:27Z TRACE [msg.payload] {"id":506,"comp":1,"evap":{"in":26.9,"out":18.4,"fan":50},"cond":{"in":32.6,"out":45.9,"fan":100}}
2025/09/12 09:01:27Z TRACE [msg.payload] {"id":506,"hb":2986}
2025/09/12 09:01:28Z TRACE [msg.payload] {"id":506,"comp":1,"evap":{"in":27.5,"out":18.9,"fan":50},"cond":{"in":32.8,"out":45.8,"fan":100}}
2025/09/12 09:01:28Z TRACE [msg.payload] {"id":506,"hb":2987}
2025/09/12 09:01:29Z TRACE [msg.payload] {"id":506,"comp":1,"evap":{"in":27.3,"out":19,"fan":50},"cond":{"in":32.6,"out":46.1,"fan":100}}
2025/09/12 09:01:29Z TRACE [msg.payload] {"id":506,"hb":2988}
2025/09/12 09:01:30Z TRACE [msg.payload] {"id":506,"comp":1,"evap":{"in":27.2,"out":18.6,"fan":50},"cond":{"in":32.4,"out":45.7,"fan":100}}
2025/09/12 09:01:30Z TRACE [msg.payload] {"id":506,"hb":2989}
2025/09/12 09:01:31Z TRACE [msg.payload] {"id":506,"comp":1,"evap":{"in":27.1,"out":19,"fan":50},"cond":{"in":32.5,"out":45.7,"fan":100}}
2025/09/12 09:01:31Z TRACE [msg.payload] {"id":506,"hb":2990}
2025/09/12 09:01:32Z TRACE [msg.payload] {"id":506,"comp":1,"evap":{"in":29.5,"out":18.5,"fan":50},"cond":{"in":32.6,"out":45.9,"fan":100}}
2025/09/12 09:01:32Z TRACE [msg.payload] {"id":506,"hb":2991}
2025/09/12 09:01:33Z TRACE [msg.payload] {"id":506,"comp":1,"evap":{"in":26.9,"out":18.5,"fan":50},"cond":{"in":32.8,"out":46.1,"fan":100}}
2025/09/12 09:01:33Z TRACE [msg.payload] {"id":506,"hb":2992}
2025/09/12 09:01:34Z TRACE [msg.payload] {"id":506,"comp":1,"evap":{"in":27.5,"out":18.9,"fan":50},"cond":{"in":32.3,"out":45.9,"fan":100}}
2025/09/12 09:01:34Z TRACE [msg.payload] {"id":506,"hb":2993}
2025/09/12 09:01:35Z TRACE [msg.payload] {"id":506,"comp":1,"evap":{"in":27.4,"out":19,"fan":50},"cond":{"in":32.6,"out":45.7,"fan":100}}
2025/09/12 09:01:35Z TRACE [msg.payload] {"id":506,"hb":2994}
2025/09/12 09:01:36Z TRACE [msg.payload] {"id":506,"comp":1,"evap":{"in":27,"out":18.4,"fan":50},"cond":{"in":32.3,"out":45.9,"fan":100}}
2025/09/12 09:01:36Z TRACE [msg.payload] {"id":506,"hb":2995}
2025/09/12 09:01:37Z TRACE [msg.payload] {"id":506,"comp":1,"evap":{"in":27,"out":18.7,"fan":50},"cond":{"in":32.8,"out":46,"fan":100}}
2025/09/12 09:01:37Z TRACE [msg.payload] {"id":506,"hb":2996}
2025/09/12 09:01:38Z TRACE [msg.payload] {"id":506,"comp":1,"evap":{"in":27.4,"out":19,"fan":50},"cond":{"in":32.7,"out":46.5,"fan":100}}
2025/09/12 09:01:38Z TRACE [msg.payload] {"id":506,"hb":2997}
2025/09/12 09:01:39Z TRACE [msg.payload] {"id":506,"comp":1,"evap":{"in":27.5,"out":18.9,"fan":50},"cond":{"in":32.7,"out":43.1,"fan":100}}
2025/09/12 09:01:39Z TRACE [msg.payload] {"id":506,"hb":2998}
2025/09/12 09:01:40Z TRACE [msg.payload] {"id":506,"comp":1,"evap":{"in":27,"out":18.9,"fan":50},"cond":{"in":32.5,"out":45.9,"fan":100}}
2025/09/12 09:01:40Z TRACE [msg.payload] {"id":506,"hb":2999}
2025/09/12 09:01:41Z TRACE [msg.payload] {"id":506,"comp":1,"evap":{"in":27,"out":18.9,"fan":50},"cond":{"in":32.6,"out":45.8,"fan":100}}
2025/09/12 09:01:41Z TRACE [msg.payload] {"id":506,"hb":3000}
2025/09/12 09:01:42Z TRACE [msg.payload] {"id":506,"comp":1,"evap":{"in":27.2,"out":18.5,"fan":50},"cond":{"in":33.1,"out":46,"fan":100}}
2025/09/12 09:01:42Z TRACE [msg.payload] {"id":506,"hb":3001}
2025/09/12 09:01:43Z TRACE [msg.payload] {"id":506,"comp":1,"evap":{"in":27.2,"out":18.7,"fan":50},"cond":{"in":32.7,"out":46,"fan":100}}
2025/09/12 09:01:43Z TRACE [msg.payload] {"id":506,"hb":3002}
2025/09/12 09:01:44Z TRACE [msg.payload] {"id":506,"comp":1,"evap":{"in":27.4,"out":19,"fan":50},"cond":{"in":32.5,"out":45.8,"fan":100}}
2025/09/12 09:01:44Z TRACE [msg.payload] {"id":506,"hb":3003}
2025/09/12 09:01:45Z TRACE [msg.payload] {"id":506,"comp":1,"evap":{"in":27.3,"out":19,"fan":50},"cond":{"in":32.5,"out":45.7,"fan":100}}
2025/09/12 09:01:45Z TRACE [msg.payload] {"id":506,"hb":3004}
2025/09/12 09:01:46Z TRACE [msg.payload] {"id":506,"hb":3005}
2025/09/12 09:01:46Z TRACE [msg.payload] {"id":506,"comp":1,"evap":{"in":27,"out":18.6,"fan":50},"cond":{"in":32.9,"out":46,"fan":100}}
2025/09/12 09:01:47Z TRACE [msg.payload] {"id":506,"hb":3006}
2025/09/12 09:01:47Z TRACE [msg.payload] {"id":506,"comp":1,"evap":{"in":27,"out":18.4,"fan":50},"cond":{"in":32.8,"out":45.5,"fan":100}}
2025/09/12 09:01:48Z TRACE [msg.payload] {"id":506,"hb":3007}
2025/09/12 09:01:48Z TRACE [msg.payload] {"id":506,"comp":1,"evap":{"in":26.6,"out":18.8,"fan":50},"cond":{"in":32.4,"out":46.1,"fan":100}}
2025/09/12 09:01:49Z TRACE [msg.payload] {"id":506,"hb":3008}
2025/09/12 09:01:49Z TRACE [msg.payload] {"id":506,"comp":1,"evap":{"in":27.3,"out":18.7,"fan":50},"cond":{"in":32.9,"out":46.2,"fan":100}}
2025/09/12 09:01:50Z TRACE [msg.payload] {"id":506,"hb":3009}
2025/09/12 09:01:50Z TRACE [msg.payload] {"id":506,"comp":1,"evap":{"in":27.1,"out":19,"fan":50},"cond":{"in":32.3,"out":45.8,"fan":100}}
2025/09/12 09:01:51Z TRACE [msg.payload] {"id":506,"hb":3010}
2025/09/12 09:01:51Z TRACE [msg.payload] {"id":506,"comp":1,"evap":{"in":27.3,"out":18.8,"fan":50},"cond":{"in":32.4,"out":45.7,"fan":100}}
2025/09/12 09:01:52Z TRACE [msg.payload] {"id":506,"hb":3011}
2025/09/12 09:01:52Z TRACE [msg.payload] {"id":506,"comp":1,"evap":{"in":27,"out":18.6,"fan":50},"cond":{"in":32.6,"out":46.1,"fan":100}}
2025/09/12 09:01:53Z TRACE [msg.payload] {"id":506,"hb":3012}
2025/09/12 09:01:53Z TRACE [msg.payload] {"id":506,"comp":1,"evap":{"in":27.2,"out":18.6,"fan":50},"cond":{"in":32.9,"out":46.1,"fan":100}}
2025/09/12 09:01:54Z TRACE [msg.payload] {"id":506,"hb":3013}
2025/09/12 09:01:54Z TRACE [msg.payload] {"id":506,"comp":1,"evap":{"in":27.3,"out":19,"fan":50},"cond":{"in":34.4,"out":45.8,"fan":100}}
2025/09/12 09:01:55Z TRACE [msg.payload] {"id":506,"hb":3014}
2025/09/12 09:01:55Z TRACE [msg.payload] {"id":506,"comp":1,"evap":{"in":27.4,"out":19,"fan":50},"cond":{"in":32.4,"out":45.8,"fan":100}}
2025/09/12 09:01:56Z TRACE [msg.payload] {"id":506,"hb":3015}
2025/09/12 09:01:56Z TRACE [msg.payload] {"id":506,"comp":1,"evap":{"in":27.3,"out":18.6,"fan":50},"cond":{"in":32.5,"out":46,"fan":100}}
2025/09/12 09:01:57Z TRACE [msg.payload] {"id":506,"hb":3016}
2025/09/12 09:01:57Z TRACE [msg.payload] {"id":506,"comp":1,"evap":{"in":26.9,"out":18.6,"fan":50},"cond":{"in":32.5,"out":45.8,"fan":100}}
2025/09/12 09:01:58Z TRACE [msg.payload] {"id":506,"hb":3017}
2025/09/12 09:01:58Z TRACE [msg.payload] {"id":506,"comp":1,"evap":{"in":27.3,"out":19,"fan":50},"cond":{"in":32.6,"out":45.9,"fan":100}}
2025/09/12 09:01:59Z TRACE [msg.payload] {"id":506,"hb":3018}
2025/09/12 09:01:59Z TRACE [msg.payload] {"id":506,"comp":1,"evap":{"in":27.4,"out":18.6,"fan":50},"cond":{"in":32.8,"out":46,"fan":100}}
2025/09/12 09:02:00Z TRACE [msg.payload] {"id":506,"hb":3019}
2025/09/12 09:02:00Z TRACE [msg.payload] {"id":506,"comp":1,"evap":{"in":27.4,"out":19,"fan":50},"cond":{"in":32.6,"out":45.7,"fan":100}}
2025/09/12 09:02:01Z TRACE [msg.payload] {"id":506,"hb":3020}
2025/09/12 09:02:01Z TRACE [msg.payload] {"id":506,"comp":1,"evap":{"in":27.3,"out":19,"fan":50},"cond":{"in":32.7,"out":45.8,"fan":100}}
2025/09/12 09:02:02Z TRACE [msg.payload] {"id":506,"hb":3021}
2025/09/12 09:02:02Z TRACE [msg.payload] {"id":506,"comp":1,"evap":{"in":27.3,"out":18.6,"fan":50},"cond":{"in":32.6,"out":46,"fan":100}}
2025/09/12 09:02:03Z TRACE [msg.payload] {"id":506,"hb":3022}
2025/09/12 09:02:03Z TRACE [msg.payload] {"id":506,"comp":1,"evap":{"in":27.2,"out":18.5,"fan":50},"cond":{"in":32.6,"out":45.8,"fan":100}}
2025/09/12 09:02:04Z TRACE [msg.payload] {"id":506,"hb":3023}
2025/09/12 09:02:04Z TRACE [msg.payload] {"id":506,"comp":1,"evap":{"in":27.4,"out":18.9,"fan":50},"cond":{"in":32.8,"out":45.8,"fan":100}}
2025/09/12 09:02:05Z TRACE [msg.payload] {"id":506,"hb":3024}
2025/09/12 09:02:05Z TRACE [msg.payload] {"id":506,"comp":1,"evap":{"in":27.3,"out":19,"fan":50},"cond":{"in":32.5,"out":45.8,"fan":100}}
2025/09/12 09:02:06Z TRACE [msg.payload] {"id":506,"hb":3025}
2025/09/12 09:02:06Z TRACE [msg.payload] {"id":506,"comp":1,"evap":{"in":27,"out":18.7,"fan":50},"cond":{"in":32.5,"out":46,"fan":100}}
2025/09/12 09:02:07Z TRACE [msg.payload] {"id":506,"hb":3026}
2025/09/12 09:02:07Z TRACE [msg.payload] {"id":506,"comp":1,"evap":{"in":27.1,"out":20.8,"fan":50},"cond":{"in":32.8,"out":45.8,"fan":100}}
2025/09/12 09:02:08Z TRACE [msg.payload] {"id":506,"hb":3027}
2025/09/12 09:02:08Z TRACE [msg.payload] {"id":506,"comp":1,"evap":{"in":27.4,"out":19,"fan":50},"cond":{"in":32.9,"out":46,"fan":100}}
2025/09/12 09:02:09Z TRACE [msg.payload] {"id":506,"hb":3028}
2025/09/12 09:02:09Z TRACE [msg.payload] {"id":506,"comp":1,"evap":{"in":27.4,"out":18.7,"fan":50},"cond":{"in":32.5,"out":46.1,"fan":100}}
2025/09/12 09:02:10Z TRACE [msg.payload] {"id":506,"hb":3029}
2025/09/12 09:02:10Z TRACE [msg.payload] {"id":506,"comp":1,"evap":{"in":27,"out":19.1,"fan":50},"cond":{"in":32.6,"out":45.8,"fan":100}}
2025/09/12 09:02:11Z TRACE [msg.payload] {"id":506,"hb":3030}
2025/09/12 09:02:11Z TRACE [msg.payload] {"id":506,"comp":1,"evap":{"in":27.3,"out":19,"fan":50},"cond":{"in":32.5,"out":45.8,"fan":100}}
2025/09/12 09:02:12Z TRACE [msg.payload] {"id":506,"hb":3031}
2025/09/12 09:02:12Z TRACE [msg.payload] {"id":506,"comp":1,"evap":{"in":27.1,"out":18.6,"fan":50},"cond":{"in":32.5,"out":46.1,"fan":100}}
2025/09/12 09:02:13Z TRACE [msg.payload] {"id":506,"hb":3032}
2025/09/12 09:02:13Z TRACE [msg.payload] {"id":506,"comp":1,"evap":{"in":27.2,"out":18.7,"fan":50},"cond":{"in":32.7,"out":46.1,"fan":100}}
2025/09/12 09:02:14Z TRACE [msg.payload] {"id":506,"hb":3033}
2025/09/12 09:02:14Z TRACE [msg.payload] {"id":506,"comp":1,"evap":{"in":27.4,"out":19,"fan":50},"cond":{"in":32.8,"out":45.8,"fan":100}}
2025/09/12 09:02:15Z TRACE [msg.payload] {"id":506,"hb":3034}
2025/09/12 09:02:15Z TRACE [msg.payload] {"id":506,"comp":1,"evap":{"in":27.5,"out":19,"fan":50},"cond":{"in":32,"out":46.3,"fan":100}}
2025/09/12 09:02:16Z TRACE [msg.payload] {"id":506,"hb":3035}
2025/09/12 09:02:16Z TRACE [msg.payload] {"id":506,"comp":1,"evap":{"in":27.3,"out":18.7,"fan":50},"cond":{"in":32.6,"out":47.6,"fan":100}}
2025/09/12 09:02:17Z TRACE [msg.payload] {"id":506,"hb":3036}
2025/09/12 09:02:17Z TRACE [msg.payload] {"id":506,"comp":1,"evap":{"in":27.2,"out":18.8,"fan":50},"cond":{"in":32.4,"out":45.8,"fan":100}}
2025/09/12 09:02:18Z TRACE [msg.payload] {"id":506,"hb":3037}
2025/09/12 09:02:18Z TRACE [msg.payload] {"id":506,"comp":1,"evap":{"in":27.3,"out":18.7,"fan":50},"cond":{"in":32.9,"out":45.8,"fan":100}}
2025/09/12 09:02:19Z TRACE [msg.payload] {"id":506,"hb":3038}
2025/09/12 09:02:19Z TRACE [msg.payload] {"id":506,"comp":1,"evap":{"in":27.3,"out":18.5,"fan":50},"cond":{"in":32.8,"out":46.1,"fan":100}}
2025/09/12 09:02:20Z TRACE [msg.payload] {"id":506,"hb":3039}
2025/09/12 09:02:20Z TRACE [msg.payload] {"id":506,"comp":1,"evap":{"in":27.4,"out":19,"fan":50},"cond":{"in":32.6,"out":45.8,"fan":100}}
2025/09/12 09:02:21Z TRACE [msg.payload] {"id":506,"hb":3040}
2025/09/12 09:02:21Z TRACE [msg.payload] {"id":506,"comp":1,"evap":{"in":27.3,"out":18.9,"fan":50},"cond":{"in":32.6,"out":45.8,"fan":100}}
2025/09/12 09:02:22Z TRACE [msg.payload] {"id":506,"hb":3041}
2025/09/12 09:02:22Z TRACE [msg.payload] {"id":506,"comp":1,"evap":{"in":27.1,"out":18.7,"fan":50},"cond":{"in":32.3,"out":46,"fan":100}}
2025/09/12 09:02:23Z TRACE [msg.payload] {"id":506,"hb":3042}
2025/09/12 09:02:23Z TRACE [msg.payload] {"id":506,"comp":1,"evap":{"in":27.1,"out":18.6,"fan":50},"cond":{"in":32.4,"out":46.5,"fan":100}}
2025/09/12 09:02:24Z TRACE [msg.payload] {"id":506,"hb":3043}
2025/09/12 09:02:24Z TRACE [msg.payload] {"id":506,"comp":1,"evap":{"in":27.3,"out":19,"fan":50},"cond":{"in":32.8,"out":46,"fan":100}}
2025/09/12 09:02:25Z TRACE [msg.payload] {"id":506,"hb":3044}
2025/09/12 09:02:25Z TRACE [msg.payload] {"id":506,"comp":1,"evap":{"in":27.4,"out":19,"fan":50},"cond":{"in":32.8,"out":46.2,"fan":100}}
2025/09/12 09:02:26Z TRACE [msg.payload] {"id":506,"hb":3045}
2025/09/12 09:02:26Z TRACE [msg.payload] {"id":506,"comp":1,"evap":{"in":27.3,"out":18.7,"fan":50},"cond":{"in":32.5,"out":45.9,"fan":100}}
2025/09/12 09:02:27Z TRACE [msg.payload] {"id":506,"hb":3046}
2025/09/12 09:02:27Z TRACE [msg.payload] {"id":506,"comp":1,"evap":{"in":27.2,"out":19.3,"fan":50},"cond":{"in":32.6,"out":46,"fan":100}}
2025/09/12 09:02:28Z TRACE [msg.payload] {"id":506,"hb":3047}
2025/09/12 09:02:28Z TRACE [msg.payload] {"id":506,"comp":1,"evap":{"in":27.5,"out":17.9,"fan":50},"cond":{"in":32.9,"out":46,"fan":100}}
2025/09/12 09:02:29Z TRACE [msg.payload] {"id":506,"hb":3048}
2025/09/12 09:02:29Z TRACE [msg.payload] {"id":506,"comp":1,"evap":{"in":27,"out":18.7,"fan":50},"cond":{"in":32.9,"out":46.2,"fan":100}}
2025/09/12 09:02:30Z TRACE [msg.payload] {"id":506,"hb":3049}
2025/09/12 09:02:30Z TRACE [msg.payload] {"id":506,"comp":1,"evap":{"in":27.3,"out":18.9,"fan":50},"cond":{"in":32.8,"out":46.1,"fan":100}}
2025/09/12 09:02:31Z TRACE [msg.payload] {"id":506,"hb":3050}
2025/09/12 09:02:31Z TRACE [msg.payload] {"id":506,"comp":1,"evap":{"in":27.5,"out":19,"fan":50},"cond":{"in":32.3,"out":45.7,"fan":100}}
2025/09/12 09:02:32Z TRACE [msg.payload] {"id":506,"hb":3051}
2025/09/12 09:02:32Z TRACE [msg.payload] {"id":506,"comp":1,"evap":{"in":27.3,"out":18.8,"fan":50},"cond":{"in":32.4,"out":46,"fan":100}}
2025/09/12 09:02:33Z TRACE [msg.payload] {"id":506,"hb":3052}
2025/09/12 09:02:33Z TRACE [msg.payload] {"id":506,"comp":1,"evap":{"in":27.1,"out":18.7,"fan":50},"cond":{"in":32.5,"out":45.8,"fan":100}}
2025/09/12 09:02:34Z TRACE [msg.payload] {"id":506,"hb":3053}
2025/09/12 09:02:34Z TRACE [msg.payload] {"id":506,"comp":1,"evap":{"in":26.7,"out":18.8,"fan":50},"cond":{"in":32.9,"out":45.8,"fan":100}}
2025/09/12 09:02:35Z TRACE [msg.payload] {"id":506,"hb":3054}
2025/09/12 09:02:35Z TRACE [msg.payload] {"id":506,"comp":1,"evap":{"in":27.3,"out":19,"fan":50},"cond":{"in":32.8,"out":45.9,"fan":100}}
2025/09/12 09:02:36Z TRACE [msg.payload] {"id":506,"hb":3055}
2025/09/12 09:02:36Z TRACE [msg.payload] {"id":506,"comp":1,"evap":{"in":26.5,"out":14.4,"fan":50},"cond":{"in":32.4,"out":45.7,"fan":100}}
2025/09/12 09:02:37Z TRACE [msg.payload] {"id":506,"hb":3056}
2025/09/12 09:02:37Z TRACE [msg.payload] {"id":506,"comp":1,"evap":{"in":27,"out":19,"fan":50},"cond":{"in":32.5,"out":45.8,"fan":100}}
2025/09/12 09:02:38Z TRACE [msg.payload] {"id":506,"hb":3057}
2025/09/12 09:02:38Z TRACE [msg.payload] {"id":506,"comp":1,"evap":{"in":27.5,"out":18.6,"fan":50},"cond":{"in":32.7,"out":46.1,"fan":100}}
2025/09/12 09:02:39Z TRACE [msg.payload] {"id":506,"hb":3058}
2025/09/12 09:02:39Z TRACE [msg.payload] {"id":506,"comp":1,"evap":{"in":27.1,"out":18.7,"fan":50},"cond":{"in":32.7,"out":45.9,"fan":100}}
2025/09/12 09:02:40Z TRACE [msg.payload] {"id":506,"hb":3059}
2025/09/12 09:02:40Z TRACE [msg.payload] {"id":506,"comp":1,"evap":{"in":27.6,"out":19.1,"fan":50},"cond":{"in":32.6,"out":45.8,"fan":100}}
2025/09/12 09:02:41Z TRACE [msg.payload] {"id":506,"hb":3060}
2025/09/12 09:02:41Z TRACE [msg.payload] {"id":506,"comp":1,"evap":{"in":27.3,"out":18.9,"fan":50},"cond":{"in":32.5,"out":45.6,"fan":100}}
2025/09/12 09:02:42Z TRACE [msg.payload] {"id":506,"hb":3061}
2025/09/12 09:02:42Z TRACE [msg.payload] {"id":506,"comp":1,"evap":{"in":27.3,"out":18.6,"fan":50},"cond":{"in":32.5,"out":46.2,"fan":100}}
2025/09/12 09:02:43Z TRACE [msg.payload] {"id":506,"hb":3062}
2025/09/12 09:02:43Z TRACE [msg.payload] {"id":506,"comp":1,"evap":{"in":27.2,"out":18.9,"fan":50},"cond":{"in":32.6,"out":45.9,"fan":100}}
2025/09/12 09:02:44Z TRACE [msg.payload] {"id":506,"hb":3063}
2025/09/12 09:02:44Z TRACE [msg.payload] {"id":506,"comp":1,"evap":{"in":27.5,"out":19,"fan":50},"cond":{"in":32.7,"out":46.1,"fan":100}}
2025/09/12 09:02:45Z TRACE [msg.payload] {"id":506,"hb":3064}
2025/09/12 09:02:45Z TRACE [msg.payload] {"id":506,"comp":1,"evap":{"in":27.5,"out":18.7,"fan":50},"cond":{"in":32.9,"out":46.1,"fan":100}}
2025/09/12 09:02:46Z TRACE [msg.payload] {"id":506,"hb":3065}
2025/09/12 09:02:46Z TRACE [msg.payload] {"id":506,"comp":1,"evap":{"in":27.1,"out":18.9,"fan":50},"cond":{"in":32.5,"out":45.5,"fan":100}}
2025/09/12 09:02:47Z TRACE [msg.payload] {"id":506,"hb":3066}
2025/09/12 09:02:47Z TRACE [msg.payload] {"id":506,"comp":1,"evap":{"in":27.2,"out":18.9,"fan":50},"cond":{"in":32.7,"out":45.9,"fan":100}}
2025/09/12 09:02:48Z TRACE [msg.payload] {"id":506,"hb":3067}
2025/09/12 09:02:48Z TRACE [msg.payload] {"id":506,"comp":1,"evap":{"in":27.2,"out":18.5,"fan":50},"cond":{"in":32.8,"out":46,"fan":100}}
2025/09/12 09:02:49Z TRACE [msg.payload] {"id":506,"hb":3068}
2025/09/12 09:02:49Z TRACE [msg.payload] {"id":506,"comp":1,"evap":{"in":27,"out":18.5,"fan":50},"cond":{"in":32.8,"out":46.1,"fan":100}}
2025/09/12 09:02:50Z TRACE [msg.payload] {"id":506,"hb":3069}
2025/09/12 09:02:50Z TRACE [msg.payload] {"id":506,"comp":1,"evap":{"in":27.1,"out":18.8,"fan":50},"cond":{"in":32.5,"out":46,"fan":100}}
2025/09/12 09:02:51Z TRACE [msg.payload] {"id":506,"hb":3070}
2025/09/12 09:02:51Z TRACE [msg.payload] {"id":506,"comp":1,"evap":{"in":27.4,"out":18.8,"fan":50},"cond":{"in":32.2,"out":45.9,"fan":100}}
2025/09/12 09:02:52Z TRACE [msg.payload] {"id":506,"hb":3071}
2025/09/12 09:02:52Z TRACE [msg.payload] {"id":506,"comp":1,"evap":{"in":27.5,"out":18.9,"fan":50},"cond":{"in":32.5,"out":45.9,"fan":100}}
2025/09/12 09:02:53Z TRACE [msg.payload] {"id":506,"hb":3072}
2025/09/12 09:02:53Z TRACE [msg.payload] {"id":506,"comp":1,"evap":{"in":27.2,"out":18.5,"fan":50},"cond":{"in":32.6,"out":46.1,"fan":100}}
2025/09/12 09:02:54Z TRACE [msg.payload] {"id":506,"hb":3073}
2025/09/12 09:02:54Z TRACE [msg.payload] {"id":506,"comp":1,"evap":{"in":27.2,"out":18.7,"fan":50},"cond":{"in":32.9,"out":46,"fan":100}}
2025/09/12 09:02:55Z TRACE [msg.payload] {"id":506,"hb":3074}
2025/09/12 09:02:55Z TRACE [msg.payload] {"id":506,"comp":1,"evap":{"in":27.7,"out":19,"fan":50},"cond":{"in":32.8,"out":45.8,"fan":100}}
2025/09/12 09:02:56Z TRACE [msg.payload] {"id":506,"hb":3075}
2025/09/12 09:02:56Z TRACE [msg.payload] {"id":506,"comp":1,"evap":{"in":27,"out":19,"fan":50},"cond":{"in":32.5,"out":45.9,"fan":100}}
2025/09/12 09:02:57Z TRACE [msg.payload] {"id":506,"hb":3076}
2025/09/12 09:02:57Z TRACE [msg.payload] {"id":506,"comp":1,"evap":{"in":27,"out":20.1,"fan":50},"cond":{"in":32.5,"out":46.2,"fan":100}}
2025/09/12 09:02:58Z TRACE [msg.payload] {"id":506,"hb":3077}
2025/09/12 09:02:58Z TRACE [msg.payload] {"id":506,"comp":1,"evap":{"in":27,"out":18.6,"fan":50},"cond":{"in":33.3,"out":46,"fan":100}}
2025/09/12 09:02:59Z TRACE [msg.payload] {"id":506,"hb":3078}
2025/09/12 09:02:59Z TRACE [msg.payload] {"id":506,"comp":1,"evap":{"in":27.5,"out":18.5,"fan":50},"cond":{"in":32.8,"out":46,"fan":100}}
2025/09/12 09:03:00Z TRACE [msg.payload] {"id":506,"hb":3079}
2025/09/12 09:03:00Z TRACE [msg.payload] {"id":506,"comp":1,"evap":{"in":27.4,"out":19.8,"fan":50},"cond":{"in":33.4,"out":46,"fan":100}}
2025/09/12 09:03:01Z TRACE [msg.payload] {"id":506,"hb":3080}
2025/09/12 09:03:01Z TRACE [msg.payload] {"id":506,"comp":1,"evap":{"in":27.3,"out":18.9,"fan":50},"cond":{"in":32.4,"out":46.2,"fan":100}}
2025/09/12 09:03:02Z TRACE [msg.payload] {"id":506,"hb":3081}
2025/09/12 09:03:02Z TRACE [msg.payload] {"id":506,"comp":1,"evap":{"in":27.5,"out":18.9,"fan":50},"cond":{"in":32.5,"out":45.8,"fan":100}}
2025/09/12 09:03:03Z TRACE [msg.payload] {"id":506,"hb":3082}
2025/09/12 09:03:03Z TRACE [msg.payload] {"id":506,"comp":1,"evap":{"in":27.2,"out":18.7,"fan":50},"cond":{"in":32.5,"out":46.2,"fan":100}}
2025/09/12 09:03:04Z TRACE [msg.payload] {"id":506,"hb":3083}
2025/09/12 09:03:04Z TRACE [msg.payload] {"id":506,"comp":1,"evap":{"in":27,"out":18.5,"fan":50},"cond":{"in":32,"out":45.9,"fan":100}}
2025/09/12 09:03:05Z TRACE [msg.payload] {"id":506,"hb":3084}
2025/09/12 09:03:05Z TRACE [msg.payload] {"id":506,"comp":1,"evap":{"in":27.6,"out":18.8,"fan":50},"cond":{"in":32.8,"out":45.7,"fan":100}}
2025/09/12 09:03:06Z TRACE [msg.payload] {"id":506,"hb":3085}
2025/09/12 09:03:06Z TRACE [msg.payload] {"id":506,"comp":1,"evap":{"in":27.5,"out":19,"fan":50},"cond":{"in":32.8,"out":48,"fan":100}}
2025/09/12 09:03:07Z TRACE [msg.payload] {"id":506,"hb":3086}
2025/09/12 09:03:07Z TRACE [msg.payload] {"id":506,"comp":1,"evap":{"in":27.2,"out":18.8,"fan":50},"cond":{"in":32.6,"out":46,"fan":100}}
2025/09/12 09:03:08Z TRACE [msg.payload] {"id":506,"hb":3087}
2025/09/12 09:03:08Z TRACE [msg.payload] {"id":506,"comp":1,"evap":{"in":27,"out":18.6,"fan":50},"cond":{"in":32.3,"out":45.9,"fan":100}}
2025/09/12 09:03:09Z TRACE [msg.payload] {"id":506,"hb":3088}
2025/09/12 09:03:09Z TRACE [msg.payload] {"id":506,"comp":1,"evap":{"in":27.1,"out":17.9,"fan":50},"cond":{"in":32.9,"out":46.1,"fan":100}}
2025/09/12 09:03:10Z TRACE [msg.payload] {"id":506,"hb":3089}
2025/09/12 09:03:10Z TRACE [msg.payload] {"id":506,"comp":1,"evap":{"in":27.2,"out":18.7,"fan":50},"cond":{"in":32.5,"out":46.2,"fan":100}}
2025/09/12 09:03:11Z TRACE [msg.payload] {"id":506,"hb":3090}
2025/09/12 09:03:11Z TRACE [msg.payload] {"id":506,"comp":1,"evap":{"in":27.3,"out":19,"fan":50},"cond":{"in":32.6,"out":45.9,"fan":100}}
2025/09/12 09:03:12Z TRACE [msg.payload] {"id":506,"hb":3091}
2025/09/12 09:03:12Z TRACE [msg.payload] {"id":506,"comp":1,"evap":{"in":27.3,"out":18.9,"fan":50},"cond":{"in":32.4,"out":45.6,"fan":100}}
2025/09/12 09:03:13Z TRACE [msg.payload] {"id":506,"hb":3092}
2025/09/12 09:03:13Z TRACE [msg.payload] {"id":506,"comp":1,"evap":{"in":27,"out":18.6,"fan":50},"cond":{"in":32.5,"out":46.1,"fan":100}}
2025/09/12 09:03:14Z TRACE [msg.payload] {"id":506,"hb":3093}
2025/09/12 09:03:14Z TRACE [msg.payload] {"id":506,"comp":1,"evap":{"in":27.1,"out":18.7,"fan":50},"cond":{"in":32.8,"out":46.1,"fan":100}}
2025/09/12 09:03:15Z TRACE [msg.payload] {"id":506,"hb":3094}
2025/09/12 09:03:15Z TRACE [msg.payload] {"id":506,"comp":1,"evap":{"in":27.3,"out":19,"fan":50},"cond":{"in":32.8,"out":46,"fan":100}}
2025/09/12 09:03:16Z TRACE [msg.payload] {"id":506,"hb":3095}
2025/09/12 09:03:16Z TRACE [msg.payload] {"id":506,"comp":1,"evap":{"in":27.4,"out":19,"fan":50},"cond":{"in":32.9,"out":45.9,"fan":100}}
2025/09/12 09:03:17Z TRACE [msg.payload] {"id":506,"hb":3096}
2025/09/12 09:03:17Z TRACE [msg.payload] {"id":506,"comp":1,"evap":{"in":27,"out":19,"fan":50},"cond":{"in":32.4,"out":45.8,"fan":100}}
2025/09/12 09:03:18Z TRACE [msg.payload] {"id":506,"hb":3097}
2025/09/12 09:03:18Z TRACE [msg.payload] {"id":506,"comp":1,"evap":{"in":27.1,"out":18.5,"fan":50},"cond":{"in":32.6,"out":45.9,"fan":100}}
2025/09/12 09:03:19Z TRACE [msg.payload] {"id":506,"hb":3098}
2025/09/12 09:03:19Z TRACE [msg.payload] {"id":506,"comp":1,"evap":{"in":27.1,"out":18.7,"fan":50},"cond":{"in":32.9,"out":45.9,"fan":100}}
2025/09/12 09:03:20Z TRACE [msg.payload] {"id":506,"hb":3099}
2025/09/12 09:03:20Z TRACE [msg.payload] {"id":506,"comp":1,"evap":{"in":26.9,"out":18.7,"fan":50},"cond":{"in":32.7,"out":46,"fan":100}}
2025/09/12 09:03:21Z TRACE [msg.payload] {"id":506,"hb":3100}
2025/09/12 09:03:21Z TRACE [msg.payload] {"id":506,"comp":1,"evap":{"in":27.3,"out":18.8,"fan":50},"cond":{"in":32.7,"out":45.8,"fan":100}}
2025/09/12 09:03:22Z TRACE [msg.payload] {"id":506,"hb":3101}
2025/09/12 09:03:22Z TRACE [msg.payload] {"id":506,"comp":1,"evap":{"in":27.3,"out":19.7,"fan":50},"cond":{"in":32.5,"out":45.7,"fan":100}}
2025/09/12 09:03:23Z TRACE [msg.payload] {"id":506,"hb":3102}
2025/09/12 09:03:23Z TRACE [msg.payload] {"id":506,"comp":1,"evap":{"in":27.2,"out":18.6,"fan":50},"cond":{"in":32.6,"out":46.1,"fan":100}}
2025/09/12 09:03:24Z TRACE [msg.payload] {"id":506,"hb":3103}
2025/09/12 09:03:24Z TRACE [msg.payload] {"id":506,"comp":1,"evap":{"in":27,"out":11.6,"fan":50},"cond":{"in":32.8,"out":46.2,"fan":100}}
2025/09/12 09:03:25Z TRACE [msg.payload] {"id":506,"hb":3104}
2025/09/12 09:03:25Z TRACE [msg.payload] {"id":506,"comp":1,"evap":{"in":27.4,"out":19,"fan":50},"cond":{"in":32.9,"out":45.9,"fan":100}}
2025/09/12 09:03:26Z TRACE [msg.payload] {"id":506,"hb":3105}
2025/09/12 09:03:26Z TRACE [msg.payload] {"id":506,"comp":1,"evap":{"in":27.3,"out":19,"fan":50},"cond":{"in":32.9,"out":45.9,"fan":100}}
2025/09/12 09:03:27Z TRACE [msg.payload] {"id":506,"hb":3106}
2025/09/12 09:03:27Z TRACE [msg.payload] {"id":506,"comp":1,"evap":{"in":27.3,"out":19.5,"fan":50},"cond":{"in":32.4,"out":45.9,"fan":100}}
2025/09/12 09:03:28Z TRACE [msg.payload] {"id":506,"hb":3107}
2025/09/12 09:03:28Z TRACE [msg.payload] {"id":506,"comp":1,"evap":{"in":27.1,"out":19,"fan":50},"cond":{"in":32.6,"out":45.9,"fan":100}}
2025/09/12 09:03:29Z TRACE [msg.payload] {"id":506,"hb":3108}
2025/09/12 09:03:29Z TRACE [msg.payload] {"id":506,"comp":1,"evap":{"in":27.4,"out":18.6,"fan":50},"cond":{"in":32.6,"out":46,"fan":100}}
2025/09/12 09:03:30Z TRACE [msg.payload] {"id":506,"hb":3109}
2025/09/12 09:03:30Z TRACE [msg.payload] {"id":506,"comp":1,"evap":{"in":27,"out":18.7,"fan":50},"cond":{"in":32.7,"out":46.3,"fan":100}}
2025/09/12 09:03:31Z TRACE [msg.payload] {"id":506,"hb":3110}
2025/09/12 09:03:31Z TRACE [msg.payload] {"id":506,"comp":1,"evap":{"in":27.3,"out":18.9,"fan":50},"cond":{"in":32.7,"out":45.8,"fan":100}}
2025/09/12 09:03:32Z TRACE [msg.payload] {"id":506,"hb":3111}
2025/09/12 09:03:32Z TRACE [msg.payload] {"id":506,"comp":1,"evap":{"in":27.4,"out":19.4,"fan":50},"cond":{"in":31.5,"out":45.9,"fan":100}}
2025/09/12 09:03:33Z TRACE [msg.payload] {"id":506,"hb":3112}
2025/09/12 09:03:33Z TRACE [msg.payload] {"id":506,"comp":1,"evap":{"in":27.2,"out":18.6,"fan":50},"cond":{"in":32.6,"out":46.2,"fan":100}}
2025/09/12 09:03:34Z TRACE [msg.payload] {"id":506,"hb":3113}
2025/09/12 09:03:34Z TRACE [msg.payload] {"id":506,"comp":1,"evap":{"in":27.2,"out":18.6,"fan":50},"cond":{"in":32.9,"out":46.1,"fan":100}}
2025/09/12 09:03:35Z TRACE [msg.payload] {"id":506,"hb":3114}
2025/09/12 09:03:35Z TRACE [msg.payload] {"id":506,"comp":1,"evap":{"in":27.4,"out":19,"fan":50},"cond":{"in":32.9,"out":46.1,"fan":100}}
2025/09/12 09:03:36Z TRACE [msg.payload] {"id":506,"hb":3115}
2025/09/12 09:03:36Z TRACE [msg.payload] {"id":506,"comp":1,"evap":{"in":27.5,"out":19.4,"fan":50},"cond":{"in":32.7,"out":46.1,"fan":100}}
2025/09/12 09:03:37Z TRACE [msg.payload] {"id":506,"hb":3116}
2025/09/12 09:03:37Z TRACE [msg.payload] {"id":506,"comp":1,"evap":{"in":26.9,"out":17.9,"fan":50},"cond":{"in":32.5,"out":46,"fan":100}}
2025/09/12 09:03:38Z TRACE [msg.payload] {"id":506,"hb":3117}
2025/09/12 09:03:38Z TRACE [msg.payload] {"id":506,"comp":1,"evap":{"in":27.1,"out":18.8,"fan":50},"cond":{"in":32.6,"out":45.9,"fan":100}}
2025/09/12 09:03:39Z TRACE [msg.payload] {"id":506,"hb":3118}
2025/09/12 09:03:39Z TRACE [msg.payload] {"id":506,"comp":1,"evap":{"in":26.9,"out":17.8,"fan":50},"cond":{"in":32.9,"out":46.2,"fan":100}}
2025/09/12 09:03:40Z TRACE [msg.payload] {"id":506,"hb":3119}
2025/09/12 09:03:40Z TRACE [msg.payload] {"id":506,"comp":1,"evap":{"in":27,"out":18.7,"fan":50},"cond":{"in":32.9,"out":46.2,"fan":100}}
2025/09/12 09:03:41Z TRACE [msg.payload] {"id":506,"hb":3120}
2025/09/12 09:03:41Z TRACE [msg.payload] {"id":506,"comp":1,"evap":{"in":27.4,"out":19,"fan":50},"cond":{"in":32.8,"out":46,"fan":100}}
2025/09/12 09:03:42Z TRACE [msg.payload] {"id":506,"hb":3121}
2025/09/12 09:03:42Z TRACE [msg.payload] {"id":506,"comp":1,"evap":{"in":27.5,"out":19,"fan":50},"cond":{"in":32.6,"out":45.7,"fan":100}}
2025/09/12 09:03:43Z TRACE [msg.payload] {"id":506,"hb":3122}
2025/09/12 09:03:43Z TRACE [msg.payload] {"id":506,"comp":1,"evap":{"in":26.9,"out":18.6,"fan":50},"cond":{"in":32.8,"out":45.9,"fan":100}}
2025/09/12 09:03:44Z TRACE [msg.payload] {"id":506,"hb":3123}
2025/09/12 09:03:44Z TRACE [msg.payload] {"id":506,"comp":1,"evap":{"in":27.1,"out":18.6,"fan":50},"cond":{"in":32.9,"out":46.2,"fan":100}}
2025/09/12 09:03:45Z TRACE [msg.payload] {"id":506,"hb":3124}
2025/09/12 09:03:45Z TRACE [msg.payload] {"id":506,"comp":1,"evap":{"in":27.3,"out":18.6,"fan":50},"cond":{"in":32.9,"out":46.1,"fan":100}}
2025/09/12 09:03:46Z TRACE [msg.payload] {"id":506,"hb":3125}
2025/09/12 09:03:46Z TRACE [msg.payload] {"id":506,"comp":1,"evap":{"in":27.3,"out":19.3,"fan":50},"cond":{"in":32.8,"out":46.1,"fan":100}}
2025/09/12 09:03:47Z TRACE [msg.payload] {"id":506,"hb":3126}
2025/09/12 09:03:47Z TRACE [msg.payload] {"id":506,"comp":1,"evap":{"in":27.3,"out":18.9,"fan":50},"cond":{"in":32.6,"out":45.9,"fan":100}}
2025/09/12 09:03:48Z TRACE [msg.payload] {"id":506,"hb":3127}
2025/09/12 09:03:48Z TRACE [msg.payload] {"id":506,"comp":1,"evap":{"in":27,"out":19,"fan":50},"cond":{"in":32.4,"out":46,"fan":100}}
2025/09/12 09:03:49Z TRACE [msg.payload] {"id":506,"hb":3128}
2025/09/12 09:03:49Z TRACE [msg.payload] {"id":506,"comp":1,"evap":{"in":26.9,"out":18.3,"fan":50},"cond":{"in":32.6,"out":45.9,"fan":100}}
2025/09/12 09:03:50Z TRACE [msg.payload] {"id":506,"hb":3129}
2025/09/12 09:03:50Z TRACE [msg.payload] {"id":506,"comp":1,"evap":{"in":26.1,"out":18.6,"fan":50},"cond":{"in":32.9,"out":46.2,"fan":100}}
2025/09/12 09:03:51Z TRACE [msg.payload] {"id":506,"hb":3130}
2025/09/12 09:03:51Z TRACE [msg.payload] {"id":506,"comp":1,"evap":{"in":28.2,"out":19,"fan":50},"cond":{"in":32.9,"out":52.3,"fan":100}}
2025/09/12 09:03:52Z TRACE [msg.payload] {"id":506,"hb":3131}
2025/09/12 09:03:52Z TRACE [msg.payload] {"id":506,"comp":1,"evap":{"in":27.4,"out":19.1,"fan":50},"cond":{"in":32.8,"out":46,"fan":100}}
2025/09/12 09:03:53Z TRACE [msg.payload] {"id":506,"hb":3132}
2025/09/12 09:03:53Z TRACE [msg.payload] {"id":506,"comp":1,"evap":{"in":26.9,"out":18.7,"fan":50},"cond":{"in":32.4,"out":46,"fan":100}}
2025/09/12 09:03:54Z TRACE [msg.payload] {"id":506,"hb":3133}
2025/09/12 09:03:54Z TRACE [msg.payload] {"id":506,"comp":1,"evap":{"in":27,"out":18.7,"fan":50},"cond":{"in":32.6,"out":45.7,"fan":100}}
2025/09/12 09:03:55Z TRACE [msg.payload] {"id":506,"hb":3134}
2025/09/12 09:03:55Z TRACE [msg.payload] {"id":506,"comp":1,"evap":{"in":27.3,"out":19.1,"fan":50},"cond":{"in":32.9,"out":46.1,"fan":100}}
2025/09/12 09:03:56Z TRACE [msg.payload] {"id":506,"hb":3135}
2025/09/12 09:03:56Z TRACE [msg.payload] {"id":506,"comp":1,"evap":{"in":27.3,"out":18.8,"fan":50},"cond":{"in":32.8,"out":46.1,"fan":100}}
2025/09/12 09:03:57Z TRACE [msg.payload] {"id":506,"hb":3136}
2025/09/12 09:03:57Z TRACE [msg.payload] {"id":506,"comp":1,"evap":{"in":27.1,"out":19,"fan":50},"cond":{"in":32.6,"out":45.7,"fan":100}}
2025/09/12 09:03:58Z TRACE [msg.payload] {"id":506,"hb":3137}
2025/09/12 09:03:58Z TRACE [msg.payload] {"id":506,"comp":1,"evap":{"in":27.3,"out":19,"fan":50},"cond":{"in":32.7,"out":45.9,"fan":100}}
2025/09/12 09:03:59Z TRACE [msg.payload] {"id":506,"hb":3138}
2025/09/12 09:03:59Z TRACE [msg.payload] {"id":506,"comp":1,"evap":{"in":27.3,"out":18.7,"fan":50},"cond":{"in":32.5,"out":46,"fan":100}}
2025/09/12 09:04:00Z TRACE [msg.payload] {"id":506,"hb":3139}
2025/09/12 09:04:00Z TRACE [msg.payload] {"id":506,"comp":1,"evap":{"in":27,"out":18.6,"fan":50},"cond":{"in":32.9,"out":46.2,"fan":100}}
2025/09/12 09:04:01Z TRACE [msg.payload] {"id":506,"hb":3140}
2025/09/12 09:04:01Z TRACE [msg.payload] {"id":506,"comp":1,"evap":{"in":27.3,"out":19,"fan":50},"cond":{"in":32.9,"out":45.7,"fan":100}}
2025/09/12 09:04:02Z TRACE [msg.payload] {"id":506,"hb":3141}
2025/09/12 09:04:02Z TRACE [msg.payload] {"id":506,"comp":1,"evap":{"in":27.3,"out":19.2,"fan":50},"cond":{"in":32.8,"out":45.7,"fan":100}}
2025/09/12 09:04:03Z TRACE [msg.payload] {"id":506,"hb":3142}
2025/09/12 09:04:03Z TRACE [msg.payload] {"id":506,"comp":1,"evap":{"in":27,"out":18.3,"fan":50},"cond":{"in":32.5,"out":45.8,"fan":100}}
2025/09/12 09:04:04Z TRACE [msg.payload] {"id":506,"hb":3143}
2025/09/12 09:04:04Z TRACE [msg.payload] {"id":506,"comp":1,"evap":{"in":27,"out":18.9,"fan":50},"cond":{"in":32.7,"out":45.8,"fan":100}}
2025/09/12 09:04:05Z TRACE [msg.payload] {"id":506,"hb":3144}
2025/09/12 09:04:05Z TRACE [msg.payload] {"id":506,"comp":1,"evap":{"in":26.1,"out":18.8,"fan":50},"cond":{"in":32.9,"out":46.2,"fan":100}}
2025/09/12 09:04:06Z TRACE [msg.payload] {"id":506,"hb":3145}
2025/09/12 09:04:06Z TRACE [msg.payload] {"id":506,"comp":1,"evap":{"in":27.5,"out":18.7,"fan":50},"cond":{"in":32.9,"out":46.1,"fan":100}}
2025/09/12 09:04:07Z TRACE [msg.payload] {"id":506,"hb":3146}
2025/09/12 09:04:07Z TRACE [msg.payload] {"id":506,"comp":1,"evap":{"in":27.4,"out":19,"fan":50},"cond":{"in":32.6,"out":45.9,"fan":100}}
2025/09/12 09:04:08Z TRACE [msg.payload] {"id":506,"hb":3147}
2025/09/12 09:04:08Z TRACE [msg.payload] {"id":506,"comp":1,"evap":{"in":27.5,"out":19,"fan":50},"cond":{"in":32.6,"out":45.8,"fan":100}}
2025/09/12 09:04:09Z TRACE [msg.payload] {"id":506,"hb":3148}
2025/09/12 09:04:09Z TRACE [msg.payload] {"id":506,"comp":1,"evap":{"in":27.2,"out":18.7,"fan":50},"cond":{"in":32.6,"out":46,"fan":100}}
2025/09/12 09:04:10Z TRACE [msg.payload] {"id":506,"hb":3149}
2025/09/12 09:04:10Z TRACE [msg.payload] {"id":506,"comp":1,"evap":{"in":27.1,"out":18.8,"fan":50},"cond":{"in":32.9,"out":46.1,"fan":100}}
2025/09/12 09:04:11Z TRACE [msg.payload] {"id":506,"hb":3150}
2025/09/12 09:04:11Z TRACE [msg.payload] {"id":506,"comp":1,"evap":{"in":27.3,"out":19,"fan":50},"cond":{"in":32.6,"out":46,"fan":100}}
2025/09/12 09:04:12Z TRACE [msg.payload] {"id":506,"hb":3151}
2025/09/12 09:04:12Z TRACE [msg.payload] {"id":506,"comp":1,"evap":{"in":27.3,"out":19,"fan":50},"cond":{"in":32.8,"out":46,"fan":100}}
2025/09/12 09:04:13Z TRACE [msg.payload] {"id":506,"hb":3152}
2025/09/12 09:04:13Z TRACE [msg.payload] {"id":506,"comp":1,"evap":{"in":27.2,"out":19.2,"fan":50},"cond":{"in":32.8,"out":45.9,"fan":100}}
2025/09/12 09:04:14Z TRACE [msg.payload] {"id":506,"hb":3153}
2025/09/12 09:04:14Z TRACE [msg.payload] {"id":506,"comp":1,"evap":{"in":27.3,"out":18.7,"fan":50},"cond":{"in":32.7,"out":45.9,"fan":100}}
2025/09/12 09:04:15Z TRACE [msg.payload] {"id":506,"hb":3154}
2025/09/12 09:04:15Z TRACE [msg.payload] {"id":506,"comp":1,"evap":{"in":26.9,"out":18.7,"fan":50},"cond":{"in":32.7,"out":46.1,"fan":100}}
2025/09/12 09:04:16Z TRACE [msg.payload] {"id":506,"hb":3155}
2025/09/12 09:04:16Z TRACE [msg.payload] {"id":506,"comp":1,"evap":{"in":27.5,"out":18.5,"fan":50},"cond":{"in":32.9,"out":46.2,"fan":100}}
2025/09/12 09:04:17Z TRACE [msg.payload] {"id":506,"hb":3156}
2025/09/12 09:04:17Z TRACE [msg.payload] {"id":506,"comp":1,"evap":{"in":27.3,"out":19.1,"fan":50},"cond":{"in":32.9,"out":45.8,"fan":100}}
2025/09/12 09:04:18Z TRACE [msg.payload] {"id":506,"hb":3157}
2025/09/12 09:04:18Z TRACE [msg.payload] {"id":506,"comp":1,"evap":{"in":27.4,"out":19,"fan":50},"cond":{"in":32.4,"out":45.6,"fan":100}}
2025/09/12 09:04:19Z TRACE [msg.payload] {"id":506,"hb":3158}
2025/09/12 09:04:19Z TRACE [msg.payload] {"id":506,"comp":1,"evap":{"in":27,"out":18.6,"fan":50},"cond":{"in":32.5,"out":46.4,"fan":100}}
2025/09/12 09:04:20Z TRACE [msg.payload] {"id":506,"hb":3159}
2025/09/12 09:04:20Z TRACE [msg.payload] {"id":506,"comp":1,"evap":{"in":27.1,"out":17.9,"fan":50},"cond":{"in":32.9,"out":45.9,"fan":100}}
2025/09/12 09:04:21Z TRACE [msg.payload] {"id":506,"hb":3160}
2025/09/12 09:04:21Z TRACE [msg.payload] {"id":506,"comp":1,"evap":{"in":27.5,"out":19,"fan":50},"cond":{"in":32.9,"out":46,"fan":100}}
2025/09/12 09:04:22Z TRACE [msg.payload] {"id":506,"hb":3161}
2025/09/12 09:04:22Z TRACE [msg.payload] {"id":506,"comp":1,"evap":{"in":27.3,"out":19,"fan":50},"cond":{"in":32.9,"out":46.1,"fan":100}}
2025/09/12 09:04:23Z TRACE [msg.payload] {"id":506,"hb":3162}
2025/09/12 09:04:23Z TRACE [msg.payload] {"id":506,"comp":1,"evap":{"in":27.4,"out":19,"fan":50},"cond":{"in":32.5,"out":45.8,"fan":100}}
2025/09/12 09:04:24Z TRACE [msg.payload] {"id":506,"hb":3163}
2025/09/12 09:04:24Z TRACE [msg.payload] {"id":506,"comp":1,"evap":{"in":27.1,"out":18.9,"fan":50},"cond":{"in":32.6,"out":45.7,"fan":100}}
2025/09/12 09:04:25Z TRACE [msg.payload] {"id":506,"hb":3164}
2025/09/12 09:04:25Z TRACE [msg.payload] {"id":506,"comp":1,"evap":{"in":27.2,"out":18.8,"fan":50},"cond":{"in":32.9,"out":46.3,"fan":100}}
2025/09/12 09:04:26Z TRACE [msg.payload] {"id":506,"hb":3165}
2025/09/12 09:04:26Z TRACE [msg.payload] {"id":506,"comp":1,"evap":{"in":27.6,"out":18.7,"fan":50},"cond":{"in":32.8,"out":46.1,"fan":100}}
2025/09/12 09:04:27Z TRACE [msg.payload] {"id":506,"hb":3166}
2025/09/12 09:04:27Z TRACE [msg.payload] {"id":506,"comp":1,"evap":{"in":27.3,"out":19,"fan":50},"cond":{"in":32.8,"out":45.5,"fan":100}}
2025/09/12 09:04:28Z TRACE [msg.payload] {"id":506,"hb":3167}
2025/09/12 09:04:28Z TRACE [msg.payload] {"id":506,"comp":1,"evap":{"in":27.4,"out":19,"fan":50},"cond":{"in":32.6,"out":45.6,"fan":100}}
2025/09/12 09:04:29Z TRACE [msg.payload] {"id":506,"hb":3168}
2025/09/12 09:04:29Z TRACE [msg.payload] {"id":506,"comp":1,"evap":{"in":27.2,"out":18.7,"fan":50},"cond":{"in":32.8,"out":47.5,"fan":100}}
2025/09/12 09:04:30Z TRACE [msg.payload] {"id":506,"hb":3169}
2025/09/12 09:04:30Z TRACE [msg.payload] {"id":506,"comp":1,"evap":{"in":27.1,"out":18.8,"fan":50},"cond":{"in":32.6,"out":46.3,"fan":100}}
2025/09/12 09:04:31Z TRACE [msg.payload] {"id":506,"hb":3170}
2025/09/12 09:04:31Z TRACE [msg.payload] {"id":506,"comp":1,"evap":{"in":27.5,"out":19,"fan":50},"cond":{"in":32.8,"out":46.2,"fan":100}}
2025/09/12 09:04:32Z TRACE [msg.payload] {"id":506,"hb":3171}
2025/09/12 09:04:32Z TRACE [msg.payload] {"id":506,"comp":1,"evap":{"in":27,"out":18.7,"fan":50},"cond":{"in":32.6,"out":46,"fan":100}}
2025/09/12 09:04:33Z TRACE [msg.payload] {"id":506,"hb":3172}
2025/09/12 09:04:33Z TRACE [msg.payload] {"id":506,"comp":1,"evap":{"in":27.1,"out":18.9,"fan":50},"cond":{"in":32.5,"out":45.6,"fan":100}}
2025/09/12 09:04:34Z TRACE [msg.payload] {"id":506,"hb":3173}
2025/09/12 09:04:34Z TRACE [msg.payload] {"id":506,"comp":1,"evap":{"in":27.6,"out":19.1,"fan":50},"cond":{"in":32.5,"out":45.8,"fan":100}}
2025/09/12 09:04:35Z TRACE [msg.payload] {"id":506,"hb":3174}
2025/09/12 09:04:35Z TRACE [msg.payload] {"id":506,"comp":1,"evap":{"in":27.6,"out":18.5,"fan":50},"cond":{"in":32.9,"out":45.9,"fan":100}}
2025/09/12 09:04:36Z TRACE [msg.payload] {"id":506,"hb":3175}
2025/09/12 09:04:36Z TRACE [msg.payload] {"id":506,"comp":1,"evap":{"in":27.2,"out":18.7,"fan":50},"cond":{"in":32.9,"out":46,"fan":100}}
2025/09/12 09:04:37Z TRACE [msg.payload] {"id":506,"hb":3176}
2025/09/12 09:04:37Z TRACE [msg.payload] {"id":506,"comp":1,"evap":{"in":27.5,"out":19.2,"fan":50},"cond":{"in":32.8,"out":45.8,"fan":100}}
2025/09/12 09:04:38Z TRACE [msg.payload] {"id":506,"hb":3177}
2025/09/12 09:04:38Z TRACE [msg.payload] {"id":506,"comp":1,"evap":{"in":27.4,"out":19.1,"fan":50},"cond":{"in":32.5,"out":45.7,"fan":100}}
2025/09/12 09:04:39Z TRACE [msg.payload] {"id":506,"hb":3178}
2025/09/12 09:04:39Z TRACE [msg.payload] {"id":506,"comp":1,"evap":{"in":27,"out":18.6,"fan":50},"cond":{"in":32.4,"out":45.7,"fan":100}}
2025/09/12 09:04:40Z TRACE [msg.payload] {"id":506,"hb":3179}
2025/09/12 09:04:40Z TRACE [msg.payload] {"id":506,"comp":1,"evap":{"in":26.6,"out":18.7,"fan":50},"cond":{"in":32.6,"out":46.2,"fan":100}}
2025/09/12 09:04:41Z TRACE [msg.payload] {"id":506,"hb":3180}
2025/09/12 09:04:41Z TRACE [msg.payload] {"id":506,"comp":1,"evap":{"in":27.4,"out":18.8,"fan":50},"cond":{"in":32.9,"out":46,"fan":100}}
2025/09/12 09:04:42Z TRACE [msg.payload] {"id":506,"hb":3181}
2025/09/12 09:04:42Z TRACE [msg.payload] {"id":506,"comp":1,"evap":{"in":27.2,"out":18.6,"fan":50},"cond":{"in":32.6,"out":44.7,"fan":100}}
2025/09/12 09:04:43Z TRACE [msg.payload] {"id":506,"hb":3182}
2025/09/12 09:04:43Z TRACE [msg.payload] {"id":506,"comp":1,"evap":{"in":27.4,"out":19,"fan":50},"cond":{"in":32.7,"out":45.9,"fan":100}}
2025/09/12 09:04:44Z TRACE [msg.payload] {"id":506,"hb":3183}
2025/09/12 09:04:44Z TRACE [msg.payload] {"id":506,"comp":1,"evap":{"in":27.2,"out":19.1,"fan":50},"cond":{"in":32.5,"out":45.8,"fan":100}}
2025/09/12 09:04:45Z TRACE [msg.payload] {"id":506,"hb":3184}
2025/09/12 09:04:45Z TRACE [msg.payload] {"id":506,"comp":1,"evap":{"in":27.2,"out":19,"fan":50},"cond":{"in":32.9,"out":46.2,"fan":100}}
2025/09/12 09:04:46Z TRACE [msg.payload] {"id":506,"hb":3185}
2025/09/12 09:04:46Z TRACE [msg.payload] {"id":506,"comp":1,"evap":{"in":27.2,"out":18.7,"fan":50},"cond":{"in":32.9,"out":46.1,"fan":100}}
2025/09/12 09:04:47Z TRACE [msg.payload] {"id":506,"hb":3186}
2025/09/12 09:04:47Z TRACE [msg.payload] {"id":506,"comp":1,"evap":{"in":27.3,"out":19,"fan":50},"cond":{"in":32.8,"out":45.8,"fan":100}}
2025/09/12 09:04:48Z TRACE [msg.payload] {"id":506,"hb":3187}
2025/09/12 09:04:48Z TRACE [msg.payload] {"id":506,"comp":1,"evap":{"in":27.4,"out":19.1,"fan":50},"cond":{"in":32.6,"out":45.8,"fan":100}}
2025/09/12 09:04:49Z TRACE [msg.payload] {"id":506,"hb":3188}
2025/09/12 09:04:49Z TRACE [msg.payload] {"id":506,"comp":1,"evap":{"in":27.1,"out":18.5,"fan":50},"cond":{"in":32.5,"out":45.7,"fan":100}}
2025/09/12 09:04:50Z TRACE [msg.payload] {"id":506,"hb":3189}
2025/09/12 09:04:50Z TRACE [msg.payload] {"id":506,"comp":1,"evap":{"in":27.2,"out":18.8,"fan":50},"cond":{"in":32.6,"out":46.1,"fan":100}}
2025/09/12 09:04:51Z TRACE [msg.payload] {"id":506,"hb":3190}
2025/09/12 09:04:51Z TRACE [msg.payload] {"id":506,"comp":1,"evap":{"in":27,"out":18.8,"fan":50},"cond":{"in":32.9,"out":46.1,"fan":100}}
2025/09/12 09:04:52Z TRACE [msg.payload] {"id":506,"hb":3191}
2025/09/12 09:04:52Z TRACE [msg.payload] {"id":506,"comp":1,"evap":{"in":27.5,"out":18.8,"fan":50},"cond":{"in":32.8,"out":46.1,"fan":100}}
2025/09/12 09:04:53Z TRACE [msg.payload] {"id":506,"hb":3192}
2025/09/12 09:04:53Z TRACE [msg.payload] {"id":506,"comp":1,"evap":{"in":27.4,"out":19,"fan":50},"cond":{"in":32.9,"out":45.8,"fan":100}}
2025/09/12 09:04:54Z TRACE [msg.payload] {"id":506,"hb":3193}
2025/09/12 09:04:54Z TRACE [msg.payload] {"id":506,"comp":1,"evap":{"in":27.5,"out":19,"fan":50},"cond":{"in":32.6,"out":45.9,"fan":100}}
2025/09/12 09:04:55Z TRACE [msg.payload] {"id":506,"hb":3194}
2025/09/12 09:04:55Z TRACE [msg.payload] {"id":506,"comp":1,"evap":{"in":27,"out":18.7,"fan":50},"cond":{"in":32.6,"out":46.2,"fan":100}}
2025/09/12 09:04:56Z TRACE [msg.payload] {"id":506,"hb":3195}
2025/09/12 09:04:56Z TRACE [msg.payload] {"id":506,"comp":1,"evap":{"in":27.2,"out":18.7,"fan":50},"cond":{"in":32.8,"out":46.1,"fan":100}}
2025/09/12 09:04:57Z TRACE [msg.payload] {"id":506,"hb":3196}
2025/09/12 09:04:57Z TRACE [msg.payload] {"id":506,"comp":1,"evap":{"in":27.3,"out":19,"fan":50},"cond":{"in":32.8,"out":46.2,"fan":100}}
2025/09/12 09:04:58Z TRACE [msg.payload] {"id":506,"hb":3197}
2025/09/12 09:04:58Z TRACE [msg.payload] {"id":506,"comp":1,"evap":{"in":27.3,"out":19,"fan":50},"cond":{"in":32.9,"out":45.8,"fan":100}}
2025/09/12 09:04:59Z TRACE [msg.payload] {"id":506,"hb":3198}
2025/09/12 09:04:59Z TRACE [msg.payload] {"id":506,"comp":1,"evap":{"in":27.2,"out":18.9,"fan":50},"cond":{"in":32.3,"out":45.7,"fan":100}}
2025/09/12 09:05:00Z TRACE [msg.payload] {"id":506,"hb":3199}
2025/09/12 09:05:00Z TRACE [msg.payload] {"id":506,"comp":1,"evap":{"in":27.1,"out":18.4,"fan":50},"cond":{"in":32.4,"out":45.8,"fan":100}}
2025/09/12 09:05:01Z TRACE [msg.payload] {"id":506,"hb":3200}
2025/09/12 09:05:01Z TRACE [msg.payload] {"id":506,"comp":1,"evap":{"in":27.5,"out":17.8,"fan":50},"cond":{"in":32.6,"out":46.1,"fan":100}}
2025/09/12 09:05:02Z TRACE [msg.payload] {"id":506,"hb":3201}
2025/09/12 09:05:02Z TRACE [msg.payload] {"id":506,"comp":1,"evap":{"in":27.1,"out":17.9,"fan":50},"cond":{"in":32.7,"out":45.9,"fan":100}}
2025/09/12 09:05:03Z TRACE [msg.payload] {"id":506,"hb":3202}
2025/09/12 09:05:03Z TRACE [msg.payload] {"id":506,"comp":1,"evap":{"in":27.7,"out":18.7,"fan":50},"cond":{"in":32.6,"out":46.2,"fan":100}}
2025/09/12 09:05:04Z TRACE [msg.payload] {"id":506,"hb":3203}
2025/09/12 09:05:04Z TRACE [msg.payload] {"id":506,"comp":1,"evap":{"in":27.1,"out":18.9,"fan":50},"cond":{"in":32.5,"out":45.8,"fan":100}}
2025/09/12 09:05:05Z TRACE [msg.payload] {"id":506,"hb":3204}
2025/09/12 09:05:05Z TRACE [msg.payload] {"id":506,"comp":1,"evap":{"in":27.1,"out":18.7,"fan":50},"cond":{"in":32.6,"out":46,"fan":100}}
2025/09/12 09:05:06Z TRACE [msg.payload] {"id":506,"hb":3205}
2025/09/12 09:05:06Z TRACE [msg.payload] {"id":506,"comp":1,"evap":{"in":26.6,"out":18.7,"fan":50},"cond":{"in":32.9,"out":46,"fan":100}}
2025/09/12 09:05:07Z TRACE [msg.payload] {"id":506,"hb":3206}
2025/09/12 09:05:07Z TRACE [msg.payload] {"id":506,"comp":1,"evap":{"in":27.4,"out":18.5,"fan":50},"cond":{"in":33,"out":46.1,"fan":100}}
2025/09/12 09:05:08Z TRACE [msg.payload] {"id":506,"hb":3207}
2025/09/12 09:05:08Z TRACE [msg.payload] {"id":506,"comp":1,"evap":{"in":27.3,"out":19,"fan":50},"cond":{"in":32.9,"out":45,"fan":100}}
2025/09/12 09:05:09Z TRACE [msg.payload] {"id":506,"hb":3208}
2025/09/12 09:05:09Z TRACE [msg.payload] {"id":506,"comp":1,"evap":{"in":27.4,"out":18.9,"fan":50},"cond":{"in":32.4,"out":46,"fan":100}}
2025/09/12 09:05:10Z TRACE [msg.payload] {"id":506,"hb":3209}
2025/09/12 09:05:10Z TRACE [msg.payload] {"id":506,"comp":1,"evap":{"in":27.2,"out":18.6,"fan":50},"cond":{"in":32.6,"out":46.1,"fan":100}}
2025/09/12 09:05:11Z TRACE [msg.payload] {"id":506,"hb":3210}
2025/09/12 09:05:11Z TRACE [msg.payload] {"id":506,"comp":1,"evap":{"in":27,"out":18.4,"fan":50},"cond":{"in":32.4,"out":45.4,"fan":100}}
2025/09/12 09:05:12Z TRACE [msg.payload] {"id":506,"hb":3211}
2025/09/12 09:05:12Z TRACE [msg.payload] {"id":506,"comp":1,"evap":{"in":27.6,"out":19,"fan":50},"cond":{"in":32.9,"out":45.9,"fan":100}}
2025/09/12 09:05:13Z TRACE [msg.payload] {"id":506,"hb":3212}
2025/09/12 09:05:13Z TRACE [msg.payload] {"id":506,"comp":1,"evap":{"in":27.4,"out":18.5,"fan":50},"cond":{"in":32.8,"out":46,"fan":100}}
2025/09/12 09:05:14Z TRACE [msg.payload] {"id":506,"hb":3213}
2025/09/12 09:05:14Z TRACE [msg.payload] {"id":506,"comp":1,"evap":{"in":27.3,"out":17.9,"fan":50},"cond":{"in":32.5,"out":45.9,"fan":100}}
2025/09/12 09:05:15Z TRACE [msg.payload] {"id":506,"hb":3214}
2025/09/12 09:05:15Z TRACE [msg.payload] {"id":506,"comp":1,"evap":{"in":26.9,"out":18.3,"fan":50},"cond":{"in":32.6,"out":45.7,"fan":100}}
2025/09/12 09:05:16Z TRACE [msg.payload] {"id":506,"hb":3215}
2025/09/12 09:05:16Z TRACE [msg.payload] {"id":506,"comp":1,"evap":{"in":27.5,"out":18.7,"fan":50},"cond":{"in":32.8,"out":46.1,"fan":100}}
2025/09/12 09:05:17Z TRACE [msg.payload] {"id":506,"hb":3216}
2025/09/12 09:05:17Z TRACE [msg.payload] {"id":506,"comp":1,"evap":{"in":27.2,"out":18.7,"fan":50},"cond":{"in":32.9,"out":46.1,"fan":100}}
2025/09/12 09:05:18Z TRACE [msg.payload] {"id":506,"hb":3217}
2025/09/12 09:05:18Z TRACE [msg.payload] {"id":506,"comp":1,"evap":{"in":27.5,"out":18.9,"fan":50},"cond":{"in":32.8,"out":45.9,"fan":100}}
2025/09/12 09:05:19Z TRACE [msg.payload] {"id":506,"hb":3218}
2025/09/12 09:05:19Z TRACE [msg.payload] {"id":506,"comp":1,"evap":{"in":26.9,"out":19,"fan":50},"cond":{"in":32.4,"out":46,"fan":100}}
2025/09/12 09:05:20Z TRACE [msg.payload] {"id":506,"hb":3219}
2025/09/12 09:05:20Z TRACE [msg.payload] {"id":506,"comp":1,"evap":{"in":27.4,"out":18.7,"fan":50},"cond":{"in":32.5,"out":46.7,"fan":100}}
2025/09/12 09:05:21Z TRACE [msg.payload] {"id":506,"hb":3220}
2025/09/12 09:05:21Z TRACE [msg.payload] {"id":506,"comp":1,"evap":{"in":27.1,"out":18.4,"fan":50},"cond":{"in":32.6,"out":46,"fan":100}}
2025/09/12 09:05:22Z TRACE [msg.payload] {"id":506,"hb":3221}
2025/09/12 09:05:22Z TRACE [msg.payload] {"id":506,"comp":1,"evap":{"in":27.4,"out":20.4,"fan":50},"cond":{"in":33,"out":46.2,"fan":100}}
2025/09/12 09:05:23Z TRACE [msg.payload] {"id":506,"hb":3222}
2025/09/12 09:05:23Z TRACE [msg.payload] {"id":506,"comp":1,"evap":{"in":27.4,"out":18.6,"fan":50},"cond":{"in":32.9,"out":46.4,"fan":100}}
2025/09/12 09:05:24Z TRACE [msg.payload] {"id":506,"hb":3223}
2025/09/12 09:05:24Z TRACE [msg.payload] {"id":506,"comp":1,"evap":{"in":27.2,"out":18.9,"fan":50},"cond":{"in":32.5,"out":46,"fan":100}}
2025/09/12 09:05:25Z TRACE [msg.payload] {"id":506,"hb":3224}
2025/09/12 09:05:25Z TRACE [msg.payload] {"id":506,"comp":1,"evap":{"in":27.2,"out":19,"fan":50},"cond":{"in":32.5,"out":45.9,"fan":100}}
2025/09/12 09:05:26Z TRACE [msg.payload] {"id":506,"hb":3225}
2025/09/12 09:05:26Z TRACE [msg.payload] {"id":506,"comp":1,"evap":{"in":26.9,"out":18.5,"fan":50},"cond":{"in":32.8,"out":46.1,"fan":100}}
2025/09/12 09:05:27Z TRACE [msg.payload] {"id":506,"hb":3226}
2025/09/12 09:05:27Z TRACE [msg.payload] {"id":506,"comp":1,"evap":{"in":27.2,"out":18.7,"fan":50},"cond":{"in":32.8,"out":46.1,"fan":100}}
2025/09/12 09:05:28Z TRACE [msg.payload] {"id":506,"hb":3227}
2025/09/12 09:05:28Z TRACE [msg.payload] {"id":506,"comp":1,"evap":{"in":27.3,"out":19,"fan":50},"cond":{"in":32.9,"out":45.8,"fan":100}}
2025/09/12 09:05:29Z TRACE [msg.payload] {"id":506,"hb":3228}
2025/09/12 09:05:29Z TRACE [msg.payload] {"id":506,"comp":1,"evap":{"in":27.4,"out":19.1,"fan":50},"cond":{"in":32.5,"out":45.9,"fan":100}}
2025/09/12 09:05:30Z TRACE [msg.payload] {"id":506,"hb":3229}
2025/09/12 09:05:30Z TRACE [msg.payload] {"id":506,"comp":1,"evap":{"in":27,"out":18.6,"fan":50},"cond":{"in":32.6,"out":44.9,"fan":100}}
2025/09/12 09:05:31Z TRACE [msg.payload] {"id":506,"hb":3230}
2025/09/12 09:05:31Z TRACE [msg.payload] {"id":506,"comp":1,"evap":{"in":27.2,"out":18.5,"fan":50},"cond":{"in":32.4,"out":46.2,"fan":100}}
2025/09/12 09:05:32Z TRACE [msg.payload] {"id":506,"hb":3231}
2025/09/12 09:05:32Z TRACE [msg.payload] {"id":506,"comp":1,"evap":{"in":25.1,"out":18.8,"fan":50},"cond":{"in":33,"out":46.1,"fan":100}}
2025/09/12 09:05:33Z TRACE [msg.payload] {"id":506,"hb":3232}
2025/09/12 09:05:33Z TRACE [msg.payload] {"id":506,"comp":1,"evap":{"in":27.5,"out":18.6,"fan":50},"cond":{"in":32.6,"out":46.2,"fan":100}}
2025/09/12 09:05:34Z TRACE [msg.payload] {"id":506,"hb":3233}
2025/09/12 09:05:34Z TRACE [msg.payload] {"id":506,"comp":1,"evap":{"in":27.5,"out":19,"fan":50},"cond":{"in":32.6,"out":45.9,"fan":100}}
2025/09/12 09:05:35Z TRACE [msg.payload] {"id":506,"hb":3234}
2025/09/12 09:05:35Z TRACE [msg.payload] {"id":506,"comp":1,"evap":{"in":27.2,"out":19,"fan":50},"cond":{"in":32.6,"out":45.9,"fan":100}}
2025/09/12 09:05:36Z TRACE [msg.payload] {"id":506,"hb":3235}
2025/09/12 09:05:36Z TRACE [msg.payload] {"id":506,"comp":1,"evap":{"in":27.3,"out":18.5,"fan":50},"cond":{"in":33.1,"out":46.1,"fan":100}}
2025/09/12 09:05:37Z TRACE [msg.payload] {"id":506,"hb":3236}
2025/09/12 09:05:37Z TRACE [msg.payload] {"id":506,"comp":1,"evap":{"in":27.2,"out":18.8,"fan":50},"cond":{"in":33,"out":46.2,"fan":100}}
2025/09/12 09:05:38Z TRACE [msg.payload] {"id":506,"hb":3237}
2025/09/12 09:05:38Z TRACE [msg.payload] {"id":506,"comp":1,"evap":{"in":27.5,"out":19.1,"fan":50},"cond":{"in":32.8,"out":45.8,"fan":100}}
2025/09/12 09:05:39Z TRACE [msg.payload] {"id":506,"hb":3238}
2025/09/12 09:05:39Z TRACE [msg.payload] {"id":506,"comp":1,"evap":{"in":27.4,"out":18.9,"fan":50},"cond":{"in":32.9,"out":45.9,"fan":100}}
2025/09/12 09:05:40Z TRACE [msg.payload] {"id":506,"hb":3239}
2025/09/12 09:05:40Z TRACE [msg.payload] {"id":506,"comp":1,"evap":{"in":27,"out":18.7,"fan":50},"cond":{"in":32.6,"out":45.8,"fan":100}}
2025/09/12 09:05:41Z TRACE [msg.payload] {"id":506,"hb":3240}
2025/09/12 09:05:41Z TRACE [msg.payload] {"id":506,"comp":1,"evap":{"in":27.2,"out":18.8,"fan":50},"cond":{"in":32.5,"out":46,"fan":100}}
2025/09/12 09:05:42Z TRACE [msg.payload] {"id":506,"hb":3241}
2025/09/12 09:05:42Z TRACE [msg.payload] {"id":506,"comp":1,"evap":{"in":27.4,"out":18.9,"fan":50},"cond":{"in":32.9,"out":46.1,"fan":100}}
2025/09/12 09:05:43Z TRACE [msg.payload] {"id":506,"hb":3242}
2025/09/12 09:05:43Z TRACE [msg.payload] {"id":506,"comp":1,"evap":{"in":26.8,"out":18.6,"fan":50},"cond":{"in":32.8,"out":46.2,"fan":100}}
2025/09/12 09:05:44Z TRACE [msg.payload] {"id":506,"hb":3243}
2025/09/12 09:05:44Z TRACE [msg.payload] {"id":506,"comp":1,"evap":{"in":27.3,"out":19,"fan":50},"cond":{"in":32.6,"out":45.9,"fan":100}}
2025/09/12 09:05:45Z TRACE [msg.payload] {"id":506,"hb":3244}
2025/09/12 09:05:45Z TRACE [msg.payload] {"id":506,"comp":1,"evap":{"in":27.5,"out":19,"fan":50},"cond":{"in":32.5,"out":45.9,"fan":100}}
2025/09/12 09:05:46Z TRACE [msg.payload] {"id":506,"hb":3245}
2025/09/12 09:05:46Z TRACE [msg.payload] {"id":506,"comp":1,"evap":{"in":28.1,"out":18.6,"fan":50},"cond":{"in":32.7,"out":46,"fan":100}}
2025/09/12 09:05:47Z TRACE [msg.payload] {"id":506,"hb":3246}
2025/09/12 09:05:47Z TRACE [msg.payload] {"id":506,"comp":1,"evap":{"in":27.2,"out":18.7,"fan":50},"cond":{"in":32.7,"out":45.9,"fan":100}}
2025/09/12 09:05:48Z TRACE [msg.payload] {"id":506,"hb":3247}
2025/09/12 09:05:48Z TRACE [msg.payload] {"id":506,"comp":1,"evap":{"in":27.6,"out":19,"fan":50},"cond":{"in":32.8,"out":45.8,"fan":100}}
2025/09/12 09:05:49Z TRACE [msg.payload] {"id":506,"hb":3248}
2025/09/12 09:05:49Z TRACE [msg.payload] {"id":506,"comp":1,"evap":{"in":27.2,"out":18.7,"fan":50},"cond":{"in":32.5,"out":46,"fan":100}}
2025/09/12 09:05:50Z TRACE [msg.payload] {"id":506,"hb":3249}
2025/09/12 09:05:50Z TRACE [msg.payload] {"id":506,"comp":1,"evap":{"in":27.1,"out":18.5,"fan":50},"cond":{"in":32.6,"out":45.9,"fan":100}}
2025/09/12 09:05:51Z TRACE [msg.payload] {"id":506,"hb":3250}
2025/09/12 09:05:51Z TRACE [msg.payload] {"id":506,"comp":1,"evap":{"in":27.3,"out":18.9,"fan":50},"cond":{"in":32.5,"out":45.8,"fan":100}}
2025/09/12 09:05:52Z TRACE [msg.payload] {"id":506,"hb":3251}
2025/09/12 09:05:52Z TRACE [msg.payload] {"id":506,"comp":1,"evap":{"in":27.5,"out":18.6,"fan":50},"cond":{"in":32.9,"out":46.3,"fan":100}}
2025/09/12 09:05:53Z TRACE [msg.payload] {"id":506,"hb":3252}
2025/09/12 09:05:53Z TRACE [msg.payload] {"id":506,"comp":1,"evap":{"in":27.3,"out":18.6,"fan":50},"cond":{"in":32.9,"out":46.3,"fan":100}}
2025/09/12 09:05:54Z TRACE [msg.payload] {"id":506,"hb":3253}
2025/09/12 09:05:54Z TRACE [msg.payload] {"id":506,"comp":1,"evap":{"in":27.3,"out":19,"fan":50},"cond":{"in":32.3,"out":45.9,"fan":100}}
2025/09/12 09:05:55Z TRACE [msg.payload] {"id":506,"hb":3254}
2025/09/12 09:05:55Z TRACE [msg.payload] {"id":506,"comp":1,"evap":{"in":27.3,"out":18.9,"fan":50},"cond":{"in":32.6,"out":46,"fan":100}}
2025/09/12 09:05:56Z TRACE [msg.payload] {"id":506,"hb":3255}
2025/09/12 09:05:56Z TRACE [msg.payload] {"id":506,"comp":1,"evap":{"in":27.1,"out":18.8,"fan":50},"cond":{"in":32.6,"out":46.1,"fan":100}}
2025/09/12 09:05:57Z TRACE [msg.payload] {"id":506,"hb":3256}
2025/09/12 09:05:57Z TRACE [msg.payload] {"id":506,"comp":1,"evap":{"in":27.2,"out":18.6,"fan":50},"cond":{"in":32.9,"out":46.2,"fan":100}}
2025/09/12 09:05:58Z TRACE [msg.payload] {"id":506,"hb":3257}
2025/09/12 09:05:58Z TRACE [msg.payload] {"id":506,"comp":1,"evap":{"in":27.4,"out":19.1,"fan":50},"cond":{"in":32.8,"out":45.9,"fan":100}}
2025/09/12 09:05:59Z TRACE [msg.payload] {"id":506,"hb":3258}
2025/09/12 09:05:59Z TRACE [msg.payload] {"id":506,"comp":1,"evap":{"in":27.3,"out":19,"fan":50},"cond":{"in":32.8,"out":45.8,"fan":100}}
2025/09/12 09:06:00Z TRACE [msg.payload] {"id":506,"hb":3259}
2025/09/12 09:06:00Z TRACE [msg.payload] {"id":506,"comp":1,"evap":{"in":27.1,"out":18.7,"fan":50},"cond":{"in":32.6,"out":45.9,"fan":100}}
2025/09/12 09:06:01Z TRACE [msg.payload] {"id":506,"hb":3260}
2025/09/12 09:06:01Z TRACE [msg.payload] {"id":506,"comp":1,"evap":{"in":27.1,"out":18.9,"fan":50},"cond":{"in":32.5,"out":45.8,"fan":100}}
2025/09/12 09:06:02Z TRACE [msg.payload] {"id":506,"hb":3261}
2025/09/12 09:06:02Z TRACE [msg.payload] {"id":506,"comp":1,"evap":{"in":27.1,"out":18.8,"fan":50},"cond":{"in":32.8,"out":46.2,"fan":100}}
2025/09/12 09:06:03Z TRACE [msg.payload] {"id":506,"hb":3262}
2025/09/12 09:06:03Z TRACE [msg.payload] {"id":506,"comp":1,"evap":{"in":27.1,"out":18.5,"fan":50},"cond":{"in":32.7,"out":45.9,"fan":100}}
2025/09/12 09:06:04Z TRACE [msg.payload] {"id":506,"hb":3263}
2025/09/12 09:06:04Z TRACE [msg.payload] {"id":506,"comp":1,"evap":{"in":27.6,"out":18.9,"fan":50},"cond":{"in":32.6,"out":45.9,"fan":100}}
2025/09/12 09:06:05Z TRACE [msg.payload] {"id":506,"hb":3264}
2025/09/12 09:06:05Z TRACE [msg.payload] {"id":506,"comp":1,"evap":{"in":27.3,"out":19,"fan":50},"cond":{"in":32.5,"out":45.7,"fan":100}}
2025/09/12 09:06:06Z TRACE [msg.payload] {"id":506,"hb":3265}
2025/09/12 09:06:06Z TRACE [msg.payload] {"id":506,"comp":1,"evap":{"in":27.2,"out":18.7,"fan":50},"cond":{"in":33.1,"out":45.9,"fan":100}}
2025/09/12 09:06:07Z TRACE [msg.payload] {"id":506,"hb":3266}
2025/09/12 09:06:07Z TRACE [msg.payload] {"id":506,"comp":1,"evap":{"in":27.3,"out":18.7,"fan":50},"cond":{"in":33.4,"out":46.1,"fan":100}}
2025/09/12 09:06:08Z TRACE [msg.payload] {"id":506,"hb":3267}
2025/09/12 09:06:08Z TRACE [msg.payload] {"id":506,"comp":1,"evap":{"in":27.5,"out":19.3,"fan":50},"cond":{"in":32.7,"out":46.1,"fan":100}}
2025/09/12 09:06:09Z TRACE [msg.payload] {"id":506,"hb":3268}
2025/09/12 09:06:09Z TRACE [msg.payload] {"id":506,"comp":1,"evap":{"in":27.5,"out":18.9,"fan":50},"cond":{"in":32.8,"out":46.2,"fan":100}}
2025/09/12 09:06:10Z TRACE [msg.payload] {"id":506,"hb":3269}
2025/09/12 09:06:10Z TRACE [msg.payload] {"id":506,"comp":1,"evap":{"in":27.1,"out":19,"fan":50},"cond":{"in":32.4,"out":45.7,"fan":100}}
2025/09/12 09:06:11Z TRACE [msg.payload] {"id":506,"hb":3270}
2025/09/12 09:06:11Z TRACE [msg.payload] {"id":506,"comp":1,"evap":{"in":27.2,"out":18.9,"fan":50},"cond":{"in":32.4,"out":45.9,"fan":100}}
2025/09/12 09:06:12Z TRACE [msg.payload] {"id":506,"hb":3271}
2025/09/12 09:06:12Z TRACE [msg.payload] {"id":506,"comp":1,"evap":{"in":27.2,"out":18.6,"fan":50},"cond":{"in":32.7,"out":46.1,"fan":100}}
2025/09/12 09:06:13Z TRACE [msg.payload] {"id":506,"hb":3272}
2025/09/12 09:06:13Z TRACE [msg.payload] {"id":506,"comp":1,"evap":{"in":27,"out":18.5,"fan":50},"cond":{"in":32.8,"out":46.2,"fan":100}}
2025/09/12 09:06:14Z TRACE [msg.payload] {"id":506,"hb":3273}
2025/09/12 09:06:14Z TRACE [msg.payload] {"id":506,"comp":1,"evap":{"in":27.6,"out":19,"fan":50},"cond":{"in":32.6,"out":46,"fan":100}}
2025/09/12 09:06:15Z TRACE [msg.payload] {"id":506,"hb":3274}
2025/09/12 09:06:15Z TRACE [msg.payload] {"id":506,"comp":1,"evap":{"in":27.5,"out":19,"fan":50},"cond":{"in":32.6,"out":45.8,"fan":100}}
2025/09/12 09:06:16Z TRACE [msg.payload] {"id":506,"hb":3275}
2025/09/12 09:06:16Z TRACE [msg.payload] {"id":506,"comp":1,"evap":{"in":27.2,"out":18.7,"fan":50},"cond":{"in":32.6,"out":46.2,"fan":100}}
2025/09/12 09:06:17Z TRACE [msg.payload] {"id":506,"hb":3276}
2025/09/12 09:06:17Z TRACE [msg.payload] {"id":506,"comp":1,"evap":{"in":27,"out":18.6,"fan":50},"cond":{"in":32.4,"out":45.9,"fan":100}}
2025/09/12 09:06:18Z TRACE [msg.payload] {"id":506,"hb":3277}
2025/09/12 09:06:18Z TRACE [msg.payload] {"id":506,"comp":1,"evap":{"in":27.5,"out":18.8,"fan":50},"cond":{"in":33,"out":46,"fan":100}}
2025/09/12 09:06:19Z TRACE [msg.payload] {"id":506,"hb":3278}
2025/09/12 09:06:19Z TRACE [msg.payload] {"id":506,"comp":1,"evap":{"in":27.6,"out":19,"fan":50},"cond":{"in":32.9,"out":46,"fan":100}}
2025/09/12 09:06:20Z TRACE [msg.payload] {"id":506,"hb":3279}
2025/09/12 09:06:20Z TRACE [msg.payload] {"id":506,"comp":1,"evap":{"in":27.3,"out":19,"fan":50},"cond":{"in":32.5,"out":45.9,"fan":100}}
2025/09/12 09:06:21Z TRACE [msg.payload] {"id":506,"hb":3280}
2025/09/12 09:06:21Z TRACE [msg.payload] {"id":506,"comp":1,"evap":{"in":27.4,"out":19,"fan":50},"cond":{"in":32.5,"out":45.9,"fan":100}}
2025/09/12 09:06:22Z TRACE [msg.payload] {"id":506,"hb":3281}
2025/09/12 09:06:22Z TRACE [msg.payload] {"id":506,"comp":1,"evap":{"in":27.1,"out":18.6,"fan":50},"cond":{"in":32.7,"out":46.2,"fan":100}}
2025/09/12 09:06:23Z TRACE [msg.payload] {"id":506,"hb":3282}
2025/09/12 09:06:23Z TRACE [msg.payload] {"id":506,"comp":1,"evap":{"in":27.3,"out":18.3,"fan":50},"cond":{"in":32.9,"out":46.3,"fan":100}}
2025/09/12 09:06:24Z TRACE [msg.payload] {"id":506,"hb":3283}
2025/09/12 09:06:24Z TRACE [msg.payload] {"id":506,"comp":1,"evap":{"in":27.4,"out":19.1,"fan":50},"cond":{"in":38.3,"out":45.7,"fan":100}}
2025/09/12 09:06:25Z TRACE [msg.payload] {"id":506,"hb":3284}
2025/09/12 09:06:25Z TRACE [msg.payload] {"id":506,"comp":1,"evap":{"in":27.4,"out":19,"fan":50},"cond":{"in":32.6,"out":46,"fan":100}}
2025/09/12 09:06:26Z TRACE [msg.payload] {"id":506,"hb":3285}
2025/09/12 09:06:26Z TRACE [msg.payload] {"id":506,"comp":1,"evap":{"in":27.3,"out":18.7,"fan":50},"cond":{"in":32.7,"out":45.9,"fan":100}}
2025/09/12 09:06:27Z TRACE [msg.payload] {"id":506,"hb":3286}
2025/09/12 09:06:27Z TRACE [msg.payload] {"id":506,"comp":1,"evap":{"in":27.2,"out":18.7,"fan":50},"cond":{"in":32.6,"out":46.2,"fan":100}}
2025/09/12 09:06:28Z TRACE [msg.payload] {"id":506,"hb":3287}
2025/09/12 09:06:28Z TRACE [msg.payload] {"id":506,"comp":1,"evap":{"in":27.3,"out":18.7,"fan":50},"cond":{"in":32.8,"out":46.1,"fan":100}}
2025/09/12 09:06:29Z TRACE [msg.payload] {"id":506,"hb":3288}
2025/09/12 09:06:29Z TRACE [msg.payload] {"id":506,"comp":1,"evap":{"in":27.6,"out":19.1,"fan":50},"cond":{"in":32.9,"out":46.5,"fan":100}}
2025/09/12 09:06:30Z TRACE [msg.payload] {"id":506,"hb":3289}
2025/09/12 09:06:30Z TRACE [msg.payload] {"id":506,"comp":1,"evap":{"in":27.4,"out":19,"fan":50},"cond":{"in":32.6,"out":46,"fan":100}}
2025/09/12 09:06:31Z TRACE [msg.payload] {"id":506,"hb":3290}
2025/09/12 09:06:31Z TRACE [msg.payload] {"id":506,"comp":1,"evap":{"in":27.2,"out":19,"fan":50},"cond":{"in":32.6,"out":45.9,"fan":100}}
2025/09/12 09:06:32Z TRACE [msg.payload] {"id":506,"hb":3291}
2025/09/12 09:06:32Z TRACE [msg.payload] {"id":506,"comp":1,"evap":{"in":27.2,"out":18.6,"fan":50},"cond":{"in":32.6,"out":46.1,"fan":100}}
2025/09/12 09:06:33Z TRACE [msg.payload] {"id":506,"hb":3292}
2025/09/12 09:06:33Z TRACE [msg.payload] {"id":506,"comp":1,"evap":{"in":27.3,"out":18.6,"fan":50},"cond":{"in":32.9,"out":46.1,"fan":100}}
2025/09/12 09:06:34Z TRACE [msg.payload] {"id":506,"hb":3293}
2025/09/12 09:06:34Z TRACE [msg.payload] {"id":506,"comp":1,"evap":{"in":27.5,"out":19,"fan":50},"cond":{"in":32.9,"out":46,"fan":100}}
2025/09/12 09:06:35Z TRACE [msg.payload] {"id":506,"hb":3294}
2025/09/12 09:06:35Z TRACE [msg.payload] {"id":506,"comp":1,"evap":{"in":27.5,"out":19,"fan":50},"cond":{"in":32.9,"out":45.9,"fan":100}}
2025/09/12 09:06:36Z TRACE [msg.payload] {"id":506,"hb":3295}
2025/09/12 09:06:36Z TRACE [msg.payload] {"id":506,"comp":1,"evap":{"in":27.1,"out":18.8,"fan":50},"cond":{"in":32.6,"out":45.8,"fan":100}}
2025/09/12 09:06:37Z TRACE [msg.payload] {"id":506,"hb":3296}
2025/09/12 09:06:37Z TRACE [msg.payload] {"id":506,"comp":1,"evap":{"in":27.4,"out":18.8,"fan":50},"cond":{"in":32.8,"out":45.8,"fan":100}}
2025/09/12 09:06:38Z TRACE [msg.payload] {"id":506,"hb":3297}
2025/09/12 09:06:38Z TRACE [msg.payload] {"id":506,"comp":1,"evap":{"in":27.7,"out":18.9,"fan":50},"cond":{"in":33,"out":46.2,"fan":100}}
2025/09/12 09:06:39Z TRACE [msg.payload] {"id":506,"hb":3298}
2025/09/12 09:06:39Z TRACE [msg.payload] {"id":506,"comp":1,"evap":{"in":27.6,"out":18.5,"fan":50},"cond":{"in":32.9,"out":46.1,"fan":100}}
2025/09/12 09:06:40Z TRACE [msg.payload] {"id":506,"hb":3299}
2025/09/12 09:06:40Z TRACE [msg.payload] {"id":506,"comp":1,"evap":{"in":27.2,"out":19.2,"fan":50},"cond":{"in":32.5,"out":45.9,"fan":100}}
2025/09/12 09:06:41Z TRACE [msg.payload] {"id":506,"hb":3300}
2025/09/12 09:06:41Z TRACE [msg.payload] {"id":506,"comp":1,"evap":{"in":27.1,"out":19,"fan":50},"cond":{"in":32.6,"out":45.9,"fan":100}}
2025/09/12 09:06:42Z TRACE [msg.payload] {"id":506,"hb":3301}
2025/09/12 09:06:42Z TRACE [msg.payload] {"id":506,"comp":1,"evap":{"in":27.3,"out":18.8,"fan":50},"cond":{"in":32.6,"out":46.2,"fan":100}}
2025/09/12 09:06:43Z TRACE [msg.payload] {"id":506,"hb":3302}
2025/09/12 09:06:43Z TRACE [msg.payload] {"id":506,"comp":0,"evap":{"in":27.7,"out":18.7,"fan":50},"cond":{"in":32.9,"out":46.2,"fan":100}}
2025/09/12 09:06:44Z TRACE [msg.payload] {"id":506,"hb":3303}
2025/09/12 09:06:44Z TRACE [msg.payload] {"id":506,"comp":0,"evap":{"in":27.4,"out":19.1,"fan":50},"cond":{"in":32.9,"out":46.2,"fan":100}}
2025/09/12 09:06:45Z TRACE [msg.payload] {"id":506,"hb":3304}
2025/09/12 09:06:45Z TRACE [msg.payload] {"id":506,"comp":0,"evap":{"in":27.7,"out":18.9,"fan":50},"cond":{"in":32.6,"out":45.8,"fan":100}}
2025/09/12 09:06:46Z TRACE [msg.payload] {"id":506,"hb":3305}
2025/09/12 09:06:46Z TRACE [msg.payload] {"id":506,"comp":0,"evap":{"in":27.2,"out":19,"fan":50},"cond":{"in":32.5,"out":45.8,"fan":100}}
2025/09/12 09:06:47Z TRACE [msg.payload] {"id":506,"hb":3306}
2025/09/12 09:06:47Z TRACE [msg.payload] {"id":506,"comp":0,"evap":{"in":27.3,"out":18.8,"fan":50},"cond":{"in":33,"out":46,"fan":100}}
2025/09/12 09:06:48Z TRACE [msg.payload] {"id":506,"hb":3307}
2025/09/12 09:06:48Z TRACE [msg.payload] {"id":506,"comp":0,"evap":{"in":27.1,"out":18.9,"fan":50},"cond":{"in":32.6,"out":45.9,"fan":100}}
2025/09/12 09:06:49Z TRACE [msg.payload] {"id":506,"hb":3308}
2025/09/12 09:06:49Z TRACE [msg.payload] {"id":506,"comp":0,"evap":{"in":27.6,"out":19.5,"fan":50},"cond":{"in":32.8,"out":45.6,"fan":100}}
2025/09/12 09:06:50Z TRACE [msg.payload] {"id":506,"hb":3309}
2025/09/12 09:06:50Z TRACE [msg.payload] {"id":506,"comp":0,"evap":{"in":27.6,"out":19.3,"fan":50},"cond":{"in":32.9,"out":45.2,"fan":100}}
2025/09/12 09:06:51Z TRACE [msg.payload] {"id":506,"hb":3310}
2025/09/12 09:06:51Z TRACE [msg.payload] {"id":506,"comp":0,"evap":{"in":27.3,"out":19.3,"fan":50},"cond":{"in":32.6,"out":44.8,"fan":100}}
2025/09/12 09:06:52Z TRACE [msg.payload] {"id":506,"hb":3311}
2025/09/12 09:06:52Z TRACE [msg.payload] {"id":506,"comp":0,"evap":{"in":27.3,"out":19.1,"fan":50},"cond":{"in":32.6,"out":44.6,"fan":100}}
2025/09/12 09:06:53Z TRACE [msg.payload] {"id":506,"hb":3312}
2025/09/12 09:06:53Z TRACE [msg.payload] {"id":506,"comp":0,"evap":{"in":27.2,"out":19.2,"fan":50},"cond":{"in":32.9,"out":44.5,"fan":100}}
2025/09/12 09:06:54Z TRACE [msg.payload] {"id":506,"hb":3313}
2025/09/12 09:06:54Z TRACE [msg.payload] {"id":506,"comp":0,"evap":{"in":27.6,"out":19.4,"fan":50},"cond":{"in":32.8,"out":44.1,"fan":100}}
2025/09/12 09:06:55Z TRACE [msg.payload] {"id":506,"hb":3314}
2025/09/12 09:06:55Z TRACE [msg.payload] {"id":506,"comp":0,"evap":{"in":27.5,"out":19.5,"fan":50},"cond":{"in":32.5,"out":43.6,"fan":100}}
2025/09/12 09:06:56Z TRACE [msg.payload] {"id":506,"hb":3315}
2025/09/12 09:06:56Z TRACE [msg.payload] {"id":506,"comp":0,"evap":{"in":25.8,"out":19.8,"fan":50},"cond":{"in":32.5,"out":43.1,"fan":100}}
2025/09/12 09:06:57Z TRACE [msg.payload] {"id":506,"hb":3316}
2025/09/12 09:06:57Z TRACE [msg.payload] {"id":506,"comp":0,"evap":{"in":26.6,"out":19.5,"fan":50},"cond":{"in":32.7,"out":43,"fan":100}}
2025/09/12 09:06:58Z TRACE [msg.payload] {"id":506,"hb":3317}
2025/09/12 09:06:58Z TRACE [msg.payload] {"id":506,"comp":0,"evap":{"in":27.2,"out":19.9,"fan":50},"cond":{"in":32.5,"out":42.8,"fan":100}}
2025/09/12 09:06:59Z TRACE [msg.payload] {"id":506,"hb":3318}
2025/09/12 09:06:59Z TRACE [msg.payload] {"id":506,"comp":0,"evap":{"in":27.5,"out":20.5,"fan":50},"cond":{"in":32.5,"out":42.2,"fan":100}}
2025/09/12 09:07:00Z TRACE [msg.payload] {"id":506,"hb":3319}
2025/09/12 09:07:00Z TRACE [msg.payload] {"id":506,"comp":0,"evap":{"in":27.6,"out":20.2,"fan":50},"cond":{"in":32.5,"out":41.9,"fan":100}}
2025/09/12 09:07:01Z TRACE [msg.payload] {"id":506,"hb":3320}
2025/09/12 09:07:01Z TRACE [msg.payload] {"id":506,"comp":0,"evap":{"in":27.5,"out":20.4,"fan":50},"cond":{"in":32.4,"out":40.9,"fan":100}}
2025/09/12 09:07:02Z TRACE [msg.payload] {"id":506,"hb":3321}
2025/09/12 09:07:02Z TRACE [msg.payload] {"id":506,"comp":0,"evap":{"in":27.4,"out":20.4,"fan":50},"cond":{"in":32.4,"out":40.8,"fan":100}}
2025/09/12 09:07:03Z TRACE [msg.payload] {"id":506,"hb":3322}
2025/09/12 09:07:03Z TRACE [msg.payload] {"id":506,"comp":0,"evap":{"in":27.3,"out":22.7,"fan":50},"cond":{"in":32.6,"out":40.9,"fan":100}}
2025/09/12 09:07:04Z TRACE [msg.payload] {"id":506,"hb":3323}
2025/09/12 09:07:04Z TRACE [msg.payload] {"id":506,"comp":0,"evap":{"in":27.2,"out":20.6,"fan":50},"cond":{"in":32.5,"out":37.6,"fan":100}}
2025/09/12 09:07:05Z TRACE [msg.payload] {"id":506,"hb":3324}
2025/09/12 09:07:05Z TRACE [msg.payload] {"id":506,"comp":0,"evap":{"in":27.5,"out":20.7,"fan":50},"cond":{"in":32.1,"out":39.8,"fan":100}}
2025/09/12 09:07:06Z TRACE [msg.payload] {"id":506,"hb":3325}
2025/09/12 09:07:06Z TRACE [msg.payload] {"id":506,"comp":0,"evap":{"in":27.4,"out":20.8,"fan":50},"cond":{"in":32.2,"out":39.3,"fan":100}}
2025/09/12 09:07:07Z TRACE [msg.payload] {"id":506,"hb":3326}
2025/09/12 09:07:07Z TRACE [msg.payload] {"id":506,"comp":0,"evap":{"in":27.3,"out":20.7,"fan":50},"cond":{"in":32.2,"out":39.4,"fan":100}}
2025/09/12 09:07:08Z TRACE [msg.payload] {"id":506,"hb":3327}
2025/09/12 09:07:08Z TRACE [msg.payload] {"id":506,"comp":0,"evap":{"in":27.3,"out":20.7,"fan":50},"cond":{"in":32.1,"out":39,"fan":100}}
2025/09/12 09:07:09Z TRACE [msg.payload] {"id":506,"hb":3328}
2025/09/12 09:07:09Z TRACE [msg.payload] {"id":506,"comp":0,"evap":{"in":27.6,"out":21.4,"fan":50},"cond":{"in":32.2,"out":38.6,"fan":100}}
2025/09/12 09:07:10Z TRACE [msg.payload] {"id":506,"hb":3329}
2025/09/12 09:07:10Z TRACE [msg.payload] {"id":506,"comp":0,"evap":{"in":27.3,"out":21.4,"fan":50},"cond":{"in":32.1,"out":38.2,"fan":100}}
2025/09/12 09:07:11Z TRACE [msg.payload] {"id":506,"hb":3330}
2025/09/12 09:07:11Z TRACE [msg.payload] {"id":506,"comp":0,"evap":{"in":27.3,"out":21.4,"fan":50},"cond":{"in":31.9,"out":37.5,"fan":100}}
2025/09/12 09:07:12Z TRACE [msg.payload] {"id":506,"hb":3331}
2025/09/12 09:07:12Z TRACE [msg.payload] {"id":506,"comp":0,"evap":{"in":27.5,"out":21.4,"fan":50},"cond":{"in":31.7,"out":37.3,"fan":100}}
2025/09/12 09:07:13Z TRACE [msg.payload] {"id":506,"hb":3332}
2025/09/12 09:07:13Z TRACE [msg.payload] {"id":506,"comp":0,"evap":{"in":27.1,"out":21.2,"fan":50},"cond":{"in":32.1,"out":37.4,"fan":100}}
2025/09/12 09:07:14Z TRACE [msg.payload] {"id":506,"hb":3333}
2025/09/12 09:07:15Z TRACE [msg.payload] {"id":506,"comp":0,"evap":{"in":27.2,"out":21.6,"fan":50},"cond":{"in":36.4,"out":36.9,"fan":100}}
2025/09/12 09:07:15Z TRACE [msg.payload] {"id":506,"hb":3334}
2025/09/12 09:07:16Z TRACE [msg.payload] {"id":506,"comp":0,"evap":{"in":27.4,"out":21.7,"fan":50},"cond":{"in":32.1,"out":36.4,"fan":100}}
2025/09/12 09:07:16Z TRACE [msg.payload] {"id":506,"hb":3335}
2025/09/12 09:07:17Z TRACE [msg.payload] {"id":506,"comp":0,"evap":{"in":27.5,"out":21.7,"fan":50},"cond":{"in":31.7,"out":36.1,"fan":100}}
2025/09/12 09:07:17Z TRACE [msg.payload] {"id":506,"hb":3336}
2025/09/12 09:07:18Z TRACE [msg.payload] {"id":506,"comp":0,"evap":{"in":27.2,"out":21.6,"fan":50},"cond":{"in":31.7,"out":36.1,"fan":100}}
2025/09/12 09:07:18Z TRACE [msg.payload] {"id":506,"hb":3337}
2025/09/12 09:07:19Z TRACE [msg.payload] {"id":506,"comp":0,"evap":{"in":27.3,"out":21.2,"fan":50},"cond":{"in":31.7,"out":35.9,"fan":100}}
2025/09/12 09:07:19Z TRACE [msg.payload] {"id":506,"hb":3338}
2025/09/12 09:07:20Z TRACE [msg.payload] {"id":506,"comp":0,"evap":{"in":27.5,"out":21.7,"fan":50},"cond":{"in":31.8,"out":35.7,"fan":100}}
2025/09/12 09:07:20Z TRACE [msg.payload] {"id":506,"hb":3339}
2025/09/12 09:07:21Z TRACE [msg.payload] {"id":506,"comp":0,"evap":{"in":27.4,"out":22,"fan":50},"cond":{"in":31.8,"out":35.2,"fan":100}}
2025/09/12 09:07:21Z TRACE [msg.payload] {"id":506,"hb":3340}
2025/09/12 09:07:22Z TRACE [msg.payload] {"id":506,"comp":0,"evap":{"in":27.2,"out":22.1,"fan":50},"cond":{"in":31.5,"out":34.8,"fan":100}}
2025/09/12 09:07:22Z TRACE [msg.payload] {"id":506,"hb":3341}
2025/09/12 09:07:23Z TRACE [msg.payload] {"id":506,"comp":0,"evap":{"in":27.3,"out":22.3,"fan":50},"cond":{"in":31.5,"out":34.5,"fan":100}}
2025/09/12 09:07:23Z TRACE [msg.payload] {"id":506,"hb":3342}
2025/09/12 09:07:24Z TRACE [msg.payload] {"id":506,"comp":0,"evap":{"in":26.9,"out":21.9,"fan":50},"cond":{"in":32,"out":34.5,"fan":100}}
2025/09/12 09:07:24Z TRACE [msg.payload] {"id":506,"hb":3343}
2025/09/12 09:07:25Z TRACE [msg.payload] {"id":506,"comp":0,"evap":{"in":26.9,"out":21.8,"fan":50},"cond":{"in":31.7,"out":34.5,"fan":100}}
2025/09/12 09:07:25Z TRACE [msg.payload] {"id":506,"hb":3344}
2025/09/12 09:07:26Z TRACE [msg.payload] {"id":506,"comp":0,"evap":{"in":28.6,"out":22.4,"fan":50},"cond":{"in":31.7,"out":34,"fan":100}}
2025/09/12 09:07:26Z TRACE [msg.payload] {"id":506,"hb":3345}
2025/09/12 09:07:27Z TRACE [msg.payload] {"id":506,"comp":0,"evap":{"in":27.3,"out":22.2,"fan":50},"cond":{"in":31.6,"out":33.8,"fan":100}}
2025/09/12 09:07:27Z TRACE [msg.payload] {"id":506,"hb":3346}
2025/09/12 09:07:28Z TRACE [msg.payload] {"id":506,"comp":0,"evap":{"in":27.1,"out":21.8,"fan":50},"cond":{"in":31.2,"out":33.6,"fan":100}}
2025/09/12 09:07:28Z TRACE [msg.payload] {"id":506,"hb":3347}
2025/09/12 09:07:29Z TRACE [msg.payload] {"id":506,"comp":0,"evap":{"in":27.1,"out":22.1,"fan":50},"cond":{"in":31.3,"out":33.9,"fan":100}}
2025/09/12 09:07:29Z TRACE [msg.payload] {"id":506,"hb":3348}
2025/09/12 09:07:30Z TRACE [msg.payload] {"id":506,"comp":0,"evap":{"in":27.3,"out":22.2,"fan":50},"cond":{"in":31.5,"out":33.5,"fan":100}}
2025/09/12 09:07:30Z TRACE [msg.payload] {"id":506,"hb":3349}
2025/09/12 09:07:31Z TRACE [msg.payload] {"id":506,"comp":0,"evap":{"in":27.1,"out":22.4,"fan":50},"cond":{"in":31.5,"out":33.4,"fan":100}}
2025/09/12 09:07:31Z TRACE [msg.payload] {"id":506,"hb":3350}
2025/09/12 09:07:32Z TRACE [msg.payload] {"id":506,"comp":0,"evap":{"in":27.3,"out":22.5,"fan":50},"cond":{"in":31.2,"out":32.9,"fan":100}}
2025/09/12 09:07:32Z TRACE [msg.payload] {"id":506,"hb":3351}
2025/09/12 09:07:33Z TRACE [msg.payload] {"id":506,"comp":0,"evap":{"in":27.5,"out":22.6,"fan":50},"cond":{"in":31.2,"out":32.9,"fan":100}}
2025/09/12 09:07:33Z TRACE [msg.payload] {"id":506,"hb":3352}
2025/09/12 09:07:34Z TRACE [msg.payload] {"id":506,"comp":0,"evap":{"in":27.2,"out":22.4,"fan":50},"cond":{"in":31.1,"out":32.9,"fan":100}}
2025/09/12 09:07:34Z TRACE [msg.payload] {"id":506,"hb":3353}
2025/09/12 09:07:35Z TRACE [msg.payload] {"id":506,"comp":0,"evap":{"in":27.3,"out":22.5,"fan":50},"cond":{"in":31.6,"out":32.9,"fan":100}}
2025/09/12 09:07:35Z TRACE [msg.payload] {"id":506,"hb":3354}
2025/09/12 09:07:36Z TRACE [msg.payload] {"id":506,"comp":0,"evap":{"in":27.5,"out":22.9,"fan":50},"cond":{"in":31.2,"out":32.6,"fan":100}}
2025/09/12 09:07:36Z TRACE [msg.payload] {"id":506,"hb":3355}
2025/09/12 09:07:37Z TRACE [msg.payload] {"id":506,"comp":0,"evap":{"in":27.4,"out":22.9,"fan":50},"cond":{"in":31.2,"out":32.2,"fan":100}}
2025/09/12 09:07:37Z TRACE [msg.payload] {"id":506,"hb":3356}
2025/09/12 09:07:38Z TRACE [msg.payload] {"id":506,"comp":0,"evap":{"in":27.1,"out":24.6,"fan":50},"cond":{"in":31.1,"out":32.2,"fan":100}}
2025/09/12 09:07:38Z TRACE [msg.payload] {"id":506,"hb":3357}
2025/09/12 09:07:39Z TRACE [msg.payload] {"id":506,"comp":0,"evap":{"in":27,"out":22.5,"fan":50},"cond":{"in":30.9,"out":32.1,"fan":100}}
2025/09/12 09:07:39Z TRACE [msg.payload] {"id":506,"hb":3358}
2025/09/12 09:07:40Z TRACE [msg.payload] {"id":506,"comp":0,"evap":{"in":27.3,"out":22.6,"fan":50},"cond":{"in":31.3,"out":32.2,"fan":100}}
2025/09/12 09:07:40Z TRACE [msg.payload] {"id":506,"hb":3359}
2025/09/12 09:07:41Z TRACE [msg.payload] {"id":506,"comp":0,"evap":{"in":27.3,"out":22.7,"fan":50},"cond":{"in":29.9,"out":32.2,"fan":100}}
2025/09/12 09:07:41Z TRACE [msg.payload] {"id":506,"hb":3360}
2025/09/12 09:07:42Z TRACE [msg.payload] {"id":506,"comp":0,"evap":{"in":27.2,"out":22.8,"fan":50},"cond":{"in":30.8,"out":31.9,"fan":100}}
2025/09/12 09:07:42Z TRACE [msg.payload] {"id":506,"hb":3361}
2025/09/12 09:07:43Z TRACE [msg.payload] {"id":506,"comp":0,"evap":{"in":27.3,"out":23.1,"fan":50},"cond":{"in":30.6,"out":31.8,"fan":100}}
2025/09/12 09:07:43Z TRACE [msg.payload] {"id":506,"hb":3362}
2025/09/12 09:07:44Z TRACE [msg.payload] {"id":506,"comp":0,"evap":{"in":27.2,"out":22.6,"fan":50},"cond":{"in":30.8,"out":31.9,"fan":100}}
2025/09/12 09:07:44Z TRACE [msg.payload] {"id":506,"hb":3363}
2025/09/12 09:07:45Z TRACE [msg.payload] {"id":506,"comp":0,"evap":{"in":27.1,"out":22.8,"fan":50},"cond":{"in":30.7,"out":31.8,"fan":100}}
2025/09/12 09:07:45Z TRACE [msg.payload] {"id":506,"hb":3364}
2025/09/12 09:07:46Z TRACE [msg.payload] {"id":506,"comp":0,"evap":{"in":27.3,"out":23.1,"fan":50},"cond":{"in":31.1,"out":31,"fan":100}}
2025/09/12 09:07:46Z TRACE [msg.payload] {"id":506,"hb":3365}
2025/09/12 09:07:47Z TRACE [msg.payload] {"id":506,"comp":0,"evap":{"in":27.3,"out":23.2,"fan":50},"cond":{"in":31.1,"out":31.7,"fan":100}}
2025/09/12 09:07:47Z TRACE [msg.payload] {"id":506,"hb":3366}
2025/09/12 09:07:48Z TRACE [msg.payload] {"id":506,"comp":0,"evap":{"in":27,"out":22.8,"fan":50},"cond":{"in":30.8,"out":31.3,"fan":100}}
2025/09/12 09:07:48Z TRACE [msg.payload] {"id":506,"hb":3367}
2025/09/12 09:07:49Z TRACE [msg.payload] {"id":506,"comp":0,"evap":{"in":26.9,"out":23.2,"fan":50},"cond":{"in":30.8,"out":31.2,"fan":100}}
2025/09/12 09:07:49Z TRACE [msg.payload] {"id":506,"hb":3368}
2025/09/12 09:07:50Z TRACE [msg.payload] {"id":506,"comp":0,"evap":{"in":27.5,"out":22.5,"fan":50},"cond":{"in":31.2,"out":31.6,"fan":100}}
2025/09/12 09:07:50Z TRACE [msg.payload] {"id":506,"hb":3369}
2025/09/12 09:07:51Z TRACE [msg.payload] {"id":506,"comp":0,"evap":{"in":27.1,"out":22.9,"fan":50},"cond":{"in":30.9,"out":31.5,"fan":100}}
2025/09/12 09:07:51Z TRACE [msg.payload] {"id":506,"hb":3370}
2025/09/12 09:07:52Z TRACE [msg.payload] {"id":506,"comp":0,"evap":{"in":27.2,"out":23.4,"fan":50},"cond":{"in":30.7,"out":31.1,"fan":100}}
2025/09/12 09:07:52Z TRACE [msg.payload] {"id":506,"hb":3371}
2025/09/12 09:07:53Z TRACE [msg.payload] {"id":506,"comp":0,"evap":{"in":27.5,"out":23.1,"fan":50},"cond":{"in":30.7,"out":31.2,"fan":100}}
2025/09/12 09:07:53Z TRACE [msg.payload] {"id":506,"hb":3372}
2025/09/12 09:07:54Z TRACE [msg.payload] {"id":506,"comp":0,"evap":{"in":27,"out":23.1,"fan":50},"cond":{"in":30.7,"out":31.4,"fan":100}}
2025/09/12 09:07:54Z TRACE [msg.payload] {"id":506,"hb":3373}
2025/09/12 09:07:55Z TRACE [msg.payload] {"id":506,"comp":0,"evap":{"in":27,"out":20.9,"fan":50},"cond":{"in":30.8,"out":31,"fan":100}}
2025/09/12 09:07:55Z TRACE [msg.payload] {"id":506,"hb":3374}
2025/09/12 09:07:56Z TRACE [msg.payload] {"id":506,"comp":0,"evap":{"in":27.3,"out":23.2,"fan":50},"cond":{"in":30.8,"out":30.1,"fan":100}}
2025/09/12 09:07:56Z TRACE [msg.payload] {"id":506,"hb":3375}
2025/09/12 09:07:57Z TRACE [msg.payload] {"id":506,"comp":0,"evap":{"in":27.4,"out":23.5,"fan":50},"cond":{"in":30.9,"out":31.2,"fan":100}}
2025/09/12 09:07:57Z TRACE [msg.payload] {"id":506,"hb":3376}
2025/09/12 09:07:58Z TRACE [msg.payload] {"id":506,"comp":0,"evap":{"in":27.1,"out":23.3,"fan":50},"cond":{"in":30.4,"out":30.8,"fan":100}}
2025/09/12 09:07:58Z TRACE [msg.payload] {"id":506,"hb":3377}
2025/09/12 09:07:59Z TRACE [msg.payload] {"id":506,"comp":0,"evap":{"in":27.2,"out":23.5,"fan":50},"cond":{"in":30.4,"out":30.8,"fan":100}}
2025/09/12 09:07:59Z TRACE [msg.payload] {"id":506,"hb":3378}
2025/09/12 09:08:00Z TRACE [msg.payload] {"id":506,"comp":0,"evap":{"in":27.3,"out":23.1,"fan":50},"cond":{"in":30.8,"out":30.9,"fan":100}}
2025/09/12 09:08:00Z TRACE [msg.payload] {"id":506,"hb":3379}
2025/09/12 09:08:01Z TRACE [msg.payload] {"id":506,"comp":0,"evap":{"in":27.1,"out":23.2,"fan":50},"cond":{"in":30.8,"out":30.8,"fan":100}}
2025/09/12 09:08:01Z TRACE [msg.payload] {"id":506,"hb":3380}
2025/09/12 09:08:02Z TRACE [msg.payload] {"id":506,"comp":0,"evap":{"in":27.3,"out":23.5,"fan":50},"cond":{"in":30.6,"out":30.6,"fan":100}}
2025/09/12 09:08:02Z TRACE [msg.payload] {"id":506,"hb":3381}
2025/09/12 09:08:03Z TRACE [msg.payload] {"id":506,"comp":0,"evap":{"in":27.3,"out":23.5,"fan":50},"cond":{"in":30.7,"out":30.8,"fan":100}}
2025/09/12 09:08:03Z TRACE [msg.payload] {"id":506,"hb":3382}
2025/09/12 09:08:04Z TRACE [msg.payload] {"id":506,"comp":0,"evap":{"in":26.7,"out":23.2,"fan":50},"cond":{"in":30.5,"out":30.9,"fan":100}}
2025/09/12 09:08:04Z TRACE [msg.payload] {"id":506,"hb":3383}
2025/09/12 09:08:05Z TRACE [msg.payload] {"id":506,"comp":0,"evap":{"in":27.2,"out":23.5,"fan":50},"cond":{"in":30.3,"out":30.7,"fan":100}}
2025/09/12 09:08:05Z TRACE [msg.payload] {"id":506,"hb":3384}
2025/09/12 09:08:06Z TRACE [msg.payload] {"id":506,"comp":0,"evap":{"in":27.5,"out":23.5,"fan":50},"cond":{"in":30.7,"out":30.7,"fan":100}}
2025/09/12 09:08:06Z TRACE [msg.payload] {"id":506,"hb":3385}
2025/09/12 09:08:07Z TRACE [msg.payload] {"id":506,"comp":0,"evap":{"in":27.3,"out":23.3,"fan":50},"cond":{"in":30.7,"out":30.6,"fan":100}}
2025/09/12 09:08:07Z TRACE [msg.payload] {"id":506,"hb":3386}
2025/09/12 09:08:08Z TRACE [msg.payload] {"id":506,"comp":0,"evap":{"in":27.3,"out":23.1,"fan":50},"cond":{"in":30.4,"out":30.6,"fan":100}}
2025/09/12 09:08:08Z TRACE [msg.payload] {"id":506,"hb":3387}
2025/09/12 09:08:09Z TRACE [msg.payload] {"id":506,"comp":0,"evap":{"in":27.3,"out":23.8,"fan":50},"cond":{"in":30.4,"out":30.6,"fan":100}}
2025/09/12 09:08:09Z TRACE [msg.payload] {"id":506,"hb":3388}
2025/09/12 09:08:10Z TRACE [msg.payload] {"id":506,"comp":0,"evap":{"in":27.5,"out":23.4,"fan":50},"cond":{"in":30.7,"out":30.9,"fan":100}}
2025/09/12 09:08:10Z TRACE [msg.payload] {"id":506,"hb":3389}
2025/09/12 09:08:11Z TRACE [msg.payload] {"id":506,"comp":0,"evap":{"in":27.1,"out":23,"fan":50},"cond":{"in":30.4,"out":30.8,"fan":100}}
2025/09/12 09:08:11Z TRACE [msg.payload] {"id":506,"hb":3390}
2025/09/12 09:08:12Z TRACE [msg.payload] {"id":506,"comp":0,"evap":{"in":27.3,"out":23.7,"fan":50},"cond":{"in":30.7,"out":30.5,"fan":100}}
2025/09/12 09:08:12Z TRACE [msg.payload] {"id":506,"hb":3391}
2025/09/12 09:08:13Z TRACE [msg.payload] {"id":506,"comp":0,"evap":{"in":27.3,"out":23.7,"fan":50},"cond":{"in":30.5,"out":30.8,"fan":100}}
2025/09/12 09:08:13Z TRACE [msg.payload] {"id":506,"hb":3392}
2025/09/12 09:08:14Z TRACE [msg.payload] {"id":506,"comp":0,"evap":{"in":27.1,"out":23.3,"fan":50},"cond":{"in":30.2,"out":30.8,"fan":100}}
2025/09/12 09:08:14Z TRACE [msg.payload] {"id":506,"hb":3393}
2025/09/12 09:08:15Z TRACE [msg.payload] {"id":506,"comp":0,"evap":{"in":27.2,"out":23.1,"fan":50},"cond":{"in":30.4,"out":30.4,"fan":100}}
2025/09/12 09:08:15Z TRACE [msg.payload] {"id":506,"hb":3394}
2025/09/12 09:08:16Z TRACE [msg.payload] {"id":506,"comp":0,"evap":{"in":27.6,"out":23.7,"fan":50},"cond":{"in":30.6,"out":30.7,"fan":100}}
2025/09/12 09:08:16Z TRACE [msg.payload] {"id":506,"hb":3395}
2025/09/12 09:08:17Z TRACE [msg.payload] {"id":506,"comp":0,"evap":{"in":28.1,"out":23.4,"fan":50},"cond":{"in":30.4,"out":30.6,"fan":100}}
2025/09/12 09:08:17Z TRACE [msg.payload] {"id":506,"hb":3396}
2025/09/12 09:08:18Z TRACE [msg.payload] {"id":506,"comp":0,"evap":{"in":27.2,"out":23.6,"fan":50},"cond":{"in":30.4,"out":30.6,"fan":100}}
2025/09/12 09:08:18Z TRACE [msg.payload] {"id":506,"hb":3397}
2025/09/12 09:08:19Z TRACE [msg.payload] {"id":506,"comp":0,"evap":{"in":27.3,"out":23.7,"fan":50},"cond":{"in":30.2,"out":30.5,"fan":100}}
2025/09/12 09:08:19Z TRACE [msg.payload] {"id":506,"hb":3398}
2025/09/12 09:08:20Z TRACE [msg.payload] {"id":506,"comp":0,"evap":{"in":27.1,"out":23.9,"fan":50},"cond":{"in":30.5,"out":30.4,"fan":100}}
2025/09/12 09:08:20Z TRACE [msg.payload] {"id":506,"hb":3399}
2025/09/12 09:08:21Z TRACE [msg.payload] {"id":506,"comp":0,"evap":{"in":27.1,"out":23.4,"fan":50},"cond":{"in":30.5,"out":30.8,"fan":100}}
2025/09/12 09:08:21Z TRACE [msg.payload] {"id":506,"hb":3400}
2025/09/12 09:08:22Z TRACE [msg.payload] {"id":506,"comp":0,"evap":{"in":27.3,"out":23.8,"fan":50},"cond":{"in":30.5,"out":30.7,"fan":100}}
2025/09/12 09:08:22Z TRACE [msg.payload] {"id":506,"hb":3401}
2025/09/12 09:08:23Z TRACE [msg.payload] {"id":506,"comp":0,"evap":{"in":27.5,"out":23.8,"fan":50},"cond":{"in":30.4,"out":30.5,"fan":100}}
2025/09/12 09:08:23Z TRACE [msg.payload] {"id":506,"hb":3402}
2025/09/12 09:08:24Z TRACE [msg.payload] {"id":506,"comp":0,"evap":{"in":27.1,"out":23.6,"fan":50},"cond":{"in":30.2,"out":30.6,"fan":100}}
2025/09/12 09:08:24Z TRACE [msg.payload] {"id":506,"hb":3403}
2025/09/12 09:08:25Z TRACE [msg.payload] {"id":506,"comp":0,"evap":{"in":27,"out":23.4,"fan":50},"cond":{"in":30.1,"out":30.4,"fan":100}}
2025/09/12 09:08:25Z TRACE [msg.payload] {"id":506,"hb":3404}
2025/09/12 09:08:26Z TRACE [msg.payload] {"id":506,"comp":0,"evap":{"in":27.6,"out":23.3,"fan":50},"cond":{"in":30.4,"out":30.8,"fan":100}}
2025/09/12 09:08:26Z TRACE [msg.payload] {"id":506,"hb":3405}
2025/09/12 09:08:27Z TRACE [msg.payload] {"id":506,"comp":0,"evap":{"in":27.3,"out":23.5,"fan":50},"cond":{"in":30.2,"out":30.4,"fan":100}}
2025/09/12 09:08:27Z TRACE [msg.payload] {"id":506,"hb":3406}
2025/09/12 09:08:28Z TRACE [msg.payload] {"id":506,"comp":0,"evap":{"in":27.4,"out":23.7,"fan":50},"cond":{"in":30.1,"out":29.2,"fan":100}}
2025/09/12 09:08:28Z TRACE [msg.payload] {"id":506,"hb":3407}
2025/09/12 09:08:29Z TRACE [msg.payload] {"id":506,"comp":0,"evap":{"in":26.9,"out":23.7,"fan":50},"cond":{"in":30.1,"out":30.4,"fan":100}}
2025/09/12 09:08:29Z TRACE [msg.payload] {"id":506,"hb":3408}
2025/09/12 09:08:30Z TRACE [msg.payload] {"id":506,"comp":0,"evap":{"in":27.2,"out":23.4,"fan":50},"cond":{"in":30.2,"out":30.8,"fan":100}}
2025/09/12 09:08:30Z TRACE [msg.payload] {"id":506,"hb":3409}
2025/09/12 09:08:31Z TRACE [msg.payload] {"id":506,"comp":0,"evap":{"in":27,"out":23.4,"fan":50},"cond":{"in":30.5,"out":30.8,"fan":100}}
2025/09/12 09:08:31Z TRACE [msg.payload] {"id":506,"hb":3410}
2025/09/12 09:08:32Z TRACE [msg.payload] {"id":506,"comp":0,"evap":{"in":28.4,"out":23.4,"fan":50},"cond":{"in":30.3,"out":30.6,"fan":100}}
2025/09/12 09:08:32Z TRACE [msg.payload] {"id":506,"hb":3411}
2025/09/12 09:08:33Z TRACE [msg.payload] {"id":506,"comp":0,"evap":{"in":27.4,"out":23.8,"fan":50},"cond":{"in":30.4,"out":30.4,"fan":100}}
2025/09/12 09:08:33Z TRACE [msg.payload] {"id":506,"hb":3412}
2025/09/12 09:08:34Z TRACE [msg.payload] {"id":506,"comp":0,"evap":{"in":27.2,"out":23.8,"fan":50},"cond":{"in":30.1,"out":30.5,"fan":100}}
2025/09/12 09:08:34Z TRACE [msg.payload] {"id":506,"hb":3413}
2025/09/12 09:08:35Z TRACE [msg.payload] {"id":506,"comp":0,"evap":{"in":27.1,"out":23.1,"fan":50},"cond":{"in":29.9,"out":30.8,"fan":100}}
2025/09/12 09:08:35Z TRACE [msg.payload] {"id":506,"hb":3414}
2025/09/12 09:08:36Z TRACE [msg.payload] {"id":506,"comp":0,"evap":{"in":27,"out":23.4,"fan":50},"cond":{"in":30.2,"out":30.8,"fan":100}}
2025/09/12 09:08:36Z TRACE [msg.payload] {"id":506,"hb":3415}
2025/09/12 09:08:37Z TRACE [msg.payload] {"id":506,"comp":0,"evap":{"in":27.4,"out":23.8,"fan":50},"cond":{"in":30.3,"out":30.9,"fan":100}}
2025/09/12 09:08:37Z TRACE [msg.payload] {"id":506,"hb":3416}
2025/09/12 09:08:38Z TRACE [msg.payload] {"id":506,"comp":0,"evap":{"in":27.6,"out":23.8,"fan":50},"cond":{"in":30.1,"out":30.4,"fan":100}}
2025/09/12 09:08:38Z TRACE [msg.payload] {"id":506,"hb":3417}
2025/09/12 09:08:39Z TRACE [msg.payload] {"id":506,"comp":0,"evap":{"in":27.1,"out":23.7,"fan":50},"cond":{"in":30.1,"out":30.2,"fan":100}}
2025/09/12 09:08:39Z TRACE [msg.payload] {"id":506,"hb":3418}
2025/09/12 09:08:40Z TRACE [msg.payload] {"id":506,"comp":0,"evap":{"in":26.9,"out":23.8,"fan":50},"cond":{"in":29.6,"out":30.9,"fan":100}}
2025/09/12 09:08:40Z TRACE [msg.payload] {"id":506,"hb":3419}
2025/09/12 09:08:41Z TRACE [msg.payload] {"id":506,"comp":0,"evap":{"in":27.3,"out":23.5,"fan":50},"cond":{"in":30,"out":30.8,"fan":100}}
2025/09/12 09:08:41Z TRACE [msg.payload] {"id":506,"hb":3420}
2025/09/12 09:08:42Z TRACE [msg.payload] {"id":506,"comp":0,"evap":{"in":27.2,"out":23.2,"fan":50},"cond":{"in":30.1,"out":30.5,"fan":100}}
2025/09/12 09:08:42Z TRACE [msg.payload] {"id":506,"hb":3421}
2025/09/12 09:08:43Z TRACE [msg.payload] {"id":506,"comp":0,"evap":{"in":27.3,"out":23.8,"fan":50},"cond":{"in":30.2,"out":30.4,"fan":100}}
2025/09/12 09:08:43Z TRACE [msg.payload] {"id":506,"hb":3422}
2025/09/12 09:08:44Z TRACE [msg.payload] {"id":506,"comp":0,"evap":{"in":27.5,"out":23.7,"fan":50},"cond":{"in":29.7,"out":30.4,"fan":100}}
2025/09/12 09:08:44Z TRACE [msg.payload] {"id":506,"hb":3423}
2025/09/12 09:08:45Z TRACE [msg.payload] {"id":506,"comp":0,"evap":{"in":27,"out":23.7,"fan":50},"cond":{"in":30.2,"out":30.4,"fan":100}}
2025/09/12 09:08:45Z TRACE [msg.payload] {"id":506,"hb":3424}
2025/09/12 09:08:46Z TRACE [msg.payload] {"id":506,"comp":0,"evap":{"in":27.1,"out":23.8,"fan":50},"cond":{"in":30.2,"out":30.8,"fan":100}}
2025/09/12 09:08:46Z TRACE [msg.payload] {"id":506,"hb":3425}
2025/09/12 09:08:47Z TRACE [msg.payload] {"id":506,"comp":0,"evap":{"in":27.3,"out":23.5,"fan":50},"cond":{"in":30.3,"out":30.6,"fan":100}}
2025/09/12 09:08:47Z TRACE [msg.payload] {"id":506,"hb":3426}
2025/09/12 09:08:48Z TRACE [msg.payload] {"id":506,"comp":0,"evap":{"in":27.5,"out":23.8,"fan":50},"cond":{"in":30.2,"out":30.4,"fan":100}}
2025/09/12 09:08:48Z TRACE [msg.payload] {"id":506,"hb":3427}
2025/09/12 09:08:49Z TRACE [msg.payload] {"id":506,"comp":0,"evap":{"in":27.4,"out":23.8,"fan":50},"cond":{"in":30,"out":30.4,"fan":100}}
2025/09/12 09:08:49Z TRACE [msg.payload] {"id":506,"hb":3428}
2025/09/12 09:08:50Z TRACE [msg.payload] {"id":506,"comp":0,"evap":{"in":27.3,"out":23.7,"fan":50},"cond":{"in":30.1,"out":30.4,"fan":100}}
2025/09/12 09:08:50Z TRACE [msg.payload] {"id":506,"hb":3429}
2025/09/12 09:08:51Z TRACE [msg.payload] {"id":506,"comp":0,"evap":{"in":27.2,"out":23.4,"fan":50},"cond":{"in":30.5,"out":30.8,"fan":100}}
2025/09/12 09:08:51Z TRACE [msg.payload] {"id":506,"hb":3430}
2025/09/12 09:08:52Z TRACE [msg.payload] {"id":506,"comp":0,"evap":{"in":27.4,"out":23.5,"fan":50},"cond":{"in":30.3,"out":30.7,"fan":100}}
2025/09/12 09:08:52Z TRACE [msg.payload] {"id":506,"hb":3431}
2025/09/12 09:08:53Z TRACE [msg.payload] {"id":506,"comp":0,"evap":{"in":27.3,"out":23.8,"fan":50},"cond":{"in":30.2,"out":30.7,"fan":100}}
2025/09/12 09:08:53Z TRACE [msg.payload] {"id":506,"hb":3432}
2025/09/12 09:08:54Z TRACE [msg.payload] {"id":506,"comp":0,"evap":{"in":27.3,"out":23.9,"fan":50},"cond":{"in":30.1,"out":30.4,"fan":100}}
2025/09/12 09:08:54Z TRACE [msg.payload] {"id":506,"hb":3433}
2025/09/12 09:08:55Z TRACE [msg.payload] {"id":506,"comp":0,"evap":{"in":27,"out":23.5,"fan":50},"cond":{"in":30,"out":30.4,"fan":100}}
2025/09/12 09:08:55Z TRACE [msg.payload] {"id":506,"hb":3434}
2025/09/12 09:08:56Z TRACE [msg.payload] {"id":506,"comp":0,"evap":{"in":27.1,"out":23.6,"fan":50},"cond":{"in":30.2,"out":30.6,"fan":100}}
2025/09/12 09:08:56Z TRACE [msg.payload] {"id":506,"hb":3435}
2025/09/12 09:08:57Z TRACE [msg.payload] {"id":506,"comp":0,"evap":{"in":27.6,"out":23.5,"fan":50},"cond":{"in":30.1,"out":30.7,"fan":100}}
2025/09/12 09:08:57Z TRACE [msg.payload] {"id":506,"hb":3436}
2025/09/12 09:08:58Z TRACE [msg.payload] {"id":506,"comp":0,"evap":{"in":27.3,"out":23.8,"fan":50},"cond":{"in":30.1,"out":30.4,"fan":100}}
2025/09/12 09:08:58Z TRACE [msg.payload] {"id":506,"hb":3437}
2025/09/12 09:08:59Z TRACE [msg.payload] {"id":506,"comp":0,"evap":{"in":27.5,"out":23.8,"fan":50},"cond":{"in":30,"out":30.4,"fan":100}}
2025/09/12 09:08:59Z TRACE [msg.payload] {"id":506,"hb":3438}
2025/09/12 09:09:00Z TRACE [msg.payload] {"id":506,"comp":0,"evap":{"in":27,"out":23.5,"fan":50},"cond":{"in":29.7,"out":30.5,"fan":100}}
2025/09/12 09:09:00Z TRACE [msg.payload] {"id":506,"hb":3439}
2025/09/12 09:09:01Z TRACE [msg.payload] {"id":506,"comp":0,"evap":{"in":27.2,"out":23.5,"fan":50},"cond":{"in":29.9,"out":30.8,"fan":100}}
2025/09/12 09:09:01Z TRACE [msg.payload] {"id":506,"hb":3440}
2025/09/12 09:09:02Z TRACE [msg.payload] {"id":506,"comp":0,"evap":{"in":27.4,"out":23.6,"fan":50},"cond":{"in":30.3,"out":30.7,"fan":100}}
2025/09/12 09:09:02Z TRACE [msg.payload] {"id":506,"hb":3441}
2025/09/12 09:09:03Z TRACE [msg.payload] {"id":506,"comp":0,"evap":{"in":27.5,"out":24,"fan":50},"cond":{"in":30.2,"out":30.6,"fan":100}}
2025/09/12 09:09:03Z TRACE [msg.payload] {"id":506,"hb":3442}
2025/09/12 09:09:04Z TRACE [msg.payload] {"id":506,"comp":0,"evap":{"in":27.6,"out":23.8,"fan":50},"cond":{"in":29.9,"out":30.4,"fan":100}}
2025/09/12 09:09:04Z TRACE [msg.payload] {"id":506,"hb":3443}
2025/09/12 09:09:05Z TRACE [msg.payload] {"id":506,"comp":0,"evap":{"in":27.2,"out":23.7,"fan":50},"cond":{"in":30,"out":30.4,"fan":100}}
2025/09/12 09:09:05Z TRACE [msg.payload] {"id":506,"hb":3444}
2025/09/12 09:09:06Z TRACE [msg.payload] {"id":506,"comp":0,"evap":{"in":27.1,"out":23.6,"fan":50},"cond":{"in":30.2,"out":30.1,"fan":100}}
2025/09/12 09:09:06Z TRACE [msg.payload] {"id":506,"hb":3445}
2025/09/12 09:09:07Z TRACE [msg.payload] {"id":506,"comp":0,"evap":{"in":27.2,"out":23.7,"fan":50},"cond":{"in":30.1,"out":30.7,"fan":100}}
2025/09/12 09:09:07Z TRACE [msg.payload] {"id":506,"hb":3446}
2025/09/12 09:09:08Z TRACE [msg.payload] {"id":506,"comp":0,"evap":{"in":27.4,"out":23.9,"fan":50},"cond":{"in":29.9,"out":30.5,"fan":100}}
2025/09/12 09:09:08Z TRACE [msg.payload] {"id":506,"hb":3447}
2025/09/12 09:09:09Z TRACE [msg.payload] {"id":506,"comp":0,"evap":{"in":27.5,"out":24,"fan":50},"cond":{"in":29.8,"out":30.5,"fan":100}}
2025/09/12 09:09:09Z TRACE [msg.payload] {"id":506,"hb":3448}
2025/09/12 09:09:10Z TRACE [msg.payload] {"id":506,"comp":0,"evap":{"in":27.5,"out":23.6,"fan":50},"cond":{"in":29.8,"out":30.4,"fan":100}}
2025/09/12 09:09:10Z TRACE [msg.payload] {"id":506,"hb":3449}
2025/09/12 09:09:11Z TRACE [msg.payload] {"id":506,"comp":0,"evap":{"in":27.1,"out":23.7,"fan":50},"cond":{"in":29.9,"out":30.3,"fan":100}}
2025/09/12 09:09:11Z TRACE [msg.payload] {"id":506,"hb":3450}
2025/09/12 09:09:12Z TRACE [msg.payload] {"id":506,"comp":0,"evap":{"in":27.5,"out":23.5,"fan":50},"cond":{"in":30.1,"out":30.5,"fan":100}}
2025/09/12 09:09:12Z TRACE [msg.payload] {"id":506,"hb":3451}
2025/09/12 09:09:13Z TRACE [msg.payload] {"id":506,"comp":0,"evap":{"in":27.4,"out":23.6,"fan":50},"cond":{"in":29.8,"out":30.7,"fan":100}}
2025/09/12 09:09:13Z TRACE [msg.payload] {"id":506,"hb":3452}
2025/09/12 09:09:14Z TRACE [msg.payload] {"id":506,"comp":0,"evap":{"in":27.5,"out":23.8,"fan":50},"cond":{"in":29.5,"out":30.4,"fan":100}}
2025/09/12 09:09:14Z TRACE [msg.payload] {"id":506,"hb":3453}
2025/09/12 09:09:15Z TRACE [msg.payload] {"id":506,"comp":0,"evap":{"in":27,"out":23.8,"fan":50},"cond":{"in":29.8,"out":30.5,"fan":100}}
2025/09/12 09:09:15Z TRACE [msg.payload] {"id":506,"hb":3454}
2025/09/12 09:09:16Z TRACE [msg.payload] {"id":506,"comp":0,"evap":{"in":27.3,"out":23.7,"fan":50},"cond":{"in":29.8,"out":30.8,"fan":100}}
2025/09/12 09:09:16Z TRACE [msg.payload] {"id":506,"hb":3455}
2025/09/12 09:09:17Z TRACE [msg.payload] {"id":506,"comp":0,"evap":{"in":27.2,"out":23.7,"fan":50},"cond":{"in":30.2,"out":30.6,"fan":100}}
2025/09/12 09:09:17Z TRACE [msg.payload] {"id":506,"hb":3456}
2025/09/12 09:09:18Z TRACE [msg.payload] {"id":506,"comp":0,"evap":{"in":27.3,"out":24,"fan":50},"cond":{"in":30.1,"out":30.6,"fan":100}}
2025/09/12 09:09:18Z TRACE [msg.payload] {"id":506,"hb":3457}
2025/09/12 09:09:19Z TRACE [msg.payload] {"id":506,"comp":0,"evap":{"in":27.3,"out":23.9,"fan":50},"cond":{"in":30.1,"out":30.1,"fan":100}}
2025/09/12 09:09:19Z TRACE [msg.payload] {"id":506,"hb":3458}
2025/09/12 09:09:20Z TRACE [msg.payload] {"id":506,"comp":0,"evap":{"in":27,"out":24.8,"fan":50},"cond":{"in":29.7,"out":30.3,"fan":100}}
2025/09/12 09:09:20Z TRACE [msg.payload] {"id":506,"hb":3459}
2025/09/12 09:09:21Z TRACE [msg.payload] {"id":506,"comp":0,"evap":{"in":27.3,"out":23.6,"fan":50},"cond":{"in":29.8,"out":30.2,"fan":100}}
2025/09/12 09:09:21Z TRACE [msg.payload] {"id":506,"comp":0,"evap":{"in":27.3,"out":23.6,"fan":50},"cond":{"in":29.8,"out":30.2,"fan":100}}
2025/09/12 09:09:21Z TRACE [msg.payload] {"id":506,"hb":3460}
2025/09/12 09:09:22Z TRACE [msg.payload] {"id":506,"comp":0,"evap":{"in":27.1,"out":23.6,"fan":50},"cond":{"in":29.5,"out":30.5,"fan":100}}
2025/09/12 09:09:22Z TRACE [msg.payload] {"id":506,"hb":3461}
2025/09/12 09:09:23Z TRACE [msg.payload] {"id":506,"comp":0,"evap":{"in":28.2,"out":23.7,"fan":50},"cond":{"in":30,"out":30.6,"fan":100}}
2025/09/12 09:09:23Z TRACE [msg.payload] {"id":506,"hb":3462}
2025/09/12 09:09:24Z TRACE [msg.payload] {"id":506,"comp":0,"evap":{"in":27.3,"out":24,"fan":50},"cond":{"in":30.1,"out":30.4,"fan":100}}
2025/09/12 09:09:24Z TRACE [msg.payload] {"id":506,"hb":3463}
2025/09/12 09:09:25Z TRACE [msg.payload] {"id":506,"comp":0,"evap":{"in":26.6,"out":24,"fan":50},"cond":{"in":29.9,"out":30.3,"fan":100}}
2025/09/12 09:09:25Z TRACE [msg.payload] {"id":506,"hb":3464}
2025/09/12 09:09:26Z TRACE [msg.payload] {"id":506,"comp":0,"evap":{"in":27.3,"out":23.7,"fan":50},"cond":{"in":29.8,"out":30.7,"fan":100}}
2025/09/12 09:09:26Z TRACE [msg.payload] {"id":506,"hb":3465}
2025/09/12 09:09:27Z TRACE [msg.payload] {"id":506,"comp":0,"evap":{"in":27.3,"out":23.7,"fan":50},"cond":{"in":30.1,"out":30.4,"fan":100}}
2025/09/12 09:09:27Z TRACE [msg.payload] {"id":506,"hb":3466}
2025/09/12 09:09:28Z TRACE [msg.payload] {"id":506,"comp":0,"evap":{"in":27.3,"out":23.9,"fan":50},"cond":{"in":30,"out":30.4,"fan":100}}
2025/09/12 09:09:28Z TRACE [msg.payload] {"id":506,"hb":3467}
2025/09/12 09:09:29Z TRACE [msg.payload] {"id":506,"comp":0,"evap":{"in":27.3,"out":23.8,"fan":50},"cond":{"in":30,"out":30.2,"fan":100}}
2025/09/12 09:09:29Z TRACE [msg.payload] {"id":506,"hb":3468}
2025/09/12 09:09:30Z TRACE [msg.payload] {"id":506,"comp":0,"evap":{"in":27.3,"out":24.1,"fan":50},"cond":{"in":29.8,"out":30.3,"fan":100}}
2025/09/12 09:09:30Z TRACE [msg.payload] {"id":506,"hb":3469}
2025/09/12 09:09:31Z TRACE [msg.payload] {"id":506,"comp":0,"evap":{"in":27.2,"out":23.7,"fan":50},"cond":{"in":29.8,"out":30.4,"fan":100}}
2025/09/12 09:09:31Z TRACE [msg.payload] {"id":506,"hb":3470}
2025/09/12 09:09:32Z TRACE [msg.payload] {"id":506,"comp":0,"evap":{"in":26.6,"out":23.6,"fan":50},"cond":{"in":29.7,"out":30.4,"fan":100}}
2025/09/12 09:09:32Z TRACE [msg.payload] {"id":506,"hb":3471}
2025/09/12 09:09:33Z TRACE [msg.payload] {"id":506,"comp":0,"evap":{"in":27,"out":23.7,"fan":50},"cond":{"in":29.9,"out":30.4,"fan":100}}
2025/09/12 09:09:33Z TRACE [msg.payload] {"id":506,"hb":3472}
2025/09/12 09:09:34Z TRACE [msg.payload] {"id":506,"comp":0,"evap":{"in":27.3,"out":23.9,"fan":50},"cond":{"in":29.9,"out":30.2,"fan":100}}
2025/09/12 09:09:34Z TRACE [msg.payload] {"id":506,"hb":3473}
2025/09/12 09:09:35Z TRACE [msg.payload] {"id":506,"comp":0,"evap":{"in":27.3,"out":24.1,"fan":50},"cond":{"in":29.8,"out":30.3,"fan":100}}
2025/09/12 09:09:35Z TRACE [msg.payload] {"id":506,"hb":3474}
2025/09/12 09:09:36Z TRACE [msg.payload] {"id":506,"comp":0,"evap":{"in":27.1,"out":23.6,"fan":50},"cond":{"in":29.7,"out":31,"fan":100}}
2025/09/12 09:09:36Z TRACE [msg.payload] {"id":506,"hb":3475}
2025/09/12 09:09:37Z TRACE [msg.payload] {"id":506,"comp":0,"evap":{"in":26.9,"out":23.8,"fan":50},"cond":{"in":30,"out":30.8,"fan":100}}
2025/09/12 09:09:37Z TRACE [msg.payload] {"id":506,"hb":3476}
2025/09/12 09:09:38Z TRACE [msg.payload] {"id":506,"comp":0,"evap":{"in":27.4,"out":23.7,"fan":50},"cond":{"in":29.8,"out":30.6,"fan":100}}
2025/09/12 09:09:38Z TRACE [msg.payload] {"id":506,"hb":3477}
2025/09/12 09:09:39Z TRACE [msg.payload] {"id":506,"comp":0,"evap":{"in":27.2,"out":23.7,"fan":50},"cond":{"in":29.9,"out":30.1,"fan":100}}
2025/09/12 09:09:39Z TRACE [msg.payload] {"id":506,"hb":3478}
2025/09/12 09:09:40Z TRACE [msg.payload] {"id":506,"comp":0,"evap":{"in":27.3,"out":23.9,"fan":50},"cond":{"in":29.5,"out":30.1,"fan":100}}
2025/09/12 09:09:40Z TRACE [msg.payload] {"id":506,"hb":3479}
2025/09/12 09:09:41Z TRACE [msg.payload] {"id":506,"comp":0,"evap":{"in":27.1,"out":23.7,"fan":50},"cond":{"in":29.7,"out":30.1,"fan":100}}
2025/09/12 09:09:41Z TRACE [msg.payload] {"id":506,"hb":3480}
2025/09/12 09:09:42Z TRACE [msg.payload] {"id":506,"comp":0,"evap":{"in":27.2,"out":23.4,"fan":50},"cond":{"in":29.8,"out":30.4,"fan":100}}
2025/09/12 09:09:42Z TRACE [msg.payload] {"id":506,"hb":3481}
2025/09/12 09:09:43Z TRACE [msg.payload] {"id":506,"comp":0,"evap":{"in":27.4,"out":23.8,"fan":50},"cond":{"in":30.1,"out":30.4,"fan":100}}
2025/09/12 09:09:43Z TRACE [msg.payload] {"id":506,"hb":3482}
2025/09/12 09:09:44Z TRACE [msg.payload] {"id":506,"comp":0,"evap":{"in":27.3,"out":24,"fan":50},"cond":{"in":29.8,"out":30.4,"fan":100}}
2025/09/12 09:09:44Z TRACE [msg.payload] {"id":506,"hb":3483}
2025/09/12 09:09:45Z TRACE [msg.payload] {"id":506,"comp":0,"evap":{"in":27.5,"out":24.1,"fan":50},"cond":{"in":29.7,"out":30.2,"fan":100}}
2025/09/12 09:09:45Z TRACE [msg.payload] {"id":506,"hb":3484}
2025/09/12 09:09:46Z TRACE [msg.payload] {"id":506,"comp":0,"evap":{"in":27,"out":23.7,"fan":50},"cond":{"in":29.5,"out":30.3,"fan":100}}
2025/09/12 09:09:46Z TRACE [msg.payload] {"id":506,"hb":3485}
2025/09/12 09:09:47Z TRACE [msg.payload] {"id":506,"comp":0,"evap":{"in":27.1,"out":23.7,"fan":50},"cond":{"in":29.7,"out":30.5,"fan":100}}
2025/09/12 09:09:47Z TRACE [msg.payload] {"id":506,"hb":3486}
2025/09/12 09:09:48Z TRACE [msg.payload] {"id":506,"comp":0,"evap":{"in":27.6,"out":23.7,"fan":50},"cond":{"in":30,"out":30.4,"fan":100}}
2025/09/12 09:09:48Z TRACE [msg.payload] {"id":506,"hb":3487}
2025/09/12 09:09:49Z TRACE [msg.payload] {"id":506,"comp":0,"evap":{"in":27.4,"out":24,"fan":50},"cond":{"in":29.9,"out":30.1,"fan":100}}
2025/09/12 09:09:49Z TRACE [msg.payload] {"id":506,"hb":3488}
2025/09/12 09:09:50Z TRACE [msg.payload] {"id":506,"comp":0,"evap":{"in":27.4,"out":24,"fan":50},"cond":{"in":29.5,"out":30.1,"fan":100}}
2025/09/12 09:09:50Z TRACE [msg.payload] {"id":506,"hb":3489}
2025/09/12 09:09:51Z TRACE [msg.payload] {"id":506,"comp":0,"evap":{"in":27.3,"out":24,"fan":50},"cond":{"in":29.4,"out":30.2,"fan":100}}
2025/09/12 09:09:51Z TRACE [msg.payload] {"id":506,"hb":3490}
2025/09/12 09:09:52Z TRACE [msg.payload] {"id":506,"comp":0,"evap":{"in":27.1,"out":23.7,"fan":50},"cond":{"in":29.5,"out":30.4,"fan":100}}
2025/09/12 09:09:52Z TRACE [msg.payload] {"id":506,"hb":3491}
2025/09/12 09:09:53Z TRACE [msg.payload] {"id":506,"comp":0,"evap":{"in":27.3,"out":23.7,"fan":50},"cond":{"in":29.8,"out":30.5,"fan":100}}
2025/09/12 09:09:53Z TRACE [msg.payload] {"id":506,"hb":3492}
2025/09/12 09:09:54Z TRACE [msg.payload] {"id":506,"comp":0,"evap":{"in":27.3,"out":24.3,"fan":50},"cond":{"in":29.8,"out":30.4,"fan":100}}
2025/09/12 09:09:54Z TRACE [msg.payload] {"id":506,"hb":3493}
2025/09/12 09:09:55Z TRACE [msg.payload] {"id":506,"comp":0,"evap":{"in":27.6,"out":24.1,"fan":50},"cond":{"in":29.5,"out":30.3,"fan":100}}
2025/09/12 09:09:55Z TRACE [msg.payload] {"id":506,"hb":3494}
2025/09/12 09:09:56Z TRACE [msg.payload] {"id":506,"comp":0,"evap":{"in":27.2,"out":24.1,"fan":50},"cond":{"in":29.7,"out":30.3,"fan":100}}
2025/09/12 09:09:56Z TRACE [msg.payload] {"id":506,"hb":3495}
2025/09/12 09:09:57Z TRACE [msg.payload] {"id":506,"comp":0,"evap":{"in":27.2,"out":23.8,"fan":50},"cond":{"in":29.6,"out":30.4,"fan":100}}
2025/09/12 09:09:57Z TRACE [msg.payload] {"id":506,"hb":3496}
2025/09/12 09:09:58Z TRACE [msg.payload] {"id":506,"comp":0,"evap":{"in":27.5,"out":23.9,"fan":50},"cond":{"in":30,"out":30.4,"fan":100}}
2025/09/12 09:09:58Z TRACE [msg.payload] {"id":506,"hb":3497}
2025/09/12 09:09:59Z TRACE [msg.payload] {"id":506,"comp":0,"evap":{"in":27.4,"out":24.2,"fan":50},"cond":{"in":29.8,"out":30.4,"fan":100}}
2025/09/12 09:09:59Z TRACE [msg.payload] {"id":506,"hb":3498}
2025/09/12 09:10:00Z TRACE [msg.payload] {"id":506,"comp":0,"evap":{"in":27.3,"out":24.2,"fan":50},"cond":{"in":29.6,"out":30.4,"fan":100}}
2025/09/12 09:10:00Z TRACE [msg.payload] {"id":506,"hb":3499}
2025/09/12 09:10:01Z TRACE [msg.payload] {"id":506,"comp":0,"evap":{"in":27.2,"out":24,"fan":50},"cond":{"in":29.6,"out":30.2,"fan":100}}
2025/09/12 09:10:01Z TRACE [msg.payload] {"id":506,"hb":3500}
2025/09/12 09:10:02Z TRACE [msg.payload] {"id":506,"comp":0,"evap":{"in":27.1,"out":23.8,"fan":50},"cond":{"in":29.7,"out":30.1,"fan":100}}
2025/09/12 09:10:02Z TRACE [msg.payload] {"id":506,"hb":3501}
2025/09/12 09:10:03Z TRACE [msg.payload] {"id":506,"comp":0,"evap":{"in":27.1,"out":23.8,"fan":50},"cond":{"in":30,"out":30.4,"fan":100}}
2025/09/12 09:10:03Z TRACE [msg.payload] {"id":506,"hb":3502}
2025/09/12 09:10:04Z TRACE [msg.payload] {"id":506,"comp":0,"evap":{"in":27.3,"out":25,"fan":50},"cond":{"in":30,"out":30.4,"fan":100}}
2025/09/12 09:10:04Z TRACE [msg.payload] {"id":506,"hb":3503}
2025/09/12 09:10:05Z TRACE [msg.payload] {"id":506,"comp":0,"evap":{"in":27.6,"out":24.2,"fan":50},"cond":{"in":29.6,"out":30.1,"fan":100}}
2025/09/12 09:10:05Z TRACE [msg.payload] {"id":506,"hb":3504}
2025/09/12 09:10:06Z TRACE [msg.payload] {"id":506,"comp":0,"evap":{"in":27,"out":23.8,"fan":50},"cond":{"in":29.6,"out":30,"fan":100}}
2025/09/12 09:10:06Z TRACE [msg.payload] {"id":506,"hb":3505}
2025/09/12 09:10:07Z TRACE [msg.payload] {"id":506,"hb":3506}
2025/09/12 09:10:07Z TRACE [msg.payload] {"id":506,"comp":0,"evap":{"in":27.5,"out":24,"fan":50},"cond":{"in":30,"out":30.4,"fan":100}}
2025/09/12 09:10:08Z TRACE [msg.payload] {"id":506,"hb":3507}
2025/09/12 09:10:08Z TRACE [msg.payload] {"id":506,"comp":0,"evap":{"in":27,"out":23.7,"fan":50},"cond":{"in":29.4,"out":30.1,"fan":100}}
2025/09/12 09:10:09Z TRACE [msg.payload] {"id":506,"hb":3508}
2025/09/12 09:10:09Z TRACE [msg.payload] {"id":506,"comp":0,"evap":{"in":27.5,"out":24.1,"fan":50},"cond":{"in":29.7,"out":30.1,"fan":100}}
2025/09/12 09:10:10Z TRACE [msg.payload] {"id":506,"hb":3509}
2025/09/12 09:10:10Z TRACE [msg.payload] {"id":506,"comp":0,"evap":{"in":27.4,"out":24.3,"fan":50},"cond":{"in":29.9,"out":30.2,"fan":100}}
2025/09/12 09:10:11Z TRACE [msg.payload] {"id":506,"hb":3510}
2025/09/12 09:10:11Z TRACE [msg.payload] {"id":506,"comp":0,"evap":{"in":27.9,"out":24,"fan":50},"cond":{"in":29.7,"out":30.1,"fan":100}}
2025/09/12 09:10:12Z TRACE [msg.payload] {"id":506,"hb":3511}
2025/09/12 09:10:12Z TRACE [msg.payload] {"id":506,"comp":0,"evap":{"in":27.2,"out":23.7,"fan":50},"cond":{"in":29.7,"out":30.1,"fan":100}}
2025/09/12 09:10:13Z TRACE [msg.payload] {"id":506,"hb":3512}
2025/09/12 09:10:13Z TRACE [msg.payload] {"id":506,"comp":0,"evap":{"in":27.3,"out":24,"fan":50},"cond":{"in":30.3,"out":30.5,"fan":100}}
2025/09/12 09:10:14Z TRACE [msg.payload] {"id":506,"hb":3513}
2025/09/12 09:10:14Z TRACE [msg.payload] {"id":506,"comp":0,"evap":{"in":27.3,"out":23.8,"fan":50},"cond":{"in":29.9,"out":30.6,"fan":100}}
2025/09/12 09:10:15Z TRACE [msg.payload] {"id":506,"hb":3514}
2025/09/12 09:10:15Z TRACE [msg.payload] {"id":506,"comp":0,"evap":{"in":27.5,"out":24.1,"fan":50},"cond":{"in":29.5,"out":29.7,"fan":100}}
2025/09/12 09:10:16Z TRACE [msg.payload] {"id":506,"hb":3515}
2025/09/12 09:10:16Z TRACE [msg.payload] {"id":506,"comp":0,"evap":{"in":27.3,"out":24.1,"fan":50},"cond":{"in":29.6,"out":30,"fan":100}}
2025/09/12 09:10:17Z TRACE [msg.payload] {"id":506,"hb":3516}
2025/09/12 09:10:17Z TRACE [msg.payload] {"id":506,"comp":0,"evap":{"in":27.3,"out":23.9,"fan":50},"cond":{"in":29.4,"out":30.4,"fan":100}}
2025/09/12 09:10:18Z TRACE [msg.payload] {"id":506,"hb":3517}
2025/09/12 09:10:18Z TRACE [msg.payload] {"id":506,"comp":0,"evap":{"in":27.3,"out":23.7,"fan":50},"cond":{"in":29.7,"out":30.6,"fan":100}}
2025/09/12 09:10:19Z TRACE [msg.payload] {"id":506,"hb":3518}
2025/09/12 09:10:19Z TRACE [msg.payload] {"id":506,"comp":0,"evap":{"in":27.5,"out":24.2,"fan":50},"cond":{"in":29.9,"out":30.2,"fan":100}}
2025/09/12 09:10:20Z TRACE [msg.payload] {"id":506,"hb":3519}
2025/09/12 09:10:20Z TRACE [msg.payload] {"id":506,"comp":0,"evap":{"in":27.3,"out":24.1,"fan":50},"cond":{"in":29.6,"out":30,"fan":100}}
2025/09/12 09:10:21Z TRACE [msg.payload] {"id":506,"hb":3520}
2025/09/12 09:10:21Z TRACE [msg.payload] {"id":506,"comp":0,"evap":{"in":27.3,"out":24.2,"fan":50},"cond":{"in":29.5,"out":30.1,"fan":100}}
2025/09/12 09:10:22Z TRACE [msg.payload] {"id":506,"hb":3521}
2025/09/12 09:10:22Z TRACE [msg.payload] {"id":506,"comp":0,"evap":{"in":27.2,"out":23.8,"fan":50},"cond":{"in":29.7,"out":31.4,"fan":100}}
2025/09/12 09:10:23Z TRACE [msg.payload] {"id":506,"hb":3522}
2025/09/12 09:10:23Z TRACE [msg.payload] {"id":506,"comp":0,"evap":{"in":27,"out":23.8,"fan":50},"cond":{"in":29.6,"out":30.4,"fan":100}}
2025/09/12 09:10:24Z TRACE [msg.payload] {"id":506,"hb":3523}
2025/09/12 09:10:24Z TRACE [msg.payload] {"id":506,"comp":0,"evap":{"in":27.4,"out":23.5,"fan":50},"cond":{"in":29.5,"out":30.2,"fan":100}}
2025/09/12 09:10:25Z TRACE [msg.payload] {"id":506,"hb":3524}
2025/09/12 09:10:25Z TRACE [msg.payload] {"id":506,"comp":0,"evap":{"in":27.6,"out":24,"fan":50},"cond":{"in":26.3,"out":30,"fan":100}}
2025/09/12 09:10:26Z TRACE [msg.payload] {"id":506,"hb":3525}
2025/09/12 09:10:26Z TRACE [msg.payload] {"id":506,"comp":0,"evap":{"in":27.2,"out":24.1,"fan":50},"cond":{"in":29.5,"out":30.1,"fan":100}}
2025/09/12 09:10:27Z TRACE [msg.payload] {"id":506,"hb":3526}
2025/09/12 09:10:27Z TRACE [msg.payload] {"id":506,"comp":0,"evap":{"in":27.3,"out":23.6,"fan":50},"cond":{"in":29.4,"out":30.1,"fan":100}}
2025/09/12 09:10:28Z TRACE [msg.payload] {"id":506,"hb":3527}
2025/09/12 09:10:28Z TRACE [msg.payload] {"id":506,"comp":0,"evap":{"in":27.1,"out":24.1,"fan":50},"cond":{"in":29.7,"out":30.3,"fan":100}}
2025/09/12 09:10:29Z TRACE [msg.payload] {"id":506,"hb":3528}
2025/09/12 09:10:29Z TRACE [msg.payload] {"id":506,"comp":0,"evap":{"in":27.6,"out":23.8,"fan":50},"cond":{"in":29.8,"out":30.2,"fan":100}}
2025/09/12 09:10:30Z TRACE [msg.payload] {"id":506,"hb":3529}
2025/09/12 09:10:30Z TRACE [msg.payload] {"id":506,"comp":0,"evap":{"in":27.4,"out":24.2,"fan":50},"cond":{"in":29.8,"out":30.1,"fan":100}}
2025/09/12 09:10:31Z TRACE [msg.payload] {"id":506,"hb":3530}
2025/09/12 09:10:31Z TRACE [msg.payload] {"id":506,"comp":0,"evap":{"in":27.3,"out":24.2,"fan":50},"cond":{"in":29.3,"out":30.1,"fan":100}}
2025/09/12 09:10:32Z TRACE [msg.payload] {"id":506,"hb":3531}
2025/09/12 09:10:32Z TRACE [msg.payload] {"id":506,"comp":0,"evap":{"in":27.2,"out":23.9,"fan":50},"cond":{"in":29.6,"out":30.4,"fan":100}}
2025/09/12 09:10:33Z TRACE [msg.payload] {"id":506,"hb":3532}
2025/09/12 09:10:33Z TRACE [msg.payload] {"id":506,"comp":0,"evap":{"in":26.9,"out":23.8,"fan":50},"cond":{"in":29.5,"out":30.3,"fan":100}}
2025/09/12 09:10:34Z TRACE [msg.payload] {"id":506,"hb":3533}
2025/09/12 09:10:34Z TRACE [msg.payload] {"id":506,"comp":0,"evap":{"in":27.4,"out":23.8,"fan":50},"cond":{"in":29.7,"out":30.2,"fan":100}}
2025/09/12 09:10:35Z TRACE [msg.payload] {"id":506,"hb":3534}
2025/09/12 09:10:35Z TRACE [msg.payload] {"id":506,"comp":0,"evap":{"in":27.3,"out":24,"fan":50},"cond":{"in":29.8,"out":30.3,"fan":100}}
2025/09/12 09:10:36Z TRACE [msg.payload] {"id":506,"hb":3535}
2025/09/12 09:10:36Z TRACE [msg.payload] {"id":506,"comp":0,"evap":{"in":27.2,"out":24.1,"fan":50},"cond":{"in":29.4,"out":30,"fan":100}}
2025/09/12 09:10:37Z TRACE [msg.payload] {"id":506,"hb":3536}
2025/09/12 09:10:37Z TRACE [msg.payload] {"id":506,"comp":0,"evap":{"in":27.2,"out":24.2,"fan":50},"cond":{"in":29.6,"out":30.1,"fan":100}}
2025/09/12 09:10:38Z TRACE [msg.payload] {"id":506,"hb":3537}
2025/09/12 09:10:38Z TRACE [msg.payload] {"id":506,"comp":0,"evap":{"in":27.2,"out":23.8,"fan":50},"cond":{"in":29.7,"out":30.1,"fan":100}}
2025/09/12 09:10:39Z TRACE [msg.payload] {"id":506,"hb":3538}
2025/09/12 09:10:39Z TRACE [msg.payload] {"id":506,"comp":0,"evap":{"in":27.3,"out":23.8,"fan":50},"cond":{"in":29.7,"out":30.2,"fan":100}}
2025/09/12 09:10:40Z TRACE [msg.payload] {"id":506,"hb":3539}
2025/09/12 09:10:40Z TRACE [msg.payload] {"id":506,"comp":0,"evap":{"in":27.4,"out":24.2,"fan":50},"cond":{"in":29.8,"out":30,"fan":100}}
2025/09/12 09:10:41Z TRACE [msg.payload] {"id":506,"hb":3540}
2025/09/12 09:10:41Z TRACE [msg.payload] {"id":506,"comp":0,"evap":{"in":27.3,"out":24.1,"fan":50},"cond":{"in":29.6,"out":30.1,"fan":100}}
2025/09/12 09:10:42Z TRACE [msg.payload] {"id":506,"hb":3541}
2025/09/12 09:10:42Z TRACE [msg.payload] {"id":506,"comp":0,"evap":{"in":27.2,"out":24,"fan":50},"cond":{"in":29.4,"out":30,"fan":100}}
2025/09/12 09:10:43Z TRACE [msg.payload] {"id":506,"hb":3542}
2025/09/12 09:10:43Z TRACE [msg.payload] {"id":506,"comp":0,"evap":{"in":27.2,"out":23.9,"fan":50},"cond":{"in":29.5,"out":30,"fan":100}}
2025/09/12 09:10:44Z TRACE [msg.payload] {"id":506,"hb":3543}
2025/09/12 09:10:44Z TRACE [msg.payload] {"id":506,"comp":0,"evap":{"in":27.4,"out":24.4,"fan":50},"cond":{"in":29.9,"out":30.1,"fan":100}}
2025/09/12 09:10:45Z TRACE [msg.payload] {"id":506,"hb":3544}
2025/09/12 09:10:45Z TRACE [msg.payload] {"id":506,"comp":0,"evap":{"in":27.5,"out":24.1,"fan":50},"cond":{"in":29.7,"out":30.1,"fan":100}}
2025/09/12 09:10:46Z TRACE [msg.payload] {"id":506,"hb":3545}
2025/09/12 09:10:46Z TRACE [msg.payload] {"id":506,"comp":0,"evap":{"in":27.6,"out":24,"fan":50},"cond":{"in":29.4,"out":30,"fan":100}}
2025/09/12 09:10:47Z TRACE [msg.payload] {"id":506,"hb":3546}
2025/09/12 09:10:47Z TRACE [msg.payload] {"id":506,"comp":0,"evap":{"in":27,"out":24,"fan":50},"cond":{"in":29.5,"out":29.9,"fan":100}}
2025/09/12 09:10:48Z TRACE [msg.payload] {"id":506,"hb":3547}
2025/09/12 09:10:48Z TRACE [msg.payload] {"id":506,"comp":0,"evap":{"in":27.1,"out":23.8,"fan":50},"cond":{"in":29.8,"out":30.4,"fan":100}}
2025/09/12 09:10:49Z TRACE [msg.payload] {"id":506,"hb":3548}
2025/09/12 09:10:49Z TRACE [msg.payload] {"id":506,"comp":0,"evap":{"in":27.3,"out":23.9,"fan":50},"cond":{"in":29.7,"out":30.2,"fan":100}}
2025/09/12 09:10:50Z TRACE [msg.payload] {"id":506,"hb":3549}
2025/09/12 09:10:50Z TRACE [msg.payload] {"id":506,"comp":0,"evap":{"in":27.5,"out":24.4,"fan":50},"cond":{"in":29.7,"out":29.9,"fan":100}}
2025/09/12 09:10:51Z TRACE [msg.payload] {"id":506,"hb":3550}
2025/09/12 09:10:51Z TRACE [msg.payload] {"id":506,"comp":0,"evap":{"in":27.5,"out":24.2,"fan":50},"cond":{"in":29.4,"out":30.1,"fan":100}}
2025/09/12 09:10:52Z TRACE [msg.payload] {"id":506,"hb":3551}
2025/09/12 09:10:52Z TRACE [msg.payload] {"id":506,"comp":0,"evap":{"in":27.2,"out":22.5,"fan":50},"cond":{"in":29.1,"out":29.9,"fan":100}}
2025/09/12 09:10:53Z TRACE [msg.payload] {"id":506,"hb":3552}
2025/09/12 09:10:53Z TRACE [msg.payload] {"id":506,"comp":0,"evap":{"in":27,"out":24,"fan":50},"cond":{"in":29.5,"out":30.1,"fan":100}}
2025/09/12 09:10:54Z TRACE [msg.payload] {"id":506,"hb":3553}
2025/09/12 09:10:54Z TRACE [msg.payload] {"id":506,"comp":0,"evap":{"in":27.4,"out":23.9,"fan":50},"cond":{"in":29.8,"out":30.1,"fan":100}}
2025/09/12 09:10:55Z TRACE [msg.payload] {"id":506,"hb":3554}
2025/09/12 09:10:55Z TRACE [msg.payload] {"id":506,"comp":0,"evap":{"in":27.5,"out":24.1,"fan":50},"cond":{"in":29.7,"out":30.3,"fan":100}}
2025/09/12 09:10:56Z TRACE [msg.payload] {"id":506,"hb":3555}
2025/09/12 09:10:56Z TRACE [msg.payload] {"id":506,"comp":0,"evap":{"in":27.2,"out":24.3,"fan":50},"cond":{"in":29.3,"out":30.1,"fan":100}}
2025/09/12 09:10:57Z TRACE [msg.payload] {"id":506,"hb":3556}
2025/09/12 09:10:57Z TRACE [msg.payload] {"id":506,"comp":0,"evap":{"in":27.1,"out":24.2,"fan":50},"cond":{"in":29.4,"out":30,"fan":100}}
2025/09/12 09:10:58Z TRACE [msg.payload] {"id":506,"hb":3557}
2025/09/12 09:10:58Z TRACE [msg.payload] {"id":506,"comp":0,"evap":{"in":27.2,"out":23.8,"fan":50},"cond":{"in":29.4,"out":30.2,"fan":100}}
2025/09/12 09:10:59Z TRACE [msg.payload] {"id":506,"hb":3558}
2025/09/12 09:10:59Z TRACE [msg.payload] {"id":506,"comp":0,"evap":{"in":27.6,"out":23.8,"fan":50},"cond":{"in":29.8,"out":30.3,"fan":100}}
2025/09/12 09:11:00Z TRACE [msg.payload] {"id":506,"hb":3559}
2025/09/12 09:11:00Z TRACE [msg.payload] {"id":506,"comp":0,"evap":{"in":27.5,"out":24.2,"fan":50},"cond":{"in":29.3,"out":30.3,"fan":100}}
2025/09/12 09:11:01Z TRACE [msg.payload] {"id":506,"hb":3560}
2025/09/12 09:11:01Z TRACE [msg.payload] {"id":506,"comp":0,"evap":{"in":27.3,"out":24,"fan":50},"cond":{"in":29.6,"out":29.3,"fan":100}}
2025/09/12 09:11:02Z TRACE [msg.payload] {"id":506,"hb":3561}
2025/09/12 09:11:02Z TRACE [msg.payload] {"id":506,"comp":0,"evap":{"in":29,"out":24.4,"fan":50},"cond":{"in":29.6,"out":30.4,"fan":100}}
2025/09/12 09:11:03Z TRACE [msg.payload] {"id":506,"hb":3562}
2025/09/12 09:11:03Z TRACE [msg.payload] {"id":506,"comp":0,"evap":{"in":27.3,"out":24.1,"fan":50},"cond":{"in":29.7,"out":30.1,"fan":100}}
2025/09/12 09:11:04Z TRACE [msg.payload] {"id":506,"hb":3563}
2025/09/12 09:11:04Z TRACE [msg.payload] {"id":506,"comp":0,"evap":{"in":27.3,"out":23.8,"fan":50},"cond":{"in":29.9,"out":29.9,"fan":100}}
2025/09/12 09:11:05Z TRACE [msg.payload] {"id":506,"hb":3564}
2025/09/12 09:11:05Z TRACE [msg.payload] {"id":506,"comp":0,"evap":{"in":27.5,"out":24.1,"fan":50},"cond":{"in":29.8,"out":30.1,"fan":100}}
2025/09/12 09:11:06Z TRACE [msg.payload] {"id":506,"hb":3565}
2025/09/12 09:11:06Z TRACE [msg.payload] {"id":506,"comp":0,"evap":{"in":26.1,"out":24.1,"fan":50},"cond":{"in":29.5,"out":29.9,"fan":100}}
2025/09/12 09:11:07Z TRACE [msg.payload] {"id":506,"hb":3566}
2025/09/12 09:11:07Z TRACE [msg.payload] {"id":506,"comp":0,"evap":{"in":27.5,"out":24.1,"fan":50},"cond":{"in":29.4,"out":29.8,"fan":100}}
2025/09/12 09:11:08Z TRACE [msg.payload] {"id":506,"hb":3567}
2025/09/12 09:11:08Z TRACE [msg.payload] {"id":506,"comp":0,"evap":{"in":27.3,"out":23.9,"fan":50},"cond":{"in":29.9,"out":30.1,"fan":100}}
2025/09/12 09:11:09Z TRACE [msg.payload] {"id":506,"hb":3568}
2025/09/12 09:11:09Z TRACE [msg.payload] {"id":506,"comp":0,"evap":{"in":27.3,"out":23.8,"fan":50},"cond":{"in":29.8,"out":30.1,"fan":100}}
2025/09/12 09:11:10Z TRACE [msg.payload] {"id":506,"hb":3569}
2025/09/12 09:11:10Z TRACE [msg.payload] {"id":506,"comp":0,"evap":{"in":28,"out":24,"fan":50},"cond":{"in":29.4,"out":30.2,"fan":100}}
2025/09/12 09:11:11Z TRACE [msg.payload] {"id":506,"hb":3570}
2025/09/12 09:11:11Z TRACE [msg.payload] {"id":506,"comp":0,"evap":{"in":27.6,"out":24.3,"fan":50},"cond":{"in":29.8,"out":29.9,"fan":100}}
2025/09/12 09:11:12Z TRACE [msg.payload] {"id":506,"hb":3571}
2025/09/12 09:11:12Z TRACE [msg.payload] {"id":506,"comp":0,"evap":{"in":27.1,"out":24.2,"fan":50},"cond":{"in":29.4,"out":29.8,"fan":100}}
2025/09/12 09:11:13Z TRACE [msg.payload] {"id":506,"hb":3572}
2025/09/12 09:11:13Z TRACE [msg.payload] {"id":506,"comp":0,"evap":{"in":27.2,"out":23.8,"fan":50},"cond":{"in":29.6,"out":30,"fan":100}}
2025/09/12 09:11:14Z TRACE [msg.payload] {"id":506,"hb":3573}
2025/09/12 09:11:14Z TRACE [msg.payload] {"id":506,"comp":0,"evap":{"in":27.1,"out":23.9,"fan":50},"cond":{"in":29.6,"out":30.1,"fan":100}}
2025/09/12 09:11:15Z TRACE [msg.payload] {"id":506,"hb":3574}
2025/09/12 09:11:15Z TRACE [msg.payload] {"id":506,"comp":0,"evap":{"in":27.5,"out":24.2,"fan":50},"cond":{"in":29.7,"out":30.1,"fan":100}}
2025/09/12 09:11:16Z TRACE [msg.payload] {"id":506,"hb":3575}
2025/09/12 09:11:16Z TRACE [msg.payload] {"id":506,"comp":0,"evap":{"in":27.4,"out":24.3,"fan":50},"cond":{"in":29.9,"out":29.9,"fan":100}}
2025/09/12 09:11:17Z TRACE [msg.payload] {"id":506,"hb":3576}
2025/09/12 09:11:17Z TRACE [msg.payload] {"id":506,"comp":0,"evap":{"in":27.2,"out":24.3,"fan":50},"cond":{"in":29.4,"out":30.3,"fan":100}}
2025/09/12 09:11:18Z TRACE [msg.payload] {"id":506,"hb":3577}
2025/09/12 09:11:18Z TRACE [msg.payload] {"id":506,"comp":0,"evap":{"in":27.2,"out":23.9,"fan":50},"cond":{"in":29.4,"out":31.6,"fan":100}}
2025/09/12 09:11:19Z TRACE [msg.payload] {"id":506,"hb":3578}
2025/09/12 09:11:19Z TRACE [msg.payload] {"id":506,"comp":0,"evap":{"in":27.2,"out":24,"fan":50},"cond":{"in":29.7,"out":30.2,"fan":100}}
2025/09/12 09:11:20Z TRACE [msg.payload] {"id":506,"hb":3579}
2025/09/12 09:11:20Z TRACE [msg.payload] {"id":506,"comp":0,"evap":{"in":27.6,"out":24.1,"fan":50},"cond":{"in":29.3,"out":30.1,"fan":100}}
2025/09/12 09:11:21Z TRACE [msg.payload] {"id":506,"hb":3580}
2025/09/12 09:11:21Z TRACE [msg.payload] {"id":506,"comp":0,"evap":{"in":27.3,"out":24.2,"fan":50},"cond":{"in":29.4,"out":29.9,"fan":100}}
2025/09/12 09:11:22Z TRACE [msg.payload] {"id":506,"hb":3581}
2025/09/12 09:11:22Z TRACE [msg.payload] {"id":506,"comp":0,"evap":{"in":27.3,"out":24.3,"fan":50},"cond":{"in":29.4,"out":29.8,"fan":100}}
2025/09/12 09:11:23Z TRACE [msg.payload] {"id":506,"hb":3582}
2025/09/12 09:11:23Z TRACE [msg.payload] {"id":506,"comp":0,"evap":{"in":27.2,"out":24,"fan":50},"cond":{"in":29.4,"out":29.7,"fan":100}}
2025/09/12 09:11:24Z TRACE [msg.payload] {"id":506,"hb":3583}
2025/09/12 09:11:24Z TRACE [msg.payload] {"id":506,"comp":0,"evap":{"in":27.2,"out":23.8,"fan":50},"cond":{"in":29.8,"out":30.2,"fan":100}}
2025/09/12 09:11:25Z TRACE [msg.payload] {"id":506,"hb":3584}
2025/09/12 09:11:25Z TRACE [msg.payload] {"id":506,"comp":0,"evap":{"in":27.6,"out":23.9,"fan":50},"cond":{"in":29.7,"out":30.1,"fan":100}}
2025/09/12 09:11:26Z TRACE [msg.payload] {"id":506,"hb":3585}
2025/09/12 09:11:26Z TRACE [msg.payload] {"id":506,"comp":0,"evap":{"in":29.8,"out":24,"fan":50},"cond":{"in":29.6,"out":29.9,"fan":100}}
2025/09/12 09:11:27Z TRACE [msg.payload] {"id":506,"hb":3586}
2025/09/12 09:11:27Z TRACE [msg.payload] {"id":506,"comp":0,"evap":{"in":27.3,"out":24.2,"fan":50},"cond":{"in":29.4,"out":29.9,"fan":100}}
2025/09/12 09:11:28Z TRACE [msg.payload] {"id":506,"hb":3587}
2025/09/12 09:11:28Z TRACE [msg.payload] {"id":506,"comp":0,"evap":{"in":27.1,"out":23.8,"fan":50},"cond":{"in":29.4,"out":29.8,"fan":100}}
2025/09/12 09:11:29Z TRACE [msg.payload] {"id":506,"hb":3588}
2025/09/12 09:11:29Z TRACE [msg.payload] {"id":506,"comp":0,"evap":{"in":27.2,"out":23.8,"fan":50},"cond":{"in":30.1,"out":30.1,"fan":100}}
2025/09/12 09:11:30Z TRACE [msg.payload] {"id":506,"hb":3589}
2025/09/12 09:11:30Z TRACE [msg.payload] {"id":506,"comp":0,"evap":{"in":27.3,"out":24.1,"fan":50},"cond":{"in":29.6,"out":30.1,"fan":100}}
2025/09/12 09:11:31Z TRACE [msg.payload] {"id":506,"hb":3590}
2025/09/12 09:11:31Z TRACE [msg.payload] {"id":506,"comp":0,"evap":{"in":27.6,"out":24.3,"fan":50},"cond":{"in":29.6,"out":29.8,"fan":100}}
2025/09/12 09:11:32Z TRACE [msg.payload] {"id":506,"hb":3591}
2025/09/12 09:11:32Z TRACE [msg.payload] {"id":506,"comp":0,"evap":{"in":27.6,"out":24.2,"fan":50},"cond":{"in":29.4,"out":29.8,"fan":100}}
2025/09/12 09:11:33Z TRACE [msg.payload] {"id":506,"hb":3592}
2025/09/12 09:11:33Z TRACE [msg.payload] {"id":506,"comp":0,"evap":{"in":27,"out":24.2,"fan":50},"cond":{"in":29.4,"out":30.6,"fan":100}}
2025/09/12 09:11:34Z TRACE [msg.payload] {"id":506,"hb":3593}
2025/09/12 09:11:34Z TRACE [msg.payload] {"id":506,"comp":0,"evap":{"in":27.2,"out":24,"fan":50},"cond":{"in":29.4,"out":30.1,"fan":100}}
2025/09/12 09:11:35Z TRACE [msg.payload] {"id":506,"hb":3594}
2025/09/12 09:11:35Z TRACE [msg.payload] {"id":506,"comp":0,"evap":{"in":27.5,"out":23.8,"fan":50},"cond":{"in":29.6,"out":30.1,"fan":100}}
2025/09/12 09:11:36Z TRACE [msg.payload] {"id":506,"hb":3595}
2025/09/12 09:11:36Z TRACE [msg.payload] {"id":506,"comp":0,"evap":{"in":27.5,"out":24.3,"fan":50},"cond":{"in":29.5,"out":29.8,"fan":100}}
2025/09/12 09:11:37Z TRACE [msg.payload] {"id":506,"hb":3596}
2025/09/12 09:11:37Z TRACE [msg.payload] {"id":506,"comp":0,"evap":{"in":27.3,"out":24.4,"fan":50},"cond":{"in":29.5,"out":29.8,"fan":100}}
2025/09/12 09:11:38Z TRACE [msg.payload] {"id":506,"hb":3597}
2025/09/12 09:11:38Z TRACE [msg.payload] {"id":506,"comp":0,"evap":{"in":27,"out":20.2,"fan":50},"cond":{"in":29.4,"out":29.8,"fan":100}}
2025/09/12 09:11:39Z TRACE [msg.payload] {"id":506,"hb":3598}
2025/09/12 09:11:39Z TRACE [msg.payload] {"id":506,"comp":0,"evap":{"in":27.1,"out":24.2,"fan":50},"cond":{"in":29.4,"out":30.3,"fan":100}}
2025/09/12 09:11:40Z TRACE [msg.payload] {"id":506,"hb":3599}
2025/09/12 09:11:40Z TRACE [msg.payload] {"id":506,"comp":0,"evap":{"in":27.6,"out":24.1,"fan":50},"cond":{"in":29.7,"out":30.1,"fan":100}}
2025/09/12 09:11:41Z TRACE [msg.payload] {"id":506,"hb":3600}
2025/09/12 09:11:41Z TRACE [msg.payload] {"id":506,"comp":0,"evap":{"in":27.5,"out":24.4,"fan":50},"cond":{"in":29.8,"out":30.1,"fan":100}}
2025/09/12 09:11:42Z TRACE [msg.payload] {"id":506,"hb":3601}
2025/09/12 09:11:42Z TRACE [msg.payload] {"id":506,"comp":0,"evap":{"in":27.3,"out":24.5,"fan":50},"cond":{"in":29.4,"out":30,"fan":100}}
2025/09/12 09:11:43Z TRACE [msg.payload] {"id":506,"hb":3602}
2025/09/12 09:11:43Z TRACE [msg.payload] {"id":506,"comp":0,"evap":{"in":27.1,"out":24.3,"fan":50},"cond":{"in":29.4,"out":29.7,"fan":100}}
2025/09/12 09:11:44Z TRACE [msg.payload] {"id":506,"hb":3603}
2025/09/12 09:11:44Z TRACE [msg.payload] {"id":506,"comp":1,"evap":{"in":27.1,"out":23.8,"fan":50},"cond":{"in":29.6,"out":30.4,"fan":100}}
2025/09/12 09:11:45Z TRACE [msg.payload] {"id":506,"hb":3604}
2025/09/12 09:11:45Z TRACE [msg.payload] {"id":506,"comp":1,"evap":{"in":27.2,"out":24,"fan":50},"cond":{"in":29.7,"out":30.1,"fan":100}}
2025/09/12 09:11:46Z TRACE [msg.payload] {"id":506,"hb":3605}
2025/09/12 09:11:46Z TRACE [msg.payload] {"id":506,"comp":1,"evap":{"in":27.5,"out":24.3,"fan":50},"cond":{"in":29.8,"out":30.1,"fan":100}}
2025/09/12 09:11:47Z TRACE [msg.payload] {"id":506,"hb":3606}
2025/09/12 09:11:47Z TRACE [msg.payload] {"id":506,"comp":1,"evap":{"in":27.5,"out":24.1,"fan":50},"cond":{"in":29.7,"out":30.1,"fan":100}}
2025/09/12 09:11:48Z TRACE [msg.payload] {"id":506,"hb":3607}
2025/09/12 09:11:48Z TRACE [msg.payload] {"id":506,"comp":1,"evap":{"in":27.2,"out":23.9,"fan":50},"cond":{"in":29.4,"out":30.2,"fan":100}}
2025/09/12 09:11:49Z TRACE [msg.payload] {"id":506,"hb":3608}
2025/09/12 09:11:49Z TRACE [msg.payload] {"id":506,"comp":1,"evap":{"in":27,"out":23.8,"fan":50},"cond":{"in":29.5,"out":30.4,"fan":100}}
2025/09/12 09:11:50Z TRACE [msg.payload] {"id":506,"hb":3609}
2025/09/12 09:11:50Z TRACE [msg.payload] {"id":506,"comp":1,"evap":{"in":27.4,"out":24.1,"fan":50},"cond":{"in":30,"out":30.8,"fan":100}}
2025/09/12 09:11:51Z TRACE [msg.payload] {"id":506,"hb":3610}
2025/09/12 09:11:51Z TRACE [msg.payload] {"id":506,"comp":1,"evap":{"in":26.9,"out":23.8,"fan":50},"cond":{"in":29.8,"out":31.3,"fan":100}}
2025/09/12 09:11:52Z TRACE [msg.payload] {"id":506,"hb":3611}
2025/09/12 09:11:52Z TRACE [msg.payload] {"id":506,"comp":1,"evap":{"in":27.3,"out":24,"fan":50},"cond":{"in":29.5,"out":31.5,"fan":100}}
2025/09/12 09:11:53Z TRACE [msg.payload] {"id":506,"hb":3612}
2025/09/12 09:11:53Z TRACE [msg.payload] {"id":506,"comp":1,"evap":{"in":27.3,"out":23.8,"fan":50},"cond":{"in":29.4,"out":32,"fan":100}}
2025/09/12 09:11:54Z TRACE [msg.payload] {"id":506,"hb":3613}
2025/09/12 09:11:54Z TRACE [msg.payload] {"id":506,"comp":1,"evap":{"in":27.4,"out":23.7,"fan":50},"cond":{"in":30.4,"out":32.4,"fan":100}}
2025/09/12 09:11:55Z TRACE [msg.payload] {"id":506,"hb":3614}
2025/09/12 09:11:55Z TRACE [msg.payload] {"id":506,"comp":1,"evap":{"in":27.2,"out":23.6,"fan":50},"cond":{"in":30,"out":32.9,"fan":100}}
2025/09/12 09:11:56Z TRACE [msg.payload] {"id":506,"hb":3615}
2025/09/12 09:11:56Z TRACE [msg.payload] {"id":506,"comp":1,"evap":{"in":27.5,"out":23.8,"fan":50},"cond":{"in":29.8,"out":32.9,"fan":100}}
2025/09/12 09:11:57Z TRACE [msg.payload] {"id":506,"hb":3616}
2025/09/12 09:11:57Z TRACE [msg.payload] {"id":506,"comp":1,"evap":{"in":27.6,"out":23.6,"fan":50},"cond":{"in":29.8,"out":33.5,"fan":100}}
2025/09/12 09:11:58Z TRACE [msg.payload] {"id":506,"hb":3617}
2025/09/12 09:11:58Z TRACE [msg.payload] {"id":506,"comp":1,"evap":{"in":27.3,"out":23.3,"fan":50},"cond":{"in":29.7,"out":33.9,"fan":100}}
2025/09/12 09:11:59Z TRACE [msg.payload] {"id":506,"hb":3618}
2025/09/12 09:11:59Z TRACE [msg.payload] {"id":506,"comp":1,"evap":{"in":27.3,"out":23.5,"fan":50},"cond":{"in":29.9,"out":34.1,"fan":100}}
2025/09/12 09:12:00Z TRACE [msg.payload] {"id":506,"hb":3619}
2025/09/12 09:12:00Z TRACE [msg.payload] {"id":506,"comp":1,"evap":{"in":27.5,"out":23.8,"fan":50},"cond":{"in":30.1,"out":34.8,"fan":100}}
2025/09/12 09:12:01Z TRACE [msg.payload] {"id":506,"hb":3620}
2025/09/12 09:12:01Z TRACE [msg.payload] {"id":506,"comp":1,"evap":{"in":27.3,"out":23.3,"fan":50},"cond":{"in":30.2,"out":35.2,"fan":100}}
2025/09/12 09:12:02Z TRACE [msg.payload] {"id":506,"hb":3621}
2025/09/12 09:12:02Z TRACE [msg.payload] {"id":506,"comp":1,"evap":{"in":27.4,"out":23.4,"fan":50},"cond":{"in":30,"out":35.2,"fan":100}}
2025/09/12 09:12:03Z TRACE [msg.payload] {"id":506,"hb":3622}
2025/09/12 09:12:03Z TRACE [msg.payload] {"id":506,"comp":1,"evap":{"in":27.7,"out":23.4,"fan":50},"cond":{"in":29.7,"out":35.6,"fan":100}}
2025/09/12 09:12:04Z TRACE [msg.payload] {"id":506,"hb":3623}
2025/09/12 09:12:04Z TRACE [msg.payload] {"id":506,"comp":1,"evap":{"in":27.3,"out":23.3,"fan":50},"cond":{"in":30.1,"out":36.1,"fan":100}}
2025/09/12 09:12:05Z TRACE [msg.payload] {"id":506,"hb":3624}
2025/09/12 09:12:05Z TRACE [msg.payload] {"id":506,"comp":1,"evap":{"in":27.1,"out":22.8,"fan":50},"cond":{"in":30.4,"out":36,"fan":100}}
2025/09/12 09:12:06Z TRACE [msg.payload] {"id":506,"hb":3625}
2025/09/12 09:12:06Z TRACE [msg.payload] {"id":506,"comp":1,"evap":{"in":27.7,"out":23.3,"fan":50},"cond":{"in":30.1,"out":36.6,"fan":100}}
2025/09/12 09:12:07Z TRACE [msg.payload] {"id":506,"hb":3626}
2025/09/12 09:12:07Z TRACE [msg.payload] {"id":506,"comp":1,"evap":{"in":27.4,"out":23.4,"fan":50},"cond":{"in":30.3,"out":37.1,"fan":100}}
2025/09/12 09:12:08Z TRACE [msg.payload] {"id":506,"hb":3627}
2025/09/12 09:12:08Z TRACE [msg.payload] {"id":506,"comp":1,"evap":{"in":27.4,"out":23.2,"fan":50},"cond":{"in":30.1,"out":36.9,"fan":100}}
2025/09/12 09:12:09Z TRACE [msg.payload] {"id":506,"hb":3628}
2025/09/12 09:12:09Z TRACE [msg.payload] {"id":506,"comp":1,"evap":{"in":27.3,"out":23.2,"fan":50},"cond":{"in":30.2,"out":37.5,"fan":100}}
2025/09/12 09:12:10Z TRACE [msg.payload] {"id":506,"hb":3629}
2025/09/12 09:12:10Z TRACE [msg.payload] {"id":506,"comp":1,"evap":{"in":27.6,"out":22.8,"fan":50},"cond":{"in":30.8,"out":37.8,"fan":100}}
2025/09/12 09:12:11Z TRACE [msg.payload] {"id":506,"hb":3630}
2025/09/12 09:12:11Z TRACE [msg.payload] {"id":506,"comp":1,"evap":{"in":27.2,"out":22.6,"fan":50},"cond":{"in":30.4,"out":38.1,"fan":100}}
2025/09/12 09:12:12Z TRACE [msg.payload] {"id":506,"hb":3631}
2025/09/12 09:12:12Z TRACE [msg.payload] {"id":506,"comp":1,"evap":{"in":27.3,"out":23.1,"fan":50},"cond":{"in":30.1,"out":38.2,"fan":100}}
2025/09/12 09:12:13Z TRACE [msg.payload] {"id":506,"hb":3632}
2025/09/12 09:12:13Z TRACE [msg.payload] {"id":506,"comp":1,"evap":{"in":27.7,"out":23.1,"fan":50},"cond":{"in":30.2,"out":38.7,"fan":100}}
2025/09/12 09:12:14Z TRACE [msg.payload] {"id":506,"hb":3633}
2025/09/12 09:12:14Z TRACE [msg.payload] {"id":506,"comp":1,"evap":{"in":27.2,"out":22.5,"fan":50},"cond":{"in":30.4,"out":38.9,"fan":100}}
2025/09/12 09:12:15Z TRACE [msg.payload] {"id":506,"hb":3634}
2025/09/12 09:12:15Z TRACE [msg.payload] {"id":506,"comp":1,"evap":{"in":27.6,"out":22.6,"fan":50},"cond":{"in":30.7,"out":38.7,"fan":100}}
2025/09/12 09:12:16Z TRACE [msg.payload] {"id":506,"hb":3635}
2025/09/12 09:12:16Z TRACE [msg.payload] {"id":506,"comp":1,"evap":{"in":27.5,"out":22.7,"fan":50},"cond":{"in":30.7,"out":39,"fan":100}}
2025/09/12 09:12:17Z TRACE [msg.payload] {"id":506,"hb":3636}
2025/09/12 09:12:17Z TRACE [msg.payload] {"id":506,"comp":1,"evap":{"in":27.7,"out":22.4,"fan":50},"cond":{"in":30.7,"out":39.4,"fan":100}}
2025/09/12 09:12:18Z TRACE [msg.payload] {"id":506,"hb":3637}
2025/09/12 09:12:18Z TRACE [msg.payload] {"id":506,"comp":1,"evap":{"in":27.4,"out":22.4,"fan":50},"cond":{"in":30.2,"out":39.4,"fan":100}}
2025/09/12 09:12:19Z TRACE [msg.payload] {"id":506,"hb":3638}
2025/09/12 09:12:19Z TRACE [msg.payload] {"id":506,"comp":1,"evap":{"in":27.5,"out":20.7,"fan":50},"cond":{"in":30.4,"out":39.5,"fan":100}}
2025/09/12 09:12:20Z TRACE [msg.payload] {"id":506,"hb":3639}
2025/09/12 09:12:20Z TRACE [msg.payload] {"id":506,"comp":1,"evap":{"in":27.3,"out":22.1,"fan":50},"cond":{"in":30.8,"out":39.9,"fan":100}}
2025/09/12 09:12:21Z TRACE [msg.payload] {"id":506,"hb":3640}
2025/09/12 09:12:21Z TRACE [msg.payload] {"id":506,"comp":1,"evap":{"in":27.4,"out":22.1,"fan":50},"cond":{"in":30.8,"out":40.2,"fan":100}}
2025/09/12 09:12:22Z TRACE [msg.payload] {"id":506,"hb":3641}
2025/09/12 09:12:22Z TRACE [msg.payload] {"id":506,"comp":1,"evap":{"in":27.5,"out":22.3,"fan":50},"cond":{"in":30.8,"out":40,"fan":100}}
2025/09/12 09:12:23Z TRACE [msg.payload] {"id":506,"hb":3642}
2025/09/12 09:12:23Z TRACE [msg.payload] {"id":506,"comp":1,"evap":{"in":27.6,"out":22.1,"fan":50},"cond":{"in":30.7,"out":40.3,"fan":100}}
2025/09/12 09:12:24Z TRACE [msg.payload] {"id":506,"hb":3643}
2025/09/12 09:12:24Z TRACE [msg.payload] {"id":506,"comp":1,"evap":{"in":27.3,"out":22.3,"fan":50},"cond":{"in":30.6,"out":40.2,"fan":100}}
2025/09/12 09:12:25Z TRACE [msg.payload] {"id":506,"hb":3644}
2025/09/12 09:12:25Z TRACE [msg.payload] {"id":506,"comp":1,"evap":{"in":27.3,"out":21.7,"fan":50},"cond":{"in":31,"out":40.7,"fan":100}}
2025/09/12 09:12:26Z TRACE [msg.payload] {"id":506,"hb":3645}
2025/09/12 09:12:26Z TRACE [msg.payload] {"id":506,"comp":1,"evap":{"in":27.5,"out":21.7,"fan":50},"cond":{"in":30.9,"out":40.9,"fan":100}}
2025/09/12 09:12:27Z TRACE [msg.payload] {"id":506,"hb":3646}
2025/09/12 09:12:27Z TRACE [msg.payload] {"id":506,"comp":1,"evap":{"in":27.6,"out":21.9,"fan":50},"cond":{"in":31.2,"out":40.6,"fan":100}}
2025/09/12 09:12:28Z TRACE [msg.payload] {"id":506,"hb":3647}
2025/09/12 09:12:28Z TRACE [msg.payload] {"id":506,"comp":1,"evap":{"in":27.3,"out":21.9,"fan":50},"cond":{"in":30.9,"out":40.9,"fan":100}}
2025/09/12 09:12:29Z TRACE [msg.payload] {"id":506,"hb":3648}
2025/09/12 09:12:29Z TRACE [msg.payload] {"id":506,"comp":1,"evap":{"in":26.8,"out":21.6,"fan":50},"cond":{"in":30.8,"out":40.9,"fan":100}}
2025/09/12 09:12:30Z TRACE [msg.payload] {"id":506,"hb":3649}
2025/09/12 09:12:30Z TRACE [msg.payload] {"id":506,"comp":1,"evap":{"in":27.3,"out":21.5,"fan":50},"cond":{"in":31.2,"out":41.6,"fan":100}}
2025/09/12 09:12:31Z TRACE [msg.payload] {"id":506,"hb":3650}
2025/09/12 09:12:31Z TRACE [msg.payload] {"id":506,"comp":1,"evap":{"in":27.2,"out":21.2,"fan":50},"cond":{"in":31.2,"out":41.7,"fan":100}}
2025/09/12 09:12:32Z TRACE [msg.payload] {"id":506,"hb":3651}
2025/09/12 09:12:32Z TRACE [msg.payload] {"id":506,"comp":1,"evap":{"in":27.6,"out":21.5,"fan":50},"cond":{"in":30.8,"out":41.6,"fan":100}}
2025/09/12 09:12:33Z TRACE [msg.payload] {"id":506,"hb":3652}
2025/09/12 09:12:33Z TRACE [msg.payload] {"id":506,"comp":1,"evap":{"in":27.7,"out":21.6,"fan":50},"cond":{"in":31.6,"out":41.7,"fan":100}}
2025/09/12 09:12:34Z TRACE [msg.payload] {"id":506,"hb":3653}
2025/09/12 09:12:34Z TRACE [msg.payload] {"id":506,"comp":1,"evap":{"in":27.4,"out":16.6,"fan":50},"cond":{"in":30.7,"out":41.6,"fan":100}}
2025/09/12 09:12:35Z TRACE [msg.payload] {"id":506,"hb":3654}
2025/09/12 09:12:35Z TRACE [msg.payload] {"id":506,"comp":1,"evap":{"in":27.3,"out":20.9,"fan":50},"cond":{"in":31.4,"out":42.1,"fan":100}}
2025/09/12 09:12:36Z TRACE [msg.payload] {"id":506,"hb":3655}
2025/09/12 09:12:36Z TRACE [msg.payload] {"id":506,"comp":1,"evap":{"in":27.6,"out":20.7,"fan":50},"cond":{"in":31.2,"out":42.2,"fan":100}}
2025/09/12 09:12:37Z TRACE [msg.payload] {"id":506,"hb":3656}
2025/09/12 09:12:37Z TRACE [msg.payload] {"id":506,"comp":1,"evap":{"in":27.6,"out":21,"fan":50},"cond":{"in":31.2,"out":42.2,"fan":100}}
2025/09/12 09:12:38Z TRACE [msg.payload] {"id":506,"hb":3657}
2025/09/12 09:12:38Z TRACE [msg.payload] {"id":506,"comp":1,"evap":{"in":27.7,"out":20.9,"fan":50},"cond":{"in":31.1,"out":42.1,"fan":100}}
2025/09/12 09:12:39Z TRACE [msg.payload] {"id":506,"hb":3658}
2025/09/12 09:12:39Z TRACE [msg.payload] {"id":506,"comp":1,"evap":{"in":27.5,"out":20.7,"fan":50},"cond":{"in":31,"out":42.3,"fan":100}}
2025/09/12 09:12:40Z TRACE [msg.payload] {"id":506,"hb":3659}
2025/09/12 09:12:40Z TRACE [msg.payload] {"id":506,"comp":1,"evap":{"in":27.3,"out":20.4,"fan":50},"cond":{"in":31.2,"out":42.5,"fan":100}}
2025/09/12 09:12:41Z TRACE [msg.payload] {"id":506,"hb":3660}
2025/09/12 09:12:41Z TRACE [msg.payload] {"id":506,"comp":1,"evap":{"in":27.3,"out":20.4,"fan":50},"cond":{"in":31.5,"out":42.6,"fan":100}}
2025/09/12 09:12:42Z TRACE [msg.payload] {"id":506,"hb":3661}
2025/09/12 09:12:42Z TRACE [msg.payload] {"id":506,"comp":1,"evap":{"in":26.6,"out":20.7,"fan":50},"cond":{"in":31,"out":42.3,"fan":100}}
2025/09/12 09:12:43Z TRACE [msg.payload] {"id":506,"hb":3662}
2025/09/12 09:12:43Z TRACE [msg.payload] {"id":506,"comp":1,"evap":{"in":27.5,"out":20.5,"fan":50},"cond":{"in":31.4,"out":42.3,"fan":100}}
2025/09/12 09:12:44Z TRACE [msg.payload] {"id":506,"hb":3663}
2025/09/12 09:12:44Z TRACE [msg.payload] {"id":506,"comp":1,"evap":{"in":27.3,"out":20.5,"fan":50},"cond":{"in":31,"out":42.6,"fan":100}}
2025/09/12 09:12:45Z TRACE [msg.payload] {"id":506,"hb":3664}
2025/09/12 09:12:45Z TRACE [msg.payload] {"id":506,"comp":1,"evap":{"in":27.3,"out":20.2,"fan":50},"cond":{"in":31.2,"out":43,"fan":100}}
2025/09/12 09:12:46Z TRACE [msg.payload] {"id":506,"hb":3665}
2025/09/12 09:12:46Z TRACE [msg.payload] {"id":506,"comp":1,"evap":{"in":27.7,"out":20.1,"fan":50},"cond":{"in":31.5,"out":43.2,"fan":100}}
2025/09/12 09:12:47Z TRACE [msg.payload] {"id":506,"hb":3666}
2025/09/12 09:12:47Z TRACE [msg.payload] {"id":506,"comp":1,"evap":{"in":27.6,"out":20.7,"fan":50},"cond":{"in":31.6,"out":43.4,"fan":100}}
2025/09/12 09:12:48Z TRACE [msg.payload] {"id":506,"hb":3667}
2025/09/12 09:12:48Z TRACE [msg.payload] {"id":506,"comp":1,"evap":{"in":27.6,"out":20.5,"fan":50},"cond":{"in":31.4,"out":43,"fan":100}}
2025/09/12 09:12:49Z TRACE [msg.payload] {"id":506,"hb":3668}
2025/09/12 09:12:49Z TRACE [msg.payload] {"id":506,"comp":1,"evap":{"in":27.3,"out":20.4,"fan":50},"cond":{"in":31.4,"out":43,"fan":100}}
2025/09/12 09:12:50Z TRACE [msg.payload] {"id":506,"hb":3669}
2025/09/12 09:12:50Z TRACE [msg.payload] {"id":506,"comp":1,"evap":{"in":27.4,"out":19.8,"fan":50},"cond":{"in":31.4,"out":43.2,"fan":100}}
2025/09/12 09:12:51Z TRACE [msg.payload] {"id":506,"hb":3670}
2025/09/12 09:12:51Z TRACE [msg.payload] {"id":506,"comp":1,"evap":{"in":27,"out":19.7,"fan":50},"cond":{"in":30.9,"out":43.1,"fan":100}}
2025/09/12 09:12:52Z TRACE [msg.payload] {"id":506,"hb":3671}
2025/09/12 09:12:52Z TRACE [msg.payload] {"id":506,"comp":1,"evap":{"in":27.5,"out":20.2,"fan":50},"cond":{"in":31.5,"out":43.2,"fan":100}}
2025/09/12 09:12:53Z TRACE [msg.payload] {"id":506,"hb":3672}
2025/09/12 09:12:53Z TRACE [msg.payload] {"id":506,"comp":1,"evap":{"in":27.6,"out":20.2,"fan":50},"cond":{"in":31.7,"out":43.9,"fan":100}}
2025/09/12 09:12:54Z TRACE [msg.payload] {"id":506,"hb":3673}
2025/09/12 09:12:54Z TRACE [msg.payload] {"id":506,"comp":1,"evap":{"in":27.3,"out":20,"fan":50},"cond":{"in":31.3,"out":43.1,"fan":100}}
2025/09/12 09:12:55Z TRACE [msg.payload] {"id":506,"hb":3674}
2025/09/12 09:12:55Z TRACE [msg.payload] {"id":506,"comp":1,"evap":{"in":27.3,"out":19.7,"fan":50},"cond":{"in":31.5,"out":43.4,"fan":100}}
2025/09/12 09:12:56Z TRACE [msg.payload] {"id":506,"hb":3675}
2025/09/12 09:12:56Z TRACE [msg.payload] {"id":506,"comp":1,"evap":{"in":25.5,"out":19.6,"fan":50},"cond":{"in":31.7,"out":43.6,"fan":100}}
2025/09/12 09:12:57Z TRACE [msg.payload] {"id":506,"hb":3676}
2025/09/12 09:12:57Z TRACE [msg.payload] {"id":506,"comp":1,"evap":{"in":27.4,"out":19.7,"fan":50},"cond":{"in":31.7,"out":43.9,"fan":100}}
2025/09/12 09:12:58Z TRACE [msg.payload] {"id":506,"hb":3677}
2025/09/12 09:12:58Z TRACE [msg.payload] {"id":506,"comp":1,"evap":{"in":27.7,"out":19.5,"fan":50},"cond":{"in":31.1,"out":43.4,"fan":100}}
2025/09/12 09:12:59Z TRACE [msg.payload] {"id":506,"hb":3678}
2025/09/12 09:12:59Z TRACE [msg.payload] {"id":506,"comp":1,"evap":{"in":27.5,"out":19.5,"fan":50},"cond":{"in":31.4,"out":43.9,"fan":100}}
2025/09/12 09:13:00Z TRACE [msg.payload] {"id":506,"hb":3679}
2025/09/12 09:13:00Z TRACE [msg.payload] {"id":506,"comp":1,"evap":{"in":27.3,"out":19.4,"fan":50},"cond":{"in":31.2,"out":43.7,"fan":100}}
2025/09/12 09:13:01Z TRACE [msg.payload] {"id":506,"hb":3680}
2025/09/12 09:13:01Z TRACE [msg.payload] {"id":506,"comp":1,"evap":{"in":27.3,"out":19.5,"fan":50},"cond":{"in":31.8,"out":43.9,"fan":100}}
2025/09/12 09:13:02Z TRACE [msg.payload] {"id":506,"hb":3681}
2025/09/12 09:13:02Z TRACE [msg.payload] {"id":506,"comp":1,"evap":{"in":27.6,"out":19.7,"fan":50},"cond":{"in":31.7,"out":43.8,"fan":100}}
2025/09/12 09:13:03Z TRACE [msg.payload] {"id":506,"hb":3682}
2025/09/12 09:13:03Z TRACE [msg.payload] {"id":506,"comp":1,"evap":{"in":27.7,"out":19.8,"fan":50},"cond":{"in":31.8,"out":43.9,"fan":100}}
2025/09/12 09:13:04Z TRACE [msg.payload] {"id":506,"hb":3683}
2025/09/12 09:13:04Z TRACE [msg.payload] {"id":506,"comp":1,"evap":{"in":27.6,"out":19.7,"fan":50},"cond":{"in":31.5,"out":43.1,"fan":100}}
2025/09/12 09:13:05Z TRACE [msg.payload] {"id":506,"hb":3684}
2025/09/12 09:13:05Z TRACE [msg.payload] {"id":506,"comp":1,"evap":{"in":27.3,"out":19.2,"fan":50},"cond":{"in":31.5,"out":43.9,"fan":100}}
2025/09/12 09:13:06Z TRACE [msg.payload] {"id":506,"hb":3685}
2025/09/12 09:13:06Z TRACE [msg.payload] {"id":506,"comp":1,"evap":{"in":27.3,"out":19.3,"fan":50},"cond":{"in":31.8,"out":44.1,"fan":100}}
2025/09/12 09:13:07Z TRACE [msg.payload] {"id":506,"hb":3686}
2025/09/12 09:13:07Z TRACE [msg.payload] {"id":506,"comp":1,"evap":{"in":28.7,"out":20.6,"fan":50},"cond":{"in":31.9,"out":43.9,"fan":100}}
2025/09/12 09:13:08Z TRACE [msg.payload] {"id":506,"hb":3687}
2025/09/12 09:13:08Z TRACE [msg.payload] {"id":506,"comp":1,"evap":{"in":27.6,"out":19.5,"fan":50},"cond":{"in":32.1,"out":44,"fan":100}}
2025/09/12 09:13:09Z TRACE [msg.payload] {"id":506,"hb":3688}
2025/09/12 09:13:09Z TRACE [msg.payload] {"id":506,"comp":1,"evap":{"in":27.3,"out":19.6,"fan":50},"cond":{"in":31.6,"out":43.9,"fan":100}}
2025/09/12 09:13:10Z TRACE [msg.payload] {"id":506,"hb":3689}
2025/09/12 09:13:10Z TRACE [msg.payload] {"id":506,"comp":1,"evap":{"in":27.3,"out":19.2,"fan":50},"cond":{"in":31.5,"out":43.8,"fan":100}}
2025/09/12 09:13:11Z TRACE [msg.payload] {"id":506,"hb":3690}
2025/09/12 09:13:11Z TRACE [msg.payload] {"id":506,"comp":1,"evap":{"in":27.4,"out":18.5,"fan":50},"cond":{"in":32.2,"out":44.3,"fan":100}}
2025/09/12 09:13:12Z TRACE [msg.payload] {"id":506,"hb":3691}
2025/09/12 09:13:12Z TRACE [msg.payload] {"id":506,"comp":1,"evap":{"in":27.2,"out":19.1,"fan":50},"cond":{"in":30.8,"out":44.3,"fan":100}}
2025/09/12 09:13:13Z TRACE [msg.payload] {"id":506,"hb":3692}
2025/09/12 09:13:13Z TRACE [msg.payload] {"id":506,"comp":1,"evap":{"in":27.6,"out":19.6,"fan":50},"cond":{"in":31.9,"out":44,"fan":100}}
2025/09/12 09:13:14Z TRACE [msg.payload] {"id":506,"hb":3693}
2025/09/12 09:13:14Z TRACE [msg.payload] {"id":506,"comp":1,"evap":{"in":27.6,"out":19.6,"fan":50},"cond":{"in":31.7,"out":44.2,"fan":100}}
2025/09/12 09:13:15Z TRACE [msg.payload] {"id":506,"hb":3694}
2025/09/12 09:13:15Z TRACE [msg.payload] {"id":506,"comp":1,"evap":{"in":27.3,"out":19.1,"fan":50},"cond":{"in":31.6,"out":44.5,"fan":100}}
2025/09/12 09:13:16Z TRACE [msg.payload] {"id":506,"hb":3695}
2025/09/12 09:13:16Z TRACE [msg.payload] {"id":506,"comp":1,"evap":{"in":27.3,"out":19.3,"fan":50},"cond":{"in":32.5,"out":44.4,"fan":100}}
2025/09/12 09:13:17Z TRACE [msg.payload] {"id":506,"hb":3696}
2025/09/12 09:13:17Z TRACE [msg.payload] {"id":506,"comp":1,"evap":{"in":27.8,"out":19.6,"fan":50},"cond":{"in":31.9,"out":44.4,"fan":100}}
2025/09/12 09:13:18Z TRACE [msg.payload] {"id":506,"hb":3697}
2025/09/12 09:13:18Z TRACE [msg.payload] {"id":506,"comp":1,"evap":{"in":27.7,"out":19.6,"fan":50},"cond":{"in":32,"out":44.2,"fan":100}}
2025/09/12 09:13:19Z TRACE [msg.payload] {"id":506,"hb":3698}
2025/09/12 09:13:19Z TRACE [msg.payload] {"id":506,"comp":1,"evap":{"in":27.6,"out":19.3,"fan":50},"cond":{"in":31.6,"out":44.3,"fan":100}}
2025/09/12 09:13:20Z TRACE [msg.payload] {"id":506,"hb":3699}
2025/09/12 09:13:20Z TRACE [msg.payload] {"id":506,"comp":1,"evap":{"in":27.3,"out":18.9,"fan":50},"cond":{"in":31.6,"out":42.1,"fan":100}}
2025/09/12 09:13:21Z TRACE [msg.payload] {"id":506,"hb":3700}
2025/09/12 09:13:21Z TRACE [msg.payload] {"id":506,"comp":1,"evap":{"in":27.3,"out":18.9,"fan":50},"cond":{"in":31.9,"out":44.6,"fan":100}}
2025/09/12 09:13:22Z TRACE [msg.payload] {"id":506,"hb":3701}
2025/09/12 09:13:22Z TRACE [msg.payload] {"id":506,"comp":1,"evap":{"in":27.4,"out":19,"fan":50},"cond":{"in":32.2,"out":44.6,"fan":100}}
2025/09/12 09:13:23Z TRACE [msg.payload] {"id":506,"hb":3702}
2025/09/12 09:13:23Z TRACE [msg.payload] {"id":506,"comp":1,"evap":{"in":27.7,"out":19.4,"fan":50},"cond":{"in":32.8,"out":44.6,"fan":100}}
2025/09/12 09:13:24Z TRACE [msg.payload] {"id":506,"hb":3703}
2025/09/12 09:13:24Z TRACE [msg.payload] {"id":506,"comp":1,"evap":{"in":27.4,"out":19.4,"fan":50},"cond":{"in":31.7,"out":44.4,"fan":100}}
2025/09/12 09:13:25Z TRACE [msg.payload] {"id":506,"hb":3704}
2025/09/12 09:13:25Z TRACE [msg.payload] {"id":506,"comp":1,"evap":{"in":27.3,"out":17.9,"fan":50},"cond":{"in":31.9,"out":44.3,"fan":100}}
2025/09/12 09:13:26Z TRACE [msg.payload] {"id":506,"hb":3705}
2025/09/12 09:13:26Z TRACE [msg.payload] {"id":506,"comp":1,"evap":{"in":27.5,"out":19,"fan":50},"cond":{"in":32.1,"out":44.6,"fan":100}}
2025/09/12 09:13:27Z TRACE [msg.payload] {"id":506,"hb":3706}
2025/09/12 09:13:27Z TRACE [msg.payload] {"id":506,"comp":1,"evap":{"in":27.7,"out":19.3,"fan":50},"cond":{"in":32.6,"out":44.7,"fan":100}}
2025/09/12 09:13:28Z TRACE [msg.payload] {"id":506,"hb":3707}
2025/09/12 09:13:28Z TRACE [msg.payload] {"id":506,"comp":1,"evap":{"in":27.7,"out":19.3,"fan":50},"cond":{"in":31.9,"out":40.9,"fan":100}}
2025/09/12 09:13:29Z TRACE [msg.payload] {"id":506,"hb":3708}
2025/09/12 09:13:29Z TRACE [msg.payload] {"id":506,"comp":1,"evap":{"in":27.6,"out":19.3,"fan":50},"cond":{"in":31.9,"out":44.6,"fan":100}}
2025/09/12 09:13:30Z TRACE [msg.payload] {"id":506,"hb":3709}
2025/09/12 09:13:30Z TRACE [msg.payload] {"id":506,"comp":1,"evap":{"in":27.3,"out":19.1,"fan":50},"cond":{"in":31.9,"out":44.7,"fan":100}}
2025/09/12 09:13:31Z TRACE [msg.payload] {"id":506,"hb":3710}
2025/09/12 09:13:31Z TRACE [msg.payload] {"id":506,"comp":1,"evap":{"in":27.3,"out":18.9,"fan":50},"cond":{"in":32.1,"out":44.9,"fan":100}}
2025/09/12 09:13:32Z TRACE [msg.payload] {"id":506,"hb":3711}
2025/09/12 09:13:32Z TRACE [msg.payload] {"id":506,"comp":1,"evap":{"in":27.2,"out":18.9,"fan":50},"cond":{"in":32.2,"out":44.7,"fan":100}}
2025/09/12 09:13:33Z TRACE [msg.payload] {"id":506,"hb":3712}
2025/09/12 09:13:33Z TRACE [msg.payload] {"id":506,"comp":1,"evap":{"in":27.7,"out":19.3,"fan":50},"cond":{"in":32.2,"out":44.8,"fan":100}}
2025/09/12 09:13:34Z TRACE [msg.payload] {"id":506,"hb":3713}
2025/09/12 09:13:34Z TRACE [msg.payload] {"id":506,"comp":1,"evap":{"in":27.5,"out":19.3,"fan":50},"cond":{"in":32,"out":44.6,"fan":100}}
2025/09/12 09:13:35Z TRACE [msg.payload] {"id":506,"hb":3714}
2025/09/12 09:13:35Z TRACE [msg.payload] {"id":506,"comp":1,"evap":{"in":27.3,"out":19.2,"fan":50},"cond":{"in":32.1,"out":44.7,"fan":100}}
2025/09/12 09:13:36Z TRACE [msg.payload] {"id":506,"hb":3715}
2025/09/12 09:13:36Z TRACE [msg.payload] {"id":506,"comp":1,"evap":{"in":27.4,"out":18.7,"fan":50},"cond":{"in":32,"out":45.2,"fan":100}}
2025/09/12 09:13:37Z TRACE [msg.payload] {"id":506,"hb":3716}
2025/09/12 09:13:37Z TRACE [msg.payload] {"id":506,"comp":1,"evap":{"in":28,"out":19,"fan":50},"cond":{"in":33.5,"out":44.9,"fan":100}}
2025/09/12 09:13:38Z TRACE [msg.payload] {"id":506,"hb":3717}
2025/09/12 09:13:38Z TRACE [msg.payload] {"id":506,"comp":1,"evap":{"in":27.7,"out":19.6,"fan":50},"cond":{"in":32.2,"out":45,"fan":100}}
2025/09/12 09:13:39Z TRACE [msg.payload] {"id":506,"hb":3718}
2025/09/12 09:13:39Z TRACE [msg.payload] {"id":506,"comp":1,"evap":{"in":27.6,"out":19.2,"fan":50},"cond":{"in":31.6,"out":44.7,"fan":100}}
2025/09/12 09:13:40Z TRACE [msg.payload] {"id":506,"hb":3719}
2025/09/12 09:13:40Z TRACE [msg.payload] {"id":506,"comp":1,"evap":{"in":27.3,"out":19.1,"fan":50},"cond":{"in":32,"out":45.1,"fan":100}}
2025/09/12 09:13:41Z TRACE [msg.payload] {"id":506,"hb":3720}
2025/09/12 09:13:41Z TRACE [msg.payload] {"id":506,"comp":1,"evap":{"in":27.4,"out":18.9,"fan":50},"cond":{"in":32.2,"out":45.1,"fan":100}}
2025/09/12 09:13:42Z TRACE [msg.payload] {"id":506,"hb":3721}
2025/09/12 09:13:42Z TRACE [msg.payload] {"id":506,"comp":1,"evap":{"in":27.4,"out":19,"fan":50},"cond":{"in":32.4,"out":45.1,"fan":100}}
2025/09/12 09:13:43Z TRACE [msg.payload] {"id":506,"hb":3722}
2025/09/12 09:13:43Z TRACE [msg.payload] {"id":506,"comp":1,"evap":{"in":27.8,"out":18.5,"fan":50},"cond":{"in":32.4,"out":45.1,"fan":100}}
2025/09/12 09:13:44Z TRACE [msg.payload] {"id":506,"hb":3723}
2025/09/12 09:13:44Z TRACE [msg.payload] {"id":506,"comp":1,"evap":{"in":27.7,"out":19.2,"fan":50},"cond":{"in":32.4,"out":44.9,"fan":100}}
2025/09/12 09:13:45Z TRACE [msg.payload] {"id":506,"hb":3724}
2025/09/12 09:13:45Z TRACE [msg.payload] {"id":506,"comp":1,"evap":{"in":27.3,"out":19,"fan":50},"cond":{"in":32,"out":44.2,"fan":100}}
2025/09/12 09:13:46Z TRACE [msg.payload] {"id":506,"hb":3725}
2025/09/12 09:13:46Z TRACE [msg.payload] {"id":506,"comp":1,"evap":{"in":27.5,"out":18.8,"fan":50},"cond":{"in":32,"out":45.2,"fan":100}}
2025/09/12 09:13:47Z TRACE [msg.payload] {"id":506,"hb":3726}
2025/09/12 09:13:47Z TRACE [msg.payload] {"id":506,"comp":1,"evap":{"in":27.3,"out":18.7,"fan":50},"cond":{"in":32.3,"out":45.2,"fan":100}}
2025/09/12 09:13:48Z TRACE [msg.payload] {"id":506,"hb":3727}
2025/09/12 09:13:48Z TRACE [msg.payload] {"id":506,"comp":1,"evap":{"in":27.8,"out":19.1,"fan":50},"cond":{"in":32.4,"out":45.1,"fan":100}}
2025/09/12 09:13:49Z TRACE [msg.payload] {"id":506,"hb":3728}
2025/09/12 09:13:49Z TRACE [msg.payload] {"id":506,"comp":1,"evap":{"in":27.7,"out":19,"fan":50},"cond":{"in":32.3,"out":44.9,"fan":100}}
2025/09/12 09:13:50Z TRACE [msg.payload] {"id":506,"hb":3729}
2025/09/12 09:13:50Z TRACE [msg.payload] {"id":506,"comp":1,"evap":{"in":27.5,"out":19.1,"fan":50},"cond":{"in":32.1,"out":44.8,"fan":100}}
2025/09/12 09:13:51Z TRACE [msg.payload] {"id":506,"hb":3730}
2025/09/12 09:13:51Z TRACE [msg.payload] {"id":506,"comp":1,"evap":{"in":27.3,"out":18.9,"fan":50},"cond":{"in":32.1,"out":44.9,"fan":100}}
2025/09/12 09:13:52Z TRACE [msg.payload] {"id":506,"hb":3731}
2025/09/12 09:13:52Z TRACE [msg.payload] {"id":506,"comp":1,"evap":{"in":27.3,"out":18.7,"fan":50},"cond":{"in":32.3,"out":45,"fan":100}}
2025/09/12 09:13:53Z TRACE [msg.payload] {"id":506,"hb":3732}
2025/09/12 09:13:53Z TRACE [msg.payload] {"id":506,"comp":1,"evap":{"in":27.7,"out":18.7,"fan":50},"cond":{"in":32.4,"out":45,"fan":100}}
2025/09/12 09:13:54Z TRACE [msg.payload] {"id":506,"hb":3733}
2025/09/12 09:13:54Z TRACE [msg.payload] {"id":506,"comp":1,"evap":{"in":27.5,"out":19.1,"fan":50},"cond":{"in":32.2,"out":44.7,"fan":100}}
2025/09/12 09:13:55Z TRACE [msg.payload] {"id":506,"hb":3734}
2025/09/12 09:13:55Z TRACE [msg.payload] {"id":506,"comp":1,"evap":{"in":27.6,"out":19.2,"fan":50},"cond":{"in":32,"out":44.2,"fan":100}}
2025/09/12 09:13:56Z TRACE [msg.payload] {"id":506,"hb":3735}
2025/09/12 09:13:56Z TRACE [msg.payload] {"id":506,"comp":1,"evap":{"in":27.5,"out":18.8,"fan":50},"cond":{"in":32.2,"out":45.2,"fan":100}}
2025/09/12 09:13:57Z TRACE [msg.payload] {"id":506,"hb":3736}
2025/09/12 09:13:57Z TRACE [msg.payload] {"id":506,"comp":1,"evap":{"in":28.1,"out":18.7,"fan":50},"cond":{"in":32.5,"out":45.2,"fan":100}}
2025/09/12 09:13:58Z TRACE [msg.payload] {"id":506,"hb":3737}
2025/09/12 09:13:58Z TRACE [msg.payload] {"id":506,"comp":1,"evap":{"in":27.7,"out":19.7,"fan":50},"cond":{"in":32.4,"out":45.2,"fan":100}}
2025/09/12 09:13:59Z TRACE [msg.payload] {"id":506,"hb":3738}
2025/09/12 09:13:59Z TRACE [msg.payload] {"id":506,"comp":1,"evap":{"in":27.8,"out":19.1,"fan":50},"cond":{"in":32.3,"out":45,"fan":100}}
2025/09/12 09:14:00Z TRACE [msg.payload] {"id":506,"hb":3739}
2025/09/12 09:14:00Z TRACE [msg.payload] {"id":506,"comp":1,"evap":{"in":27.1,"out":19.1,"fan":50},"cond":{"in":32.1,"out":45.1,"fan":100}}
2025/09/12 09:14:01Z TRACE [msg.payload] {"id":506,"hb":3740}
2025/09/12 09:14:01Z TRACE [msg.payload] {"id":506,"comp":1,"evap":{"in":27.3,"out":19.6,"fan":50},"cond":{"in":32,"out":44.4,"fan":100}}
2025/09/12 09:14:02Z TRACE [msg.payload] {"id":506,"hb":3741}
2025/09/12 09:14:02Z TRACE [msg.payload] {"id":506,"comp":1,"evap":{"in":27.3,"out":18.8,"fan":50},"cond":{"in":32.5,"out":45.4,"fan":100}}
2025/09/12 09:14:03Z TRACE [msg.payload] {"id":506,"hb":3742}
2025/09/12 09:14:03Z TRACE [msg.payload] {"id":506,"comp":1,"evap":{"in":27.7,"out":18.8,"fan":50},"cond":{"in":32.3,"out":45.3,"fan":100}}
2025/09/12 09:14:04Z TRACE [msg.payload] {"id":506,"hb":3743}
2025/09/12 09:14:04Z TRACE [msg.payload] {"id":506,"comp":1,"evap":{"in":27.5,"out":19.1,"fan":50},"cond":{"in":32.4,"out":45.1,"fan":100}}
2025/09/12 09:14:05Z TRACE [msg.payload] {"id":506,"hb":3744}
2025/09/12 09:14:05Z TRACE [msg.payload] {"id":506,"comp":1,"evap":{"in":24.3,"out":19,"fan":50},"cond":{"in":32.2,"out":45,"fan":100}}
2025/09/12 09:14:06Z TRACE [msg.payload] {"id":506,"hb":3745}
2025/09/12 09:14:06Z TRACE [msg.payload] {"id":506,"comp":1,"evap":{"in":27.3,"out":18.7,"fan":50},"cond":{"in":32.1,"out":45.2,"fan":100}}
2025/09/12 09:14:07Z TRACE [msg.payload] {"id":506,"hb":3746}
2025/09/12 09:14:07Z TRACE [msg.payload] {"id":506,"comp":1,"evap":{"in":27.6,"out":19.1,"fan":50},"cond":{"in":32.7,"out":45.4,"fan":100}}
2025/09/12 09:14:08Z TRACE [msg.payload] {"id":506,"hb":3747}
2025/09/12 09:14:08Z TRACE [msg.payload] {"id":506,"comp":1,"evap":{"in":27.6,"out":19,"fan":50},"cond":{"in":32.5,"out":45.3,"fan":100}}
2025/09/12 09:14:09Z TRACE [msg.payload] {"id":506,"hb":3748}
2025/09/12 09:14:09Z TRACE [msg.payload] {"id":506,"comp":1,"evap":{"in":27.6,"out":19.1,"fan":50},"cond":{"in":32.5,"out":45.1,"fan":100}}
2025/09/12 09:14:10Z TRACE [msg.payload] {"id":506,"hb":3749}
2025/09/12 09:14:10Z TRACE [msg.payload] {"id":506,"comp":1,"evap":{"in":27.7,"out":19,"fan":50},"cond":{"in":32.2,"out":45,"fan":100}}
2025/09/12 09:14:11Z TRACE [msg.payload] {"id":506,"hb":3750}
2025/09/12 09:14:11Z TRACE [msg.payload] {"id":506,"comp":1,"evap":{"in":27.3,"out":18.5,"fan":50},"cond":{"in":31.5,"out":45.2,"fan":100}}
2025/09/12 09:14:12Z TRACE [msg.payload] {"id":506,"hb":3751}
2025/09/12 09:14:12Z TRACE [msg.payload] {"id":506,"comp":1,"evap":{"in":27.3,"out":18.4,"fan":50},"cond":{"in":32.1,"out":45.2,"fan":100}}
2025/09/12 09:14:13Z TRACE [msg.payload] {"id":506,"hb":3752}
2025/09/12 09:14:13Z TRACE [msg.payload] {"id":506,"comp":1,"evap":{"in":27.8,"out":18.7,"fan":50},"cond":{"in":33.3,"out":45.4,"fan":100}}
2025/09/12 09:14:14Z TRACE [msg.payload] {"id":506,"hb":3753}
2025/09/12 09:14:14Z TRACE [msg.payload] {"id":506,"comp":1,"evap":{"in":27.7,"out":19.1,"fan":50},"cond":{"in":32.6,"out":45.5,"fan":100}}
2025/09/12 09:14:15Z TRACE [msg.payload] {"id":506,"hb":3754}
2025/09/12 09:14:15Z TRACE [msg.payload] {"id":506,"comp":1,"evap":{"in":27.7,"out":19,"fan":50},"cond":{"in":32.2,"out":45.3,"fan":100}}
2025/09/12 09:14:16Z TRACE [msg.payload] {"id":506,"hb":3755}
2025/09/12 09:14:16Z TRACE [msg.payload] {"id":506,"comp":1,"evap":{"in":27.3,"out":18.8,"fan":50},"cond":{"in":32.3,"out":45.2,"fan":100}}
2025/09/12 09:14:17Z TRACE [msg.payload] {"id":506,"hb":3756}
2025/09/12 09:14:17Z TRACE [msg.payload] {"id":506,"comp":1,"evap":{"in":27.4,"out":18.7,"fan":50},"cond":{"in":32.7,"out":45.5,"fan":100}}
2025/09/12 09:14:18Z TRACE [msg.payload] {"id":506,"hb":3757}
2025/09/12 09:14:18Z TRACE [msg.payload] {"id":506,"comp":1,"evap":{"in":27.4,"out":18.7,"fan":50},"cond":{"in":32.4,"out":45.4,"fan":100}}
2025/09/12 09:14:19Z TRACE [msg.payload] {"id":506,"hb":3758}
2025/09/12 09:14:19Z TRACE [msg.payload] {"id":506,"comp":1,"evap":{"in":27.7,"out":19,"fan":50},"cond":{"in":32.5,"out":45.2,"fan":100}}
2025/09/12 09:14:20Z TRACE [msg.payload] {"id":506,"hb":3759}
2025/09/12 09:14:20Z TRACE [msg.payload] {"id":506,"comp":1,"evap":{"in":27.4,"out":19.3,"fan":50},"cond":{"in":32.2,"out":45.1,"fan":100}}
2025/09/12 09:14:21Z TRACE [msg.payload] {"id":506,"hb":3760}
2025/09/12 09:14:21Z TRACE [msg.payload] {"id":506,"comp":1,"evap":{"in":27.5,"out":18.8,"fan":50},"cond":{"in":32.4,"out":44.9,"fan":100}}
2025/09/12 09:14:22Z TRACE [msg.payload] {"id":506,"hb":3761}
2025/09/12 09:14:22Z TRACE [msg.payload] {"id":506,"comp":1,"evap":{"in":27.6,"out":18.6,"fan":50},"cond":{"in":32.7,"out":45.5,"fan":100}}
2025/09/12 09:14:23Z TRACE [msg.payload] {"id":506,"hb":3762}
2025/09/12 09:14:23Z TRACE [msg.payload] {"id":506,"comp":1,"evap":{"in":27.6,"out":19,"fan":50},"cond":{"in":32.5,"out":45.5,"fan":100}}
2025/09/12 09:14:24Z TRACE [msg.payload] {"id":506,"hb":3763}
2025/09/12 09:14:24Z TRACE [msg.payload] {"id":506,"comp":1,"evap":{"in":28,"out":18.8,"fan":50},"cond":{"in":32.5,"out":45.4,"fan":100}}
2025/09/12 09:14:25Z TRACE [msg.payload] {"id":506,"hb":3764}
2025/09/12 09:14:25Z TRACE [msg.payload] {"id":506,"comp":1,"evap":{"in":27.4,"out":19.1,"fan":50},"cond":{"in":32.3,"out":45.5,"fan":100}}
2025/09/12 09:14:26Z TRACE [msg.payload] {"id":506,"hb":3765}
2025/09/12 09:14:26Z TRACE [msg.payload] {"id":506,"comp":1,"evap":{"in":27.2,"out":18.9,"fan":50},"cond":{"in":32.7,"out":45.1,"fan":100}}
2025/09/12 09:14:27Z TRACE [msg.payload] {"id":506,"hb":3766}
2025/09/12 09:14:27Z TRACE [msg.payload] {"id":506,"comp":1,"evap":{"in":27.4,"out":18.7,"fan":50},"cond":{"in":32.3,"out":45.5,"fan":100}}
2025/09/12 09:14:28Z TRACE [msg.payload] {"id":506,"hb":3767}
2025/09/12 09:14:28Z TRACE [msg.payload] {"id":506,"comp":1,"evap":{"in":27.4,"out":17.9,"fan":50},"cond":{"in":32.3,"out":45.6,"fan":100}}
2025/09/12 09:14:29Z TRACE [msg.payload] {"id":506,"hb":3768}
2025/09/12 09:14:29Z TRACE [msg.payload] {"id":506,"comp":1,"evap":{"in":27.7,"out":19.1,"fan":50},"cond":{"in":32.6,"out":45.5,"fan":100}}
2025/09/12 09:14:30Z TRACE [msg.payload] {"id":506,"hb":3769}
2025/09/12 09:14:30Z TRACE [msg.payload] {"id":506,"comp":1,"evap":{"in":27.6,"out":19,"fan":50},"cond":{"in":32.2,"out":45.6,"fan":100}}
2025/09/12 09:14:31Z TRACE [msg.payload] {"id":506,"hb":3770}
2025/09/12 09:14:31Z TRACE [msg.payload] {"id":506,"comp":1,"evap":{"in":27.4,"out":19,"fan":50},"cond":{"in":32.4,"out":45.5,"fan":100}}
2025/09/12 09:14:32Z TRACE [msg.payload] {"id":506,"hb":3771}
2025/09/12 09:14:32Z TRACE [msg.payload] {"id":506,"comp":1,"evap":{"in":27.3,"out":18.7,"fan":50},"cond":{"in":32.2,"out":45.6,"fan":100}}
2025/09/12 09:14:33Z TRACE [msg.payload] {"id":506,"hb":3772}
2025/09/12 09:14:33Z TRACE [msg.payload] {"id":506,"comp":1,"evap":{"in":27.2,"out":18.8,"fan":50},"cond":{"in":32.6,"out":45.6,"fan":100}}
2025/09/12 09:14:34Z TRACE [msg.payload] {"id":506,"hb":3773}
2025/09/12 09:14:34Z TRACE [msg.payload] {"id":506,"comp":1,"evap":{"in":27.7,"out":18.7,"fan":50},"cond":{"in":32.6,"out":45.5,"fan":100}}
2025/09/12 09:14:35Z TRACE [msg.payload] {"id":506,"hb":3774}
2025/09/12 09:14:35Z TRACE [msg.payload] {"id":506,"comp":1,"evap":{"in":27.5,"out":19,"fan":50},"cond":{"in":32.2,"out":45.3,"fan":100}}
2025/09/12 09:14:36Z TRACE [msg.payload] {"id":506,"hb":3775}
2025/09/12 09:14:36Z TRACE [msg.payload] {"id":506,"comp":1,"evap":{"in":27.6,"out":18.9,"fan":50},"cond":{"in":32.2,"out":45.3,"fan":100}}
2025/09/12 09:14:37Z TRACE [msg.payload] {"id":506,"hb":3776}
2025/09/12 09:14:37Z TRACE [msg.payload] {"id":506,"comp":1,"evap":{"in":27.4,"out":18.6,"fan":50},"cond":{"in":32.3,"out":45.6,"fan":100}}
2025/09/12 09:14:38Z TRACE [msg.payload] {"id":506,"hb":3777}
2025/09/12 09:14:38Z TRACE [msg.payload] {"id":506,"comp":1,"evap":{"in":27.3,"out":18.6,"fan":50},"cond":{"in":32.6,"out":45.6,"fan":100}}
2025/09/12 09:14:39Z TRACE [msg.payload] {"id":506,"hb":3778}
2025/09/12 09:14:39Z TRACE [msg.payload] {"id":506,"comp":1,"evap":{"in":27.9,"out":19,"fan":50},"cond":{"in":32.7,"out":45.6,"fan":100}}
2025/09/12 09:14:40Z TRACE [msg.payload] {"id":506,"hb":3779}
2025/09/12 09:14:40Z TRACE [msg.payload] {"id":506,"comp":1,"evap":{"in":27.5,"out":20.1,"fan":50},"cond":{"in":32.4,"out":45.3,"fan":100}}
2025/09/12 09:14:41Z TRACE [msg.payload] {"id":506,"hb":3780}
2025/09/12 09:14:41Z TRACE [msg.payload] {"id":506,"comp":1,"evap":{"in":27.4,"out":19,"fan":50},"cond":{"in":32.5,"out":45.4,"fan":100}}
2025/09/12 09:14:42Z TRACE [msg.payload] {"id":506,"hb":3781}
2025/09/12 09:14:42Z TRACE [msg.payload] {"id":506,"comp":1,"evap":{"in":27.3,"out":18.6,"fan":50},"cond":{"in":32.3,"out":45.6,"fan":100}}
2025/09/12 09:14:43Z TRACE [msg.payload] {"id":506,"hb":3782}
2025/09/12 09:14:43Z TRACE [msg.payload] {"id":506,"comp":1,"evap":{"in":27.5,"out":18.8,"fan":50},"cond":{"in":32.4,"out":45.6,"fan":100}}
2025/09/12 09:14:44Z TRACE [msg.payload] {"id":506,"hb":3783}
2025/09/12 09:14:44Z TRACE [msg.payload] {"id":506,"comp":1,"evap":{"in":27.6,"out":18.8,"fan":50},"cond":{"in":32.6,"out":45.5,"fan":100}}
2025/09/12 09:14:45Z TRACE [msg.payload] {"id":506,"hb":3784}
2025/09/12 09:14:45Z TRACE [msg.payload] {"id":506,"comp":1,"evap":{"in":27.8,"out":19,"fan":50},"cond":{"in":32.3,"out":45.4,"fan":100}}
2025/09/12 09:14:46Z TRACE [msg.payload] {"id":506,"hb":3785}
2025/09/12 09:14:46Z TRACE [msg.payload] {"id":506,"comp":1,"evap":{"in":27.5,"out":19.1,"fan":50},"cond":{"in":34.9,"out":45.6,"fan":100}}
2025/09/12 09:14:47Z TRACE [msg.payload] {"id":506,"hb":3786}
2025/09/12 09:14:47Z TRACE [msg.payload] {"id":506,"comp":1,"evap":{"in":27.6,"out":18.7,"fan":50},"cond":{"in":32.3,"out":45.6,"fan":100}}
2025/09/12 09:14:48Z TRACE [msg.payload] {"id":506,"hb":3787}
2025/09/12 09:14:48Z TRACE [msg.payload] {"id":506,"comp":1,"evap":{"in":27.5,"out":19,"fan":50},"cond":{"in":32.6,"out":45.7,"fan":100}}
2025/09/12 09:14:49Z TRACE [msg.payload] {"id":506,"hb":3788}
2025/09/12 09:14:49Z TRACE [msg.payload] {"id":506,"comp":1,"evap":{"in":27.7,"out":19.7,"fan":50},"cond":{"in":32.6,"out":45.6,"fan":100}}
2025/09/12 09:14:50Z TRACE [msg.payload] {"id":506,"hb":3789}
2025/09/12 09:14:50Z TRACE [msg.payload] {"id":506,"comp":1,"evap":{"in":27.6,"out":18.7,"fan":50},"cond":{"in":29.8,"out":45.5,"fan":100}}
2025/09/12 09:14:51Z TRACE [msg.payload] {"id":506,"hb":3790}
2025/09/12 09:14:51Z TRACE [msg.payload] {"id":506,"comp":1,"evap":{"in":27.3,"out":19,"fan":50},"cond":{"in":32.2,"out":45.4,"fan":100}}
2025/09/12 09:14:52Z TRACE [msg.payload] {"id":506,"hb":3791}
2025/09/12 09:14:52Z TRACE [msg.payload] {"id":506,"comp":1,"evap":{"in":27.3,"out":18.5,"fan":50},"cond":{"in":32.3,"out":45.3,"fan":100}}
2025/09/12 09:14:53Z TRACE [msg.payload] {"id":506,"hb":3792}
2025/09/12 09:14:53Z TRACE [msg.payload] {"id":506,"comp":1,"evap":{"in":27.2,"out":18.7,"fan":50},"cond":{"in":30.4,"out":45.7,"fan":100}}
2025/09/12 09:14:54Z TRACE [msg.payload] {"id":506,"hb":3793}
2025/09/12 09:14:54Z TRACE [msg.payload] {"id":506,"comp":1,"evap":{"in":27.7,"out":18.7,"fan":50},"cond":{"in":32.6,"out":45.8,"fan":100}}
2025/09/12 09:14:55Z TRACE [msg.payload] {"id":506,"hb":3794}
2025/09/12 09:14:55Z TRACE [msg.payload] {"id":506,"comp":1,"evap":{"in":27.5,"out":19,"fan":50},"cond":{"in":32.6,"out":45.5,"fan":100}}
2025/09/12 09:14:56Z TRACE [msg.payload] {"id":506,"hb":3795}
2025/09/12 09:14:56Z TRACE [msg.payload] {"id":506,"comp":1,"evap":{"in":27.5,"out":19,"fan":50},"cond":{"in":32.7,"out":45.5,"fan":100}}
2025/09/12 09:14:57Z TRACE [msg.payload] {"id":506,"hb":3796}
2025/09/12 09:14:57Z TRACE [msg.payload] {"id":506,"comp":1,"evap":{"in":27.4,"out":18.6,"fan":50},"cond":{"in":32.3,"out":45.4,"fan":100}}
2025/09/12 09:14:58Z TRACE [msg.payload] {"id":506,"hb":3797}
2025/09/12 09:14:58Z TRACE [msg.payload] {"id":506,"comp":1,"evap":{"in":27.3,"out":18.5,"fan":50},"cond":{"in":32.6,"out":44.8,"fan":100}}
2025/09/12 09:14:59Z TRACE [msg.payload] {"id":506,"hb":3798}
2025/09/12 09:14:59Z TRACE [msg.payload] {"id":506,"comp":1,"evap":{"in":27.6,"out":18.6,"fan":50},"cond":{"in":32.6,"out":45.6,"fan":100}}
2025/09/12 09:15:00Z TRACE [msg.payload] {"id":506,"hb":3799}
2025/09/12 09:15:00Z TRACE [msg.payload] {"id":506,"comp":1,"evap":{"in":27.4,"out":19,"fan":50},"cond":{"in":32.7,"out":45.6,"fan":100}}
2025/09/12 09:15:01Z TRACE [msg.payload] {"id":506,"hb":3800}
2025/09/12 09:15:01Z TRACE [msg.payload] {"id":506,"comp":1,"evap":{"in":27.7,"out":19.4,"fan":50},"cond":{"in":32.3,"out":45.5,"fan":100}}
2025/09/12 09:15:02Z TRACE [msg.payload] {"id":506,"hb":3801}
2025/09/12 09:15:02Z TRACE [msg.payload] {"id":506,"comp":1,"evap":{"in":27.5,"out":18.9,"fan":50},"cond":{"in":31.6,"out":45.5,"fan":100}}
2025/09/12 09:15:03Z TRACE [msg.payload] {"id":506,"hb":3802}
2025/09/12 09:15:03Z TRACE [msg.payload] {"id":506,"comp":1,"evap":{"in":27.3,"out":18.7,"fan":50},"cond":{"in":32.3,"out":45.6,"fan":100}}
2025/09/12 09:15:04Z TRACE [msg.payload] {"id":506,"hb":3803}
2025/09/12 09:15:04Z TRACE [msg.payload] {"id":506,"comp":1,"evap":{"in":27.6,"out":17.6,"fan":50},"cond":{"in":32.6,"out":45.8,"fan":100}}
2025/09/12 09:15:05Z TRACE [msg.payload] {"id":506,"hb":3804}
2025/09/12 09:15:05Z TRACE [msg.payload] {"id":506,"comp":1,"evap":{"in":27.7,"out":19.7,"fan":50},"cond":{"in":32.7,"out":45.6,"fan":100}}
2025/09/12 09:15:06Z TRACE [msg.payload] {"id":506,"hb":3805}
2025/09/12 09:15:06Z TRACE [msg.payload] {"id":506,"comp":1,"evap":{"in":27.6,"out":18.9,"fan":50},"cond":{"in":32.3,"out":45.6,"fan":100}}
2025/09/12 09:15:07Z TRACE [msg.payload] {"id":506,"hb":3806}
2025/09/12 09:15:07Z TRACE [msg.payload] {"id":506,"comp":1,"evap":{"in":27.3,"out":18.4,"fan":50},"cond":{"in":32.2,"out":45.6,"fan":100}}
2025/09/12 09:15:08Z TRACE [msg.payload] {"id":506,"hb":3807}
2025/09/12 09:15:08Z TRACE [msg.payload] {"id":506,"comp":1,"evap":{"in":27.2,"out":18.5,"fan":50},"cond":{"in":32.7,"out":45.7,"fan":100}}
2025/09/12 09:15:09Z TRACE [msg.payload] {"id":506,"hb":3808}
2025/09/12 09:15:09Z TRACE [msg.payload] {"id":506,"comp":1,"evap":{"in":27.7,"out":17.6,"fan":50},"cond":{"in":32.5,"out":45.6,"fan":100}}
2025/09/12 09:15:10Z TRACE [msg.payload] {"id":506,"hb":3809}
2025/09/12 09:15:10Z TRACE [msg.payload] {"id":506,"comp":1,"evap":{"in":27.7,"out":19,"fan":50},"cond":{"in":32.5,"out":45.6,"fan":100}}
2025/09/12 09:15:11Z TRACE [msg.payload] {"id":506,"hb":3810}
2025/09/12 09:15:11Z TRACE [msg.payload] {"id":506,"comp":1,"evap":{"in":29.2,"out":19,"fan":50},"cond":{"in":32.7,"out":45.5,"fan":100}}
2025/09/12 09:15:12Z TRACE [msg.payload] {"id":506,"hb":3811}
2025/09/12 09:15:12Z TRACE [msg.payload] {"id":506,"comp":1,"evap":{"in":27.3,"out":18.8,"fan":50},"cond":{"in":32.3,"out":44.2,"fan":100}}
2025/09/12 09:15:13Z TRACE [msg.payload] {"id":506,"hb":3812}
2025/09/12 09:15:13Z TRACE [msg.payload] {"id":506,"comp":1,"evap":{"in":27.2,"out":18.7,"fan":50},"cond":{"in":32.4,"out":45.6,"fan":100}}
2025/09/12 09:15:14Z TRACE [msg.payload] {"id":506,"hb":3813}
2025/09/12 09:15:14Z TRACE [msg.payload] {"id":506,"comp":1,"evap":{"in":29.8,"out":18.6,"fan":50},"cond":{"in":32.8,"out":44.7,"fan":100}}
2025/09/12 09:15:15Z TRACE [msg.payload] {"id":506,"hb":3814}
2025/09/12 09:15:15Z TRACE [msg.payload] {"id":506,"comp":1,"evap":{"in":27.6,"out":19,"fan":50},"cond":{"in":32.6,"out":45.5,"fan":100}}
2025/09/12 09:15:16Z TRACE [msg.payload] {"id":506,"hb":3815}
2025/09/12 09:15:16Z TRACE [msg.payload] {"id":506,"comp":1,"evap":{"in":27.6,"out":19,"fan":50},"cond":{"in":32.5,"out":45.6,"fan":100}}
2025/09/12 09:15:17Z TRACE [msg.payload] {"id":506,"hb":3816}
2025/09/12 09:15:17Z TRACE [msg.payload] {"id":506,"comp":1,"evap":{"in":27.5,"out":18.7,"fan":50},"cond":{"in":32.4,"out":45.6,"fan":100}}
2025/09/12 09:15:18Z TRACE [msg.payload] {"id":506,"hb":3817}
2025/09/12 09:15:18Z TRACE [msg.payload] {"id":506,"comp":1,"evap":{"in":27.4,"out":18.7,"fan":50},"cond":{"in":33.6,"out":45.7,"fan":100}}
2025/09/12 09:15:19Z TRACE [msg.payload] {"id":506,"hb":3818}
2025/09/12 09:15:19Z TRACE [msg.payload] {"id":506,"comp":1,"evap":{"in":27.5,"out":17.3,"fan":50},"cond":{"in":31.9,"out":45.7,"fan":100}}
2025/09/12 09:15:20Z TRACE [msg.payload] {"id":506,"hb":3819}
2025/09/12 09:15:20Z TRACE [msg.payload] {"id":506,"comp":1,"evap":{"in":27.7,"out":19.3,"fan":50},"cond":{"in":32.7,"out":45.7,"fan":100}}
2025/09/12 09:15:21Z TRACE [msg.payload] {"id":506,"hb":3820}
2025/09/12 09:15:21Z TRACE [msg.payload] {"id":506,"comp":1,"evap":{"in":27.6,"out":19.1,"fan":50},"cond":{"in":32.3,"out":45.6,"fan":100}}
2025/09/12 09:15:22Z TRACE [msg.payload] {"id":506,"hb":3821}
2025/09/12 09:15:22Z TRACE [msg.payload] {"id":506,"comp":1,"evap":{"in":27.6,"out":19,"fan":50},"cond":{"in":32.5,"out":45.4,"fan":100}}
2025/09/12 09:15:23Z TRACE [msg.payload] {"id":506,"hb":3822}
2025/09/12 09:15:23Z TRACE [msg.payload] {"id":506,"comp":1,"evap":{"in":27.3,"out":18.6,"fan":50},"cond":{"in":32.3,"out":45.5,"fan":100}}
2025/09/12 09:15:24Z TRACE [msg.payload] {"id":506,"hb":3823}
2025/09/12 09:15:24Z TRACE [msg.payload] {"id":506,"comp":1,"evap":{"in":27.9,"out":18.7,"fan":50},"cond":{"in":32.8,"out":45.8,"fan":100}}
2025/09/12 09:15:25Z TRACE [msg.payload] {"id":506,"hb":3824}
2025/09/12 09:15:25Z TRACE [msg.payload] {"id":506,"comp":1,"evap":{"in":27.5,"out":19,"fan":50},"cond":{"in":32.5,"out":45.6,"fan":100}}
2025/09/12 09:15:26Z TRACE [msg.payload] {"id":506,"hb":3825}
2025/09/12 09:15:26Z TRACE [msg.payload] {"id":506,"comp":1,"evap":{"in":27.6,"out":18.9,"fan":50},"cond":{"in":32.5,"out":45.6,"fan":100}}
2025/09/12 09:15:27Z TRACE [msg.payload] {"id":506,"hb":3826}
2025/09/12 09:15:27Z TRACE [msg.payload] {"id":506,"comp":1,"evap":{"in":27.5,"out":18.9,"fan":50},"cond":{"in":32.4,"out":45.6,"fan":100}}
2025/09/12 09:15:28Z TRACE [msg.payload] {"id":506,"hb":3827}
2025/09/12 09:15:28Z TRACE [msg.payload] {"id":506,"comp":1,"evap":{"in":27.3,"out":18.6,"fan":50},"cond":{"in":32.4,"out":45.5,"fan":100}}
2025/09/12 09:15:29Z TRACE [msg.payload] {"id":506,"hb":3828}
2025/09/12 09:15:29Z TRACE [msg.payload] {"id":506,"comp":1,"evap":{"in":27.7,"out":18.7,"fan":50},"cond":{"in":32.6,"out":45.8,"fan":100}}
2025/09/12 09:15:30Z TRACE [msg.payload] {"id":506,"hb":3829}
2025/09/12 09:15:30Z TRACE [msg.payload] {"id":506,"comp":1,"evap":{"in":27.6,"out":18.7,"fan":50},"cond":{"in":32.7,"out":45.8,"fan":100}}
2025/09/12 09:15:31Z TRACE [msg.payload] {"id":506,"hb":3830}
2025/09/12 09:15:31Z TRACE [msg.payload] {"id":506,"comp":1,"evap":{"in":27.5,"out":18.9,"fan":50},"cond":{"in":32.7,"out":45.6,"fan":100}}
2025/09/12 09:15:32Z TRACE [msg.payload] {"id":506,"hb":3831}
2025/09/12 09:15:32Z TRACE [msg.payload] {"id":506,"comp":1,"evap":{"in":27.5,"out":19,"fan":50},"cond":{"in":32.6,"out":45.6,"fan":100}}
2025/09/12 09:15:33Z TRACE [msg.payload] {"id":506,"hb":3832}
2025/09/12 09:15:34Z TRACE [msg.payload] {"id":506,"comp":1,"evap":{"in":27.3,"out":18.7,"fan":50},"cond":{"in":32.4,"out":45.6,"fan":100}}
2025/09/12 09:15:34Z TRACE [msg.payload] {"id":506,"hb":3833}
2025/09/12 09:15:35Z TRACE [msg.payload] {"id":506,"comp":1,"evap":{"in":27.3,"out":18.9,"fan":50},"cond":{"in":32.7,"out":46,"fan":100}}
2025/09/12 09:15:35Z TRACE [msg.payload] {"id":506,"hb":3834}
2025/09/12 09:15:36Z TRACE [msg.payload] {"id":506,"comp":1,"evap":{"in":27.5,"out":19,"fan":50},"cond":{"in":32.7,"out":46,"fan":100}}
2025/09/12 09:15:36Z TRACE [msg.payload] {"id":506,"hb":3835}
2025/09/12 09:15:37Z TRACE [msg.payload] {"id":506,"comp":1,"evap":{"in":27.6,"out":19,"fan":50},"cond":{"in":32.6,"out":45.6,"fan":100}}
2025/09/12 09:15:37Z TRACE [msg.payload] {"id":506,"hb":3836}
2025/09/12 09:15:38Z TRACE [msg.payload] {"id":506,"comp":1,"evap":{"in":27.4,"out":19,"fan":50},"cond":{"in":32.3,"out":45.6,"fan":100}}
2025/09/12 09:15:38Z TRACE [msg.payload] {"id":506,"hb":3837}
2025/09/12 09:15:39Z TRACE [msg.payload] {"id":506,"comp":1,"evap":{"in":27.4,"out":18.9,"fan":50},"cond":{"in":32.5,"out":45.8,"fan":100}}
2025/09/12 09:15:39Z TRACE [msg.payload] {"id":506,"hb":3838}
2025/09/12 09:15:40Z TRACE [msg.payload] {"id":506,"comp":1,"evap":{"in":27.5,"out":18.7,"fan":50},"cond":{"in":33.3,"out":45.9,"fan":100}}
2025/09/12 09:15:40Z TRACE [msg.payload] {"id":506,"hb":3839}
2025/09/12 09:15:41Z TRACE [msg.payload] {"id":506,"comp":1,"evap":{"in":27.7,"out":19.5,"fan":50},"cond":{"in":32.7,"out":45.8,"fan":100}}
2025/09/12 09:15:41Z TRACE [msg.payload] {"id":506,"hb":3840}
2025/09/12 09:15:42Z TRACE [msg.payload] {"id":506,"comp":1,"evap":{"in":27.5,"out":18.9,"fan":50},"cond":{"in":32.6,"out":45.6,"fan":100}}
2025/09/12 09:15:42Z TRACE [msg.payload] {"id":506,"hb":3841}
2025/09/12 09:15:43Z TRACE [msg.payload] {"id":506,"comp":1,"evap":{"in":27.4,"out":19,"fan":50},"cond":{"in":32.3,"out":45.6,"fan":100}}
2025/09/12 09:15:43Z TRACE [msg.payload] {"id":506,"hb":3842}
2025/09/12 09:15:44Z TRACE [msg.payload] {"id":506,"comp":1,"evap":{"in":27.6,"out":18.6,"fan":50},"cond":{"in":32.5,"out":46.1,"fan":100}}
2025/09/12 09:15:44Z TRACE [msg.payload] {"id":506,"hb":3843}
2025/09/12 09:15:45Z TRACE [msg.payload] {"id":506,"comp":1,"evap":{"in":27.3,"out":18.5,"fan":50},"cond":{"in":32.7,"out":46,"fan":100}}
2025/09/12 09:15:45Z TRACE [msg.payload] {"id":506,"hb":3844}
2025/09/12 09:15:46Z TRACE [msg.payload] {"id":506,"comp":1,"evap":{"in":27.5,"out":18.8,"fan":50},"cond":{"in":32.6,"out":45.8,"fan":100}}
2025/09/12 09:15:46Z TRACE [msg.payload] {"id":506,"hb":3845}
2025/09/12 09:15:47Z TRACE [msg.payload] {"id":506,"comp":1,"evap":{"in":27.6,"out":19,"fan":50},"cond":{"in":32.8,"out":45.6,"fan":100}}
2025/09/12 09:15:47Z TRACE [msg.payload] {"id":506,"hb":3846}
2025/09/12 09:15:48Z TRACE [msg.payload] {"id":506,"comp":1,"evap":{"in":27.3,"out":19,"fan":50},"cond":{"in":32.4,"out":44,"fan":100}}
2025/09/12 09:15:48Z TRACE [msg.payload] {"id":506,"hb":3847}
2025/09/12 09:15:49Z TRACE [msg.payload] {"id":506,"comp":1,"evap":{"in":27.3,"out":18.7,"fan":50},"cond":{"in":32.5,"out":45.5,"fan":100}}
2025/09/12 09:15:49Z TRACE [msg.payload] {"id":506,"hb":3848}
2025/09/12 09:15:50Z TRACE [msg.payload] {"id":506,"comp":1,"evap":{"in":30,"out":18.6,"fan":50},"cond":{"in":32.7,"out":45.9,"fan":100}}
2025/09/12 09:15:50Z TRACE [msg.payload] {"id":506,"hb":3849}
2025/09/12 09:15:51Z TRACE [msg.payload] {"id":506,"comp":1,"evap":{"in":28,"out":18.8,"fan":50},"cond":{"in":32.6,"out":46,"fan":100}}
2025/09/12 09:15:51Z TRACE [msg.payload] {"id":506,"hb":3850}
2025/09/12 09:15:52Z TRACE [msg.payload] {"id":506,"comp":1,"evap":{"in":27.7,"out":18.9,"fan":50},"cond":{"in":32.6,"out":45.6,"fan":100}}
2025/09/12 09:15:52Z TRACE [msg.payload] {"id":506,"hb":3851}
2025/09/12 09:15:53Z TRACE [msg.payload] {"id":506,"comp":1,"evap":{"in":27.5,"out":19,"fan":50},"cond":{"in":32.8,"out":45.5,"fan":100}}
2025/09/12 09:15:53Z TRACE [msg.payload] {"id":506,"hb":3852}
2025/09/12 09:15:54Z TRACE [msg.payload] {"id":506,"comp":1,"evap":{"in":27.3,"out":19,"fan":50},"cond":{"in":32.4,"out":45.7,"fan":100}}
2025/09/12 09:15:54Z TRACE [msg.payload] {"id":506,"hb":3853}
2025/09/12 09:15:55Z TRACE [msg.payload] {"id":506,"comp":1,"evap":{"in":27.2,"out":18.9,"fan":50},"cond":{"in":33.5,"out":45.8,"fan":100}}
2025/09/12 09:15:55Z TRACE [msg.payload] {"id":506,"hb":3854}
2025/09/12 09:15:56Z TRACE [msg.payload] {"id":506,"comp":1,"evap":{"in":27.7,"out":19,"fan":50},"cond":{"in":32.5,"out":45.8,"fan":100}}
2025/09/12 09:15:56Z TRACE [msg.payload] {"id":506,"hb":3855}
2025/09/12 09:15:57Z TRACE [msg.payload] {"id":506,"comp":1,"evap":{"in":27.6,"out":19,"fan":50},"cond":{"in":32.6,"out":45.6,"fan":100}}
2025/09/12 09:15:57Z TRACE [msg.payload] {"id":506,"hb":3856}
2025/09/12 09:15:58Z TRACE [msg.payload] {"id":506,"comp":1,"evap":{"in":27.6,"out":18.9,"fan":50},"cond":{"in":32.4,"out":45.7,"fan":100}}
2025/09/12 09:15:58Z TRACE [msg.payload] {"id":506,"hb":3857}
2025/09/12 09:15:59Z TRACE [msg.payload] {"id":506,"comp":1,"evap":{"in":27.5,"out":18.5,"fan":50},"cond":{"in":32.3,"out":45.7,"fan":100}}
2025/09/12 09:15:59Z TRACE [msg.payload] {"id":506,"hb":3858}
2025/09/12 09:16:00Z TRACE [msg.payload] {"id":506,"comp":1,"evap":{"in":27.8,"out":18.8,"fan":50},"cond":{"in":32.3,"out":45.9,"fan":100}}
2025/09/12 09:16:00Z TRACE [msg.payload] {"id":506,"hb":3859}
2025/09/12 09:16:01Z TRACE [msg.payload] {"id":506,"comp":1,"evap":{"in":27.2,"out":18.6,"fan":50},"cond":{"in":32.8,"out":45.8,"fan":100}}
2025/09/12 09:16:01Z TRACE [msg.payload] {"id":506,"hb":3860}
2025/09/12 09:16:02Z TRACE [msg.payload] {"id":506,"comp":1,"evap":{"in":27.8,"out":19,"fan":50},"cond":{"in":32.9,"out":45.6,"fan":100}}
2025/09/12 09:16:02Z TRACE [msg.payload] {"id":506,"hb":3861}
2025/09/12 09:16:03Z TRACE [msg.payload] {"id":506,"comp":1,"evap":{"in":27.6,"out":19.1,"fan":50},"cond":{"in":32.2,"out":45.7,"fan":100}}
2025/09/12 09:16:03Z TRACE [msg.payload] {"id":506,"hb":3862}
2025/09/12 09:16:04Z TRACE [msg.payload] {"id":506,"comp":1,"evap":{"in":27.5,"out":18.8,"fan":50},"cond":{"in":32.7,"out":45.9,"fan":100}}
2025/09/12 09:16:04Z TRACE [msg.payload] {"id":506,"hb":3863}
2025/09/12 09:16:05Z TRACE [msg.payload] {"id":506,"comp":1,"evap":{"in":27.4,"out":18.6,"fan":50},"cond":{"in":32.4,"out":45.2,"fan":100}}
2025/09/12 09:16:05Z TRACE [msg.payload] {"id":506,"hb":3864}
2025/09/12 09:16:06Z TRACE [msg.payload] {"id":506,"comp":1,"evap":{"in":27.8,"out":19.1,"fan":50},"cond":{"in":32.9,"out":46,"fan":100}}
2025/09/12 09:16:06Z TRACE [msg.payload] {"id":506,"hb":3865}
2025/09/12 09:16:07Z TRACE [msg.payload] {"id":506,"comp":1,"evap":{"in":27.5,"out":18.9,"fan":50},"cond":{"in":32.6,"out":45.8,"fan":100}}
2025/09/12 09:16:07Z TRACE [msg.payload] {"id":506,"hb":3866}
2025/09/12 09:16:08Z TRACE [msg.payload] {"id":506,"comp":1,"evap":{"in":27.6,"out":19,"fan":50},"cond":{"in":32.3,"out":45.7,"fan":100}}
2025/09/12 09:16:08Z TRACE [msg.payload] {"id":506,"hb":3867}
2025/09/12 09:16:09Z TRACE [msg.payload] {"id":506,"comp":1,"evap":{"in":27.2,"out":19,"fan":50},"cond":{"in":32.6,"out":45.4,"fan":100}}
2025/09/12 09:16:09Z TRACE [msg.payload] {"id":506,"hb":3868}
2025/09/12 09:16:10Z TRACE [msg.payload] {"id":506,"comp":1,"evap":{"in":27.5,"out":18.6,"fan":50},"cond":{"in":32.6,"out":45.9,"fan":100}}
2025/09/12 09:16:10Z TRACE [msg.payload] {"id":506,"hb":3869}
2025/09/12 09:16:11Z TRACE [msg.payload] {"id":506,"comp":1,"evap":{"in":27.4,"out":18.8,"fan":50},"cond":{"in":32.7,"out":48.1,"fan":100}}
2025/09/12 09:16:11Z TRACE [msg.payload] {"id":506,"hb":3870}
2025/09/12 09:16:12Z TRACE [msg.payload] {"id":506,"comp":1,"evap":{"in":27.6,"out":19,"fan":50},"cond":{"in":32.8,"out":45.8,"fan":100}}
2025/09/12 09:16:12Z TRACE [msg.payload] {"id":506,"hb":3871}
2025/09/12 09:16:13Z TRACE [msg.payload] {"id":506,"comp":1,"evap":{"in":27.5,"out":19,"fan":50},"cond":{"in":32.4,"out":45.6,"fan":100}}
2025/09/12 09:16:13Z TRACE [msg.payload] {"id":506,"hb":3872}
2025/09/12 09:16:14Z TRACE [msg.payload] {"id":506,"comp":1,"evap":{"in":27.3,"out":18.9,"fan":50},"cond":{"in":32.4,"out":45.7,"fan":100}}
2025/09/12 09:16:14Z TRACE [msg.payload] {"id":506,"hb":3873}
2025/09/12 09:16:15Z TRACE [msg.payload] {"id":506,"comp":1,"evap":{"in":27.4,"out":19.2,"fan":50},"cond":{"in":32.4,"out":45.7,"fan":100}}
2025/09/12 09:16:15Z TRACE [msg.payload] {"id":506,"hb":3874}
2025/09/12 09:16:16Z TRACE [msg.payload] {"id":506,"comp":1,"evap":{"in":27.9,"out":18.7,"fan":50},"cond":{"in":32.7,"out":46,"fan":100}}
2025/09/12 09:16:16Z TRACE [msg.payload] {"id":506,"hb":3875}
2025/09/12 09:16:17Z TRACE [msg.payload] {"id":506,"comp":1,"evap":{"in":27.6,"out":19.3,"fan":50},"cond":{"in":32.5,"out":45.9,"fan":100}}
2025/09/12 09:16:17Z TRACE [msg.payload] {"id":506,"hb":3876}
2025/09/12 09:16:18Z TRACE [msg.payload] {"id":506,"comp":1,"evap":{"in":27.6,"out":17.7,"fan":50},"cond":{"in":32.8,"out":45.7,"fan":100}}
2025/09/12 09:16:18Z TRACE [msg.payload] {"id":506,"hb":3877}
2025/09/12 09:16:19Z TRACE [msg.payload] {"id":506,"comp":1,"evap":{"in":27.3,"out":18.9,"fan":50},"cond":{"in":32.5,"out":45.6,"fan":100}}
2025/09/12 09:16:19Z TRACE [msg.payload] {"id":506,"hb":3878}
2025/09/12 09:16:20Z TRACE [msg.payload] {"id":506,"comp":1,"evap":{"in":27.4,"out":18.6,"fan":50},"cond":{"in":32.5,"out":45.9,"fan":100}}
2025/09/12 09:16:20Z TRACE [msg.payload] {"id":506,"hb":3879}
2025/09/12 09:16:21Z TRACE [msg.payload] {"id":506,"comp":1,"evap":{"in":27.6,"out":19,"fan":50},"cond":{"in":32.8,"out":45.8,"fan":100}}
2025/09/12 09:16:21Z TRACE [msg.payload] {"id":506,"hb":3880}
2025/09/12 09:16:22Z TRACE [msg.payload] {"id":506,"comp":1,"evap":{"in":27.5,"out":19,"fan":50},"cond":{"in":32.9,"out":45.8,"fan":100}}
2025/09/12 09:16:22Z TRACE [msg.payload] {"id":506,"hb":3881}
2025/09/12 09:16:23Z TRACE [msg.payload] {"id":506,"comp":1,"evap":{"in":27.8,"out":19,"fan":50},"cond":{"in":32.5,"out":45.8,"fan":100}}
2025/09/12 09:16:23Z TRACE [msg.payload] {"id":506,"hb":3882}
2025/09/12 09:16:24Z TRACE [msg.payload] {"id":506,"comp":1,"evap":{"in":27.2,"out":19,"fan":50},"cond":{"in":32.4,"out":45.7,"fan":100}}
2025/09/12 09:16:24Z TRACE [msg.payload] {"id":506,"hb":3883}
2025/09/12 09:16:25Z TRACE [msg.payload] {"id":506,"comp":1,"evap":{"in":27.3,"out":19,"fan":50},"cond":{"in":32.9,"out":45.7,"fan":100}}
2025/09/12 09:16:25Z TRACE [msg.payload] {"id":506,"hb":3884}
2025/09/12 09:16:26Z TRACE [msg.payload] {"id":506,"comp":1,"evap":{"in":27.7,"out":18.5,"fan":50},"cond":{"in":32.7,"out":46,"fan":100}}
2025/09/12 09:16:26Z TRACE [msg.payload] {"id":506,"hb":3885}
2025/09/12 09:16:27Z TRACE [msg.payload] {"id":506,"comp":1,"evap":{"in":27.7,"out":18.6,"fan":50},"cond":{"in":32.8,"out":45.9,"fan":100}}
2025/09/12 09:16:27Z TRACE [msg.payload] {"id":506,"hb":3886}
2025/09/12 09:16:28Z TRACE [msg.payload] {"id":506,"comp":1,"evap":{"in":27.5,"out":18.9,"fan":50},"cond":{"in":32.7,"out":45.6,"fan":100}}
2025/09/12 09:16:28Z TRACE [msg.payload] {"id":506,"hb":3887}
2025/09/12 09:16:29Z TRACE [msg.payload] {"id":506,"comp":1,"evap":{"in":27.6,"out":19,"fan":50},"cond":{"in":32.4,"out":45.7,"fan":100}}
2025/09/12 09:16:29Z TRACE [msg.payload] {"id":506,"hb":3888}
2025/09/12 09:16:30Z TRACE [msg.payload] {"id":506,"comp":1,"evap":{"in":27.3,"out":18.6,"fan":50},"cond":{"in":32.5,"out":45.8,"fan":100}}
2025/09/12 09:16:30Z TRACE [msg.payload] {"id":506,"hb":3889}
2025/09/12 09:16:31Z TRACE [msg.payload] {"id":506,"comp":1,"evap":{"in":27.4,"out":18.7,"fan":50},"cond":{"in":32.9,"out":46,"fan":100}}
2025/09/12 09:16:31Z TRACE [msg.payload] {"id":506,"hb":3890}
2025/09/12 09:16:32Z TRACE [msg.payload] {"id":506,"comp":1,"evap":{"in":27.6,"out":19,"fan":50},"cond":{"in":32.9,"out":45.7,"fan":100}}
2025/09/12 09:16:32Z TRACE [msg.payload] {"id":506,"hb":3891}
2025/09/12 09:16:33Z TRACE [msg.payload] {"id":506,"comp":1,"evap":{"in":27.5,"out":19,"fan":50},"cond":{"in":32.6,"out":45.1,"fan":100}}
2025/09/12 09:16:33Z TRACE [msg.payload] {"id":506,"hb":3892}
2025/09/12 09:16:34Z TRACE [msg.payload] {"id":506,"comp":1,"evap":{"in":27.3,"out":19,"fan":50},"cond":{"in":32.5,"out":45.3,"fan":100}}
2025/09/12 09:16:34Z TRACE [msg.payload] {"id":506,"hb":3893}
2025/09/12 09:16:35Z TRACE [msg.payload] {"id":506,"comp":1,"evap":{"in":27.3,"out":19,"fan":50},"cond":{"in":32.4,"out":45.8,"fan":100}}
2025/09/12 09:16:35Z TRACE [msg.payload] {"id":506,"hb":3894}
2025/09/12 09:16:36Z TRACE [msg.payload] {"id":506,"comp":1,"evap":{"in":27.7,"out":18.6,"fan":50},"cond":{"in":32.6,"out":45.8,"fan":100}}
2025/09/12 09:16:36Z TRACE [msg.payload] {"id":506,"hb":3895}
2025/09/12 09:16:37Z TRACE [msg.payload] {"id":506,"comp":1,"evap":{"in":27.7,"out":18.7,"fan":50},"cond":{"in":32.9,"out":45.8,"fan":100}}
2025/09/12 09:16:37Z TRACE [msg.payload] {"id":506,"hb":3896}
2025/09/12 09:16:38Z TRACE [msg.payload] {"id":506,"comp":1,"evap":{"in":27.5,"out":19,"fan":50},"cond":{"in":32.8,"out":45.7,"fan":100}}
2025/09/12 09:16:38Z TRACE [msg.payload] {"id":506,"hb":3897}
2025/09/12 09:16:39Z TRACE [msg.payload] {"id":506,"comp":1,"evap":{"in":27.7,"out":19.2,"fan":50},"cond":{"in":32.7,"out":45.6,"fan":100}}
2025/09/12 09:16:39Z TRACE [msg.payload] {"id":506,"hb":3898}
2025/09/12 09:16:40Z TRACE [msg.payload] {"id":506,"comp":1,"evap":{"in":27.3,"out":18.7,"fan":50},"cond":{"in":32.4,"out":46,"fan":100}}
2025/09/12 09:16:40Z TRACE [msg.payload] {"id":506,"hb":3899}
2025/09/12 09:16:41Z TRACE [msg.payload] {"id":506,"comp":1,"evap":{"in":27.3,"out":18.6,"fan":50},"cond":{"in":32.7,"out":45.8,"fan":100}}
2025/09/12 09:16:41Z TRACE [msg.payload] {"id":506,"hb":3900}
2025/09/12 09:16:42Z TRACE [msg.payload] {"id":506,"comp":1,"evap":{"in":27.4,"out":18.9,"fan":50},"cond":{"in":32.7,"out":45.8,"fan":100}}
2025/09/12 09:16:42Z TRACE [msg.payload] {"id":506,"hb":3901}
2025/09/12 09:16:43Z TRACE [msg.payload] {"id":506,"comp":1,"evap":{"in":27.6,"out":19.1,"fan":50},"cond":{"in":32.8,"out":45.7,"fan":100}}
2025/09/12 09:16:43Z TRACE [msg.payload] {"id":506,"hb":3902}
2025/09/12 09:16:44Z TRACE [msg.payload] {"id":506,"comp":1,"evap":{"in":27.7,"out":19.1,"fan":50},"cond":{"in":32.6,"out":45.8,"fan":100}}
2025/09/12 09:16:44Z TRACE [msg.payload] {"id":506,"hb":3903}
2025/09/12 09:16:45Z TRACE [msg.payload] {"id":506,"comp":1,"evap":{"in":27.5,"out":18.8,"fan":50},"cond":{"in":32.6,"out":45.8,"fan":100}}
2025/09/12 09:16:45Z TRACE [msg.payload] {"id":506,"hb":3904}
2025/09/12 09:16:46Z TRACE [msg.payload] {"id":506,"comp":1,"evap":{"in":27.2,"out":18.7,"fan":50},"cond":{"in":32.9,"out":46,"fan":100}}
2025/09/12 09:16:46Z TRACE [msg.payload] {"id":506,"hb":3905}
2025/09/12 09:16:47Z TRACE [msg.payload] {"id":506,"comp":1,"evap":{"in":27.7,"out":18.4,"fan":50},"cond":{"in":32.9,"out":45.9,"fan":100}}
2025/09/12 09:16:47Z TRACE [msg.payload] {"id":506,"hb":3906}
2025/09/12 09:16:48Z TRACE [msg.payload] {"id":506,"comp":1,"evap":{"in":27.7,"out":19.1,"fan":50},"cond":{"in":32.8,"out":46.1,"fan":100}}
2025/09/12 09:16:48Z TRACE [msg.payload] {"id":506,"hb":3907}
2025/09/12 09:16:49Z TRACE [msg.payload] {"id":506,"comp":1,"evap":{"in":27.3,"out":18.9,"fan":50},"cond":{"in":32.5,"out":45.6,"fan":100}}
2025/09/12 09:16:49Z TRACE [msg.payload] {"id":506,"hb":3908}
2025/09/12 09:16:50Z TRACE [msg.payload] {"id":506,"comp":1,"evap":{"in":27.2,"out":18.8,"fan":50},"cond":{"in":32.5,"out":45.7,"fan":100}}
2025/09/12 09:16:50Z TRACE [msg.payload] {"id":506,"hb":3909}
2025/09/12 09:16:51Z TRACE [msg.payload] {"id":506,"comp":1,"evap":{"in":27.4,"out":18.6,"fan":50},"cond":{"in":32.9,"out":46,"fan":100}}
2025/09/12 09:16:51Z TRACE [msg.payload] {"id":506,"hb":3910}
2025/09/12 09:16:52Z TRACE [msg.payload] {"id":506,"comp":1,"evap":{"in":27.3,"out":17.2,"fan":50},"cond":{"in":32.8,"out":46.1,"fan":100}}
2025/09/12 09:16:52Z TRACE [msg.payload] {"id":506,"hb":3911}
2025/09/12 09:16:53Z TRACE [msg.payload] {"id":506,"comp":1,"evap":{"in":27.7,"out":19.1,"fan":50},"cond":{"in":32.7,"out":45.8,"fan":100}}
2025/09/12 09:16:53Z TRACE [msg.payload] {"id":506,"hb":3912}
2025/09/12 09:16:54Z TRACE [msg.payload] {"id":506,"comp":1,"evap":{"in":27.5,"out":19,"fan":50},"cond":{"in":32.9,"out":45.2,"fan":100}}
2025/09/12 09:16:54Z TRACE [msg.payload] {"id":506,"hb":3913}
2025/09/12 09:16:55Z TRACE [msg.payload] {"id":506,"comp":1,"evap":{"in":27.3,"out":18.7,"fan":50},"cond":{"in":32.4,"out":45.9,"fan":100}}
2025/09/12 09:16:55Z TRACE [msg.payload] {"id":506,"hb":3914}
2025/09/12 09:16:56Z TRACE [msg.payload] {"id":506,"comp":1,"evap":{"in":27.5,"out":18.7,"fan":50},"cond":{"in":32.6,"out":46,"fan":100}}
2025/09/12 09:16:56Z TRACE [msg.payload] {"id":506,"hb":3915}
2025/09/12 09:16:57Z TRACE [msg.payload] {"id":506,"comp":1,"evap":{"in":27.9,"out":19,"fan":50},"cond":{"in":32.9,"out":46.1,"fan":100}}
2025/09/12 09:16:57Z TRACE [msg.payload] {"id":506,"hb":3916}
2025/09/12 09:16:58Z TRACE [msg.payload] {"id":506,"comp":1,"evap":{"in":27.5,"out":19.1,"fan":50},"cond":{"in":32.9,"out":45.5,"fan":100}}
2025/09/12 09:16:58Z TRACE [msg.payload] {"id":506,"hb":3917}
2025/09/12 09:16:59Z TRACE [msg.payload] {"id":506,"comp":1,"evap":{"in":27.7,"out":19,"fan":50},"cond":{"in":32.7,"out":46.3,"fan":100}}
2025/09/12 09:16:59Z TRACE [msg.payload] {"id":506,"hb":3918}
2025/09/12 09:17:00Z TRACE [msg.payload] {"id":506,"comp":1,"evap":{"in":27.3,"out":18.8,"fan":50},"cond":{"in":32.2,"out":45.7,"fan":100}}
2025/09/12 09:17:00Z TRACE [msg.payload] {"id":506,"hb":3919}
2025/09/12 09:17:01Z TRACE [msg.payload] {"id":506,"comp":1,"evap":{"in":27.3,"out":18.5,"fan":50},"cond":{"in":32.8,"out":46.1,"fan":100}}
2025/09/12 09:17:01Z TRACE [msg.payload] {"id":506,"hb":3920}
2025/09/12 09:17:02Z TRACE [msg.payload] {"id":506,"comp":1,"evap":{"in":27.5,"out":18.7,"fan":50},"cond":{"in":32.9,"out":46,"fan":100}}
2025/09/12 09:17:02Z TRACE [msg.payload] {"id":506,"hb":3921}
2025/09/12 09:17:03Z TRACE [msg.payload] {"id":506,"comp":1,"evap":{"in":27.5,"out":18.9,"fan":50},"cond":{"in":32.8,"out":45.8,"fan":100}}
2025/09/12 09:17:03Z TRACE [msg.payload] {"id":506,"hb":3922}
2025/09/12 09:17:04Z TRACE [msg.payload] {"id":506,"comp":1,"evap":{"in":27.3,"out":18.7,"fan":50},"cond":{"in":32.5,"out":46,"fan":100}}
2025/09/12 09:17:04Z TRACE [msg.payload] {"id":506,"hb":3923}
2025/09/12 09:17:05Z TRACE [msg.payload] {"id":506,"comp":1,"evap":{"in":27.3,"out":19,"fan":50},"cond":{"in":32.4,"out":46,"fan":100}}
2025/09/12 09:17:05Z TRACE [msg.payload] {"id":506,"hb":3924}
2025/09/12 09:17:06Z TRACE [msg.payload] {"id":506,"comp":1,"evap":{"in":27.3,"out":18.8,"fan":50},"cond":{"in":32.6,"out":46.1,"fan":100}}
2025/09/12 09:17:06Z TRACE [msg.payload] {"id":506,"hb":3925}
2025/09/12 09:17:07Z TRACE [msg.payload] {"id":506,"comp":1,"evap":{"in":27.7,"out":18.9,"fan":50},"cond":{"in":32.8,"out":45.9,"fan":100}}
2025/09/12 09:17:07Z TRACE [msg.payload] {"id":506,"hb":3926}
2025/09/12 09:17:08Z TRACE [msg.payload] {"id":506,"comp":1,"evap":{"in":27.8,"out":19.1,"fan":50},"cond":{"in":32.7,"out":46.1,"fan":100}}
2025/09/12 09:17:08Z TRACE [msg.payload] {"id":506,"hb":3927}
2025/09/12 09:17:09Z TRACE [msg.payload] {"id":506,"comp":1,"evap":{"in":27.7,"out":19,"fan":50},"cond":{"in":32.5,"out":45.8,"fan":100}}
2025/09/12 09:17:09Z TRACE [msg.payload] {"id":506,"hb":3928}
2025/09/12 09:17:10Z TRACE [msg.payload] {"id":506,"comp":1,"evap":{"in":27.3,"out":19,"fan":50},"cond":{"in":32.6,"out":45.6,"fan":100}}
2025/09/12 09:17:10Z TRACE [msg.payload] {"id":506,"hb":3929}
2025/09/12 09:17:11Z TRACE [msg.payload] {"id":506,"comp":1,"evap":{"in":27.5,"out":18.7,"fan":50},"cond":{"in":32.8,"out":46.1,"fan":100}}
2025/09/12 09:17:11Z TRACE [msg.payload] {"id":506,"hb":3930}
2025/09/12 09:17:12Z TRACE [msg.payload] {"id":506,"comp":1,"evap":{"in":27.3,"out":17.9,"fan":50},"cond":{"in":32.5,"out":46.2,"fan":100}}
2025/09/12 09:17:12Z TRACE [msg.payload] {"id":506,"hb":3931}
2025/09/12 09:17:13Z TRACE [msg.payload] {"id":506,"comp":1,"evap":{"in":27.8,"out":19.1,"fan":50},"cond":{"in":32.8,"out":46,"fan":100}}
2025/09/12 09:17:13Z TRACE [msg.payload] {"id":506,"hb":3932}
2025/09/12 09:17:14Z TRACE [msg.payload] {"id":506,"comp":1,"evap":{"in":27.6,"out":19.1,"fan":50},"cond":{"in":32.7,"out":47,"fan":100}}
2025/09/12 09:17:14Z TRACE [msg.payload] {"id":506,"hb":3933}
2025/09/12 09:17:15Z TRACE [msg.payload] {"id":506,"comp":1,"evap":{"in":27.5,"out":19,"fan":50},"cond":{"in":32.6,"out":45.8,"fan":100}}
2025/09/12 09:17:15Z TRACE [msg.payload] {"id":506,"hb":3934}
2025/09/12 09:17:16Z TRACE [msg.payload] {"id":506,"comp":1,"evap":{"in":27.4,"out":19,"fan":50},"cond":{"in":32.5,"out":45.7,"fan":100}}
2025/09/12 09:17:16Z TRACE [msg.payload] {"id":506,"hb":3935}
2025/09/12 09:17:17Z TRACE [msg.payload] {"id":506,"comp":1,"evap":{"in":28,"out":18.9,"fan":50},"cond":{"in":32.9,"out":46.2,"fan":100}}
2025/09/12 09:17:17Z TRACE [msg.payload] {"id":506,"hb":3936}
2025/09/12 09:17:18Z TRACE [msg.payload] {"id":506,"comp":1,"evap":{"in":27.8,"out":18.9,"fan":50},"cond":{"in":32.8,"out":46,"fan":100}}
2025/09/12 09:17:18Z TRACE [msg.payload] {"id":506,"hb":3937}
2025/09/12 09:17:19Z TRACE [msg.payload] {"id":506,"comp":1,"evap":{"in":27.5,"out":19,"fan":50},"cond":{"in":32.5,"out":45.6,"fan":100}}
2025/09/12 09:17:19Z TRACE [msg.payload] {"id":506,"hb":3938}
2025/09/12 09:17:20Z TRACE [msg.payload] {"id":506,"comp":1,"evap":{"in":27.9,"out":19.1,"fan":50},"cond":{"in":32.5,"out":45.9,"fan":100}}
2025/09/12 09:17:20Z TRACE [msg.payload] {"id":506,"hb":3939}
2025/09/12 09:17:21Z TRACE [msg.payload] {"id":506,"comp":1,"evap":{"in":27.6,"out":18.6,"fan":50},"cond":{"in":32.5,"out":46.2,"fan":100}}
2025/09/12 09:17:21Z TRACE [msg.payload] {"id":506,"hb":3940}
2025/09/12 09:17:22Z TRACE [msg.payload] {"id":506,"comp":1,"evap":{"in":27.3,"out":18.9,"fan":50},"cond":{"in":33,"out":46.1,"fan":100}}
2025/09/12 09:17:22Z TRACE [msg.payload] {"id":506,"hb":3941}
2025/09/12 09:17:23Z TRACE [msg.payload] {"id":506,"comp":1,"evap":{"in":27.6,"out":19.1,"fan":50},"cond":{"in":32.8,"out":46,"fan":100}}
2025/09/12 09:17:23Z TRACE [msg.payload] {"id":506,"hb":3942}
2025/09/12 09:17:24Z TRACE [msg.payload] {"id":506,"comp":1,"evap":{"in":27.6,"out":18.9,"fan":50},"cond":{"in":32.7,"out":46,"fan":100}}
2025/09/12 09:17:24Z TRACE [msg.payload] {"id":506,"hb":3943}
2025/09/12 09:17:25Z TRACE [msg.payload] {"id":506,"comp":1,"evap":{"in":27.4,"out":19.1,"fan":50},"cond":{"in":32.6,"out":45.8,"fan":100}}
2025/09/12 09:17:25Z TRACE [msg.payload] {"id":506,"hb":3944}
